date,open,high,low,close,volume
1980-12-12,0.128,0.129,0.128,0.128,469033600
1980-12-15,0.122,0.122,0.122,0.122,175884800
1980-12-16,0.113,0.113,0.113,0.113,105728000
1980-12-17,0.116,0.116,0.116,0.116,86441600
1980-12-18,0.119,0.119,0.119,0.119,73449600
1980-12-19,0.126,0.127,0.126,0.126,48630400
1980-12-22,0.132,0.133,0.132,0.132,37363200
1980-12-23,0.138,0.138,0.138,0.138,46950400
1980-12-24,0.145,0.146,0.145,0.145,48003200
1980-12-26,0.158,0.159,0.158,0.158,55574400
1980-12-29,0.161,0.161,0.161,0.161,93161600
1980-12-30,0.157,0.157,0.157,0.157,68880000
1980-12-31,0.153,0.153,0.152,0.152,35750400
1981-01-02,0.154,0.155,0.154,0.154,21660800
1981-01-05,0.151,0.151,0.151,0.151,35728000
1981-01-06,0.145,0.145,0.144,0.144,45158400
1981-01-07,0.138,0.138,0.138,0.138,55686400
1981-01-08,0.136,0.136,0.135,0.135,39827200
1981-01-09,0.142,0.143,0.142,0.142,21504000
1981-01-12,0.142,0.142,0.141,0.141,23699200
1981-01-13,0.137,0.137,0.136,0.136,23049600
1981-01-14,0.137,0.137,0.137,0.137,14291200
1981-01-15,0.14,0.141,0.14,0.14,14067200
1981-01-16,0.139,0.139,0.138,0.138,13395200
1981-01-19,0.147,0.147,0.147,0.147,41574400
1981-01-20,0.143,0.143,0.142,0.142,30083200
1981-01-21,0.145,0.146,0.145,0.145,15904000
1981-01-22,0.147,0.148,0.147,0.147,35548800
1981-01-23,0.147,0.147,0.146,0.146,11222400
1981-01-26,0.145,0.145,0.144,0.144,24640000
1981-01-27,0.144,0.144,0.143,0.143,23699200
1981-01-28,0.139,0.139,0.138,0.138,28156800
1981-01-29,0.134,0.134,0.133,0.133,43904000
1981-01-30,0.127,0.127,0.126,0.126,46188800
1981-02-02,0.119,0.119,0.119,0.119,23766400
1981-02-03,0.123,0.124,0.123,0.123,19152000
1981-02-04,0.128,0.128,0.128,0.128,27865600
1981-02-05,0.128,0.129,0.128,0.128,7929600
1981-02-06,0.128,0.129,0.128,0.128,13865600
1981-02-09,0.123,0.123,0.122,0.122,16755200
1981-02-10,0.122,0.122,0.122,0.122,18345600
1981-02-11,0.118,0.118,0.118,0.118,13843200
1981-02-12,0.117,0.117,0.117,0.117,14560000
1981-02-13,0.115,0.115,0.114,0.114,11155200
1981-02-17,0.117,0.117,0.117,0.117,12275200
1981-02-18,0.122,0.123,0.122,0.122,19241600
1981-02-19,0.115,0.115,0.114,0.114,22310400
1981-02-20,0.109,0.109,0.108,0.108,24371200
1981-02-23,0.11,0.11,0.11,0.11,14112000
1981-02-24,0.107,0.107,0.106,0.106,16979200
1981-02-25,0.113,0.113,0.113,0.113,19488000
1981-02-26,0.114,0.115,0.114,0.114,10841600
1981-02-27,0.118,0.119,0.118,0.118,14761600
1981-03-02,0.119,0.119,0.119,0.119,11760000
1981-03-03,0.118,0.118,0.117,0.117,16172800
1981-03-04,0.117,0.117,0.116,0.116,13708800
1981-03-05,0.116,0.116,0.116,0.116,5376000
1981-03-06,0.116,0.116,0.114,0.114,11603200
1981-03-09,0.106,0.106,0.105,0.105,15321600
1981-03-10,0.101,0.101,0.1,0.1,28380800
1981-03-11,0.098,0.098,0.097,0.097,29859200
1981-03-12,0.1,0.101,0.1,0.1,59248000
1981-03-13,0.1,0.1,0.099,0.099,231302400
1981-03-16,0.103,0.104,0.103,0.103,37228800
1981-03-17,0.108,0.109,0.108,0.108,43747200
1981-03-18,0.115,0.116,0.115,0.115,36937600
1981-03-19,0.114,0.114,0.114,0.114,37811200
1981-03-20,0.115,0.116,0.115,0.115,14604800
1981-03-23,0.119,0.121,0.119,0.119,22019200
1981-03-24,0.119,0.119,0.119,0.119,28156800
1981-03-25,0.118,0.118,0.117,0.117,7056000
1981-03-26,0.115,0.115,0.114,0.114,12275200
1981-03-27,0.111,0.111,0.11,0.11,12252800
1981-03-30,0.11,0.112,0.11,0.11,9900800
1981-03-31,0.11,0.11,0.109,0.109,15993600
1981-04-01,0.109,0.109,0.108,0.108,34070400
1981-04-02,0.118,0.118,0.118,0.118,31404800
1981-04-03,0.118,0.119,0.118,0.118,16486400
1981-04-06,0.117,0.117,0.116,0.116,22803200
1981-04-07,0.116,0.116,0.115,0.115,10684800
1981-04-08,0.121,0.122,0.121,0.121,21952000
1981-04-09,0.123,0.123,0.123,0.123,12499200
1981-04-10,0.124,0.125,0.124,0.124,33465600
1981-04-13,0.124,0.125,0.124,0.124,16060800
1981-04-14,0.124,0.125,0.124,0.124,6652800
1981-04-15,0.119,0.119,0.118,0.118,34048000
1981-04-16,0.112,0.112,0.112,0.112,23878400
1981-04-20,0.115,0.116,0.115,0.115,35347200
1981-04-21,0.123,0.123,0.123,0.123,28537600
1981-04-22,0.127,0.128,0.127,0.127,18995200
1981-04-23,0.131,0.131,0.131,0.131,58016000
1981-04-24,0.131,0.131,0.129,0.129,35056000
1981-04-27,0.129,0.129,0.128,0.128,38528000
1981-04-28,0.127,0.127,0.126,0.126,32188800
1981-04-29,0.125,0.125,0.124,0.124,13641600
1981-04-30,0.127,0.128,0.127,0.127,12611200
1981-05-01,0.127,0.128,0.127,0.127,16553600
1981-05-04,0.127,0.127,0.126,0.126,14448000
1981-05-05,0.126,0.126,0.126,0.126,17539200
1981-05-06,0.123,0.123,0.122,0.122,18950400
1981-05-07,0.124,0.124,0.124,0.124,9363200
1981-05-08,0.125,0.126,0.125,0.125,7907200
1981-05-11,0.123,0.123,0.122,0.122,11939200
1981-05-12,0.122,0.124,0.122,0.122,4256000
1981-05-13,0.122,0.123,0.122,0.122,4905600
1981-05-14,0.121,0.121,0.12,0.12,4928000
1981-05-15,0.123,0.124,0.123,0.123,4905600
1981-05-18,0.125,0.126,0.125,0.125,4166400
1981-05-19,0.123,0.123,0.123,0.123,25424000
1981-05-20,0.127,0.128,0.127,0.127,13283200
1981-05-21,0.134,0.134,0.134,0.134,32211200
1981-05-22,0.14,0.141,0.14,0.14,31427200
1981-05-26,0.14,0.14,0.14,0.14,85344000
1981-05-27,0.147,0.148,0.147,0.147,149497600
1981-05-28,0.147,0.148,0.147,0.147,73987200
1981-05-29,0.148,0.148,0.148,0.148,59382400
1981-06-01,0.148,0.148,0.148,0.148,51251200
1981-06-02,0.141,0.141,0.141,0.141,40432000
1981-06-03,0.141,0.142,0.141,0.141,39446400
1981-06-04,0.143,0.144,0.143,0.143,56067200
1981-06-05,0.142,0.142,0.141,0.141,57680000
1981-06-08,0.137,0.137,0.136,0.136,93497600
1981-06-09,0.139,0.14,0.139,0.139,119593600
1981-06-10,0.141,0.142,0.141,0.141,25222400
1981-06-11,0.147,0.147,0.147,0.147,38976000
1981-06-12,0.146,0.146,0.145,0.145,25804800
1981-06-15,0.145,0.145,0.145,0.145,143763200
1981-06-16,0.142,0.142,0.142,0.142,37251200
1981-06-17,0.14,0.14,0.14,0.14,27574400
1981-06-18,0.14,0.14,0.139,0.139,23049600
1981-06-19,0.136,0.136,0.135,0.135,27507200
1981-06-22,0.131,0.131,0.13,0.13,10841600
1981-06-23,0.132,0.133,0.132,0.132,15030400
1981-06-24,0.13,0.13,0.129,0.129,23027200
1981-06-25,0.132,0.132,0.132,0.132,24259200
1981-06-26,0.131,0.131,0.13,0.13,23788800
1981-06-29,0.127,0.127,0.126,0.126,10595200
1981-06-30,0.117,0.117,0.116,0.116,35907200
1981-07-01,0.116,0.116,0.115,0.115,170464000
1981-07-02,0.115,0.116,0.115,0.115,30284800
1981-07-06,0.112,0.112,0.111,0.111,16531200
1981-07-07,0.112,0.113,0.112,0.112,15836800
1981-07-08,0.117,0.117,0.117,0.117,16620800
1981-07-09,0.108,0.108,0.108,0.108,32883200
1981-07-10,0.1,0.1,0.099,0.099,55171200
1981-07-13,0.102,0.102,0.102,0.102,45740800
1981-07-14,0.106,0.107,0.106,0.106,19779200
1981-07-15,0.109,0.109,0.109,0.109,10953600
1981-07-16,0.112,0.113,0.112,0.112,15232000
1981-07-17,0.116,0.116,0.116,0.116,19824000
1981-07-20,0.108,0.108,0.108,0.108,23654400
1981-07-21,0.108,0.108,0.107,0.107,31942400
1981-07-22,0.102,0.102,0.101,0.101,22668800
1981-07-23,0.104,0.104,0.104,0.104,34451200
1981-07-24,0.107,0.108,0.107,0.107,28851200
1981-07-27,0.112,0.112,0.112,0.112,17337600
1981-07-28,0.108,0.108,0.108,0.108,22848000
1981-07-29,0.107,0.107,0.106,0.106,15500800
1981-07-30,0.11,0.111,0.11,0.11,9900800
1981-07-31,0.112,0.112,0.112,0.112,10953600
1981-08-03,0.112,0.112,0.11,0.11,12432000
1981-08-04,0.112,0.113,0.112,0.112,31673600
1981-08-05,0.116,0.116,0.116,0.116,17494400
1981-08-06,0.113,0.113,0.113,0.113,10528000
1981-08-07,0.113,0.113,0.113,0.113,9206400
1981-08-10,0.113,0.113,0.113,0.113,0
1981-08-11,0.11,0.11,0.109,0.109,71456000
1981-08-12,0.108,0.108,0.107,0.107,26275200
1981-08-13,0.104,0.104,0.104,0.104,27484800
1981-08-14,0.103,0.103,0.102,0.102,24192000
1981-08-17,0.1,0.1,0.099,0.099,18905600
1981-08-18,0.098,0.098,0.097,0.097,17001600
1981-08-19,0.097,0.097,0.095,0.095,20675200
1981-08-20,0.097,0.097,0.097,0.097,17113600
1981-08-21,0.091,0.091,0.09,0.09,41910400
1981-08-24,0.085,0.085,0.084,0.084,23072000
1981-08-25,0.086,0.087,0.086,0.086,40700800
1981-08-26,0.085,0.085,0.085,0.085,33600000
1981-08-27,0.085,0.086,0.085,0.085,25916800
1981-08-28,0.09,0.09,0.09,0.09,38035200
1981-08-31,0.09,0.09,0.09,0.09,40947200
1981-09-01,0.095,0.096,0.095,0.095,37027200
1981-09-02,0.097,0.098,0.097,0.097,19376000
1981-09-03,0.093,0.093,0.092,0.092,37475200
1981-09-04,0.092,0.092,0.091,0.091,15254400
1981-09-08,0.089,0.089,0.088,0.088,25446400
1981-09-09,0.088,0.089,0.088,0.088,30531200
1981-09-10,0.089,0.089,0.089,0.089,34809600
1981-09-11,0.088,0.088,0.088,0.088,17539200
1981-09-14,0.085,0.085,0.085,0.085,27686400
1981-09-15,0.083,0.083,0.083,0.083,19510400
1981-09-16,0.081,0.081,0.081,0.081,19353600
1981-09-17,0.079,0.079,0.079,0.079,19376000
1981-09-18,0.079,0.08,0.079,0.079,26320000
1981-09-21,0.08,0.08,0.08,0.08,49033600
1981-09-22,0.076,0.076,0.075,0.075,47420800
1981-09-23,0.075,0.075,0.074,0.074,28201600
1981-09-24,0.074,0.074,0.073,0.073,18300800
1981-09-25,0.065,0.065,0.064,0.064,34608000
1981-09-28,0.064,0.065,0.064,0.064,91728000
1981-09-29,0.068,0.068,0.068,0.068,94684800
1981-09-30,0.068,0.069,0.068,0.068,49996800
1981-10-01,0.068,0.069,0.068,0.068,61129600
1981-10-02,0.074,0.074,0.074,0.074,45046400
1981-10-05,0.076,0.077,0.076,0.076,43097600
1981-10-06,0.076,0.076,0.075,0.075,28358400
1981-10-07,0.08,0.081,0.08,0.08,38841600
1981-10-08,0.083,0.083,0.083,0.083,31091200
1981-10-09,0.083,0.084,0.083,0.083,54521600
1981-10-12,0.086,0.086,0.086,0.086,27350400
1981-10-13,0.086,0.087,0.086,0.086,44195200
1981-10-14,0.081,0.081,0.081,0.081,30979200
1981-10-15,0.083,0.083,0.083,0.083,29433600
1981-10-16,0.082,0.082,0.081,0.081,36467200
1981-10-19,0.083,0.084,0.083,0.083,20585600
1981-10-20,0.088,0.088,0.088,0.088,35728000
1981-10-21,0.088,0.088,0.088,0.088,76899200
1981-10-22,0.088,0.088,0.087,0.087,32278400
1981-10-23,0.085,0.085,0.085,0.085,27910400
1981-10-26,0.085,0.085,0.085,0.085,27283200
1981-10-27,0.086,0.088,0.086,0.086,85590400
1981-10-28,0.089,0.09,0.089,0.089,44172800
1981-10-29,0.089,0.089,0.088,0.088,30486400
1981-10-30,0.089,0.09,0.089,0.089,52729600
1981-11-02,0.089,0.09,0.089,0.089,36915200
1981-11-03,0.089,0.089,0.088,0.088,28380800
1981-11-04,0.086,0.086,0.086,0.086,23811200
1981-11-05,0.08,0.08,0.08,0.08,23363200
1981-11-06,0.08,0.081,0.08,0.08,24595200
1981-11-09,0.081,0.082,0.081,0.081,20384000
1981-11-10,0.082,0.083,0.082,0.082,16755200
1981-11-11,0.084,0.085,0.084,0.084,27440000
1981-11-12,0.087,0.088,0.087,0.087,39916800
1981-11-13,0.081,0.081,0.081,0.081,21011200
1981-11-16,0.08,0.08,0.08,0.08,22556800
1981-11-17,0.081,0.082,0.081,0.081,35414400
1981-11-18,0.084,0.085,0.084,0.084,29142400
1981-11-19,0.084,0.085,0.084,0.084,40006400
1981-11-20,0.085,0.085,0.085,0.085,38102400
1981-11-23,0.082,0.082,0.081,0.081,22960000
1981-11-24,0.081,0.081,0.08,0.08,22153600
1981-11-25,0.082,0.083,0.082,0.082,52550400
1981-11-27,0.084,0.085,0.084,0.084,37251200
1981-11-30,0.084,0.084,0.083,0.083,23968000
1981-12-01,0.083,0.084,0.083,0.083,23385600
1981-12-02,0.084,0.084,0.084,0.084,37564800
1981-12-03,0.083,0.083,0.083,0.083,20428800
1981-12-04,0.085,0.085,0.085,0.085,137155200
1981-12-07,0.085,0.086,0.085,0.085,59292800
1981-12-08,0.085,0.085,0.084,0.084,50624000
1981-12-09,0.084,0.085,0.084,0.084,34272000
1981-12-10,0.084,0.085,0.084,0.084,37408000
1981-12-11,0.084,0.085,0.084,0.084,76092800
1981-12-14,0.082,0.082,0.081,0.081,25244800
1981-12-15,0.083,0.084,0.083,0.083,31315200
1981-12-16,0.087,0.088,0.087,0.087,65452800
1981-12-17,0.094,0.095,0.094,0.094,51452800
1981-12-18,0.102,0.103,0.102,0.102,71724800
1981-12-21,0.098,0.098,0.098,0.098,56403200
1981-12-22,0.099,0.1,0.099,0.099,53827200
1981-12-23,0.098,0.098,0.097,0.097,28896000
1981-12-24,0.098,0.098,0.098,0.098,28918400
1981-12-28,0.094,0.094,0.093,0.093,36579200
1981-12-29,0.095,0.096,0.095,0.095,24236800
1981-12-30,0.099,0.099,0.099,0.099,32188800
1981-12-31,0.099,0.099,0.099,0.099,54656000
1982-01-04,0.099,0.099,0.098,0.098,71254400
1982-01-05,0.094,0.094,0.093,0.093,35840000
1982-01-06,0.093,0.093,0.092,0.092,66080000
1982-01-07,0.086,0.086,0.085,0.085,70044800
1982-01-08,0.089,0.089,0.089,0.089,56604800
1982-01-11,0.084,0.084,0.083,0.083,33331200
1982-01-12,0.081,0.081,0.08,0.08,59920000
1982-01-13,0.08,0.08,0.08,0.08,41753600
1982-01-14,0.084,0.084,0.084,0.084,25715200
1982-01-15,0.089,0.09,0.089,0.089,46704000
1982-01-18,0.091,0.092,0.091,0.091,28000000
1982-01-19,0.09,0.09,0.089,0.089,55507200
1982-01-20,0.09,0.091,0.09,0.09,25827200
1982-01-21,0.092,0.093,0.092,0.092,33331200
1982-01-22,0.093,0.093,0.093,0.093,24259200
1982-01-25,0.09,0.09,0.09,0.09,44710400
1982-01-26,0.088,0.088,0.086,0.086,21212800
1982-01-27,0.087,0.088,0.087,0.087,31360000
1982-01-28,0.09,0.09,0.09,0.09,39603200
1982-01-29,0.091,0.092,0.091,0.091,53155200
1982-02-01,0.091,0.091,0.09,0.09,38528000
1982-02-02,0.09,0.092,0.09,0.09,54275200
1982-02-03,0.09,0.091,0.09,0.09,31472000
1982-02-04,0.089,0.089,0.088,0.088,22041600
1982-02-05,0.088,0.089,0.088,0.088,40297600
1982-02-08,0.083,0.083,0.083,0.083,31696000
1982-02-09,0.083,0.083,0.083,0.083,57904000
1982-02-10,0.084,0.084,0.084,0.084,38796800
1982-02-11,0.083,0.083,0.083,0.083,24528000
1982-02-12,0.084,0.084,0.084,0.084,19644800
1982-02-16,0.083,0.083,0.082,0.082,34316800
1982-02-17,0.083,0.084,0.083,0.083,25580800
1982-02-18,0.084,0.085,0.084,0.084,28380800
1982-02-19,0.084,0.084,0.084,0.084,13596800
1982-02-22,0.083,0.083,0.083,0.083,26633600
1982-02-23,0.082,0.082,0.081,0.081,34540800
1982-02-24,0.082,0.083,0.082,0.082,37945600
1982-02-25,0.082,0.082,0.081,0.081,30800000
1982-02-26,0.081,0.082,0.081,0.081,17427200
1982-03-01,0.082,0.083,0.082,0.082,35302400
1982-03-02,0.082,0.083,0.082,0.082,34809600
1982-03-03,0.082,0.083,0.082,0.082,23654400
1982-03-04,0.081,0.081,0.08,0.08,38371200
1982-03-05,0.075,0.075,0.074,0.074,45315200
1982-03-08,0.074,0.074,0.073,0.073,35145600
1982-03-09,0.074,0.074,0.074,0.074,52505600
1982-03-10,0.073,0.073,0.073,0.073,86934400
1982-03-11,0.073,0.074,0.073,0.073,22579200
1982-03-12,0.069,0.069,0.068,0.068,46547200
1982-03-15,0.068,0.068,0.068,0.068,51363200
1982-03-16,0.067,0.067,0.066,0.066,47152000
1982-03-17,0.064,0.064,0.063,0.063,50489600
1982-03-18,0.068,0.069,0.068,0.068,56336000
1982-03-19,0.074,0.075,0.074,0.074,65811200
1982-03-22,0.08,0.08,0.08,0.08,69193600
1982-03-23,0.079,0.079,0.079,0.079,55955200
1982-03-24,0.075,0.075,0.074,0.074,51609600
1982-03-25,0.074,0.074,0.074,0.074,84112000
1982-03-26,0.073,0.073,0.073,0.073,50780800
1982-03-29,0.074,0.075,0.074,0.074,67603200
1982-03-30,0.075,0.076,0.075,0.075,77952000
1982-03-31,0.075,0.076,0.075,0.075,50153600
1982-04-01,0.079,0.08,0.079,0.079,59136000
1982-04-02,0.079,0.08,0.079,0.079,84806400
1982-04-05,0.079,0.08,0.079,0.079,86643200
1982-04-06,0.079,0.079,0.079,0.079,71590400
1982-04-07,0.078,0.078,0.078,0.078,29097600
1982-04-08,0.078,0.079,0.078,0.078,23990400
1982-04-12,0.078,0.079,0.078,0.078,44307200
1982-04-13,0.072,0.072,0.071,0.071,85299200
1982-04-14,0.072,0.073,0.072,0.072,113590400
1982-04-15,0.073,0.074,0.073,0.073,164281600
1982-04-16,0.075,0.076,0.075,0.075,104048000
1982-04-19,0.075,0.075,0.074,0.074,41283200
1982-04-20,0.071,0.071,0.07,0.07,80550400
1982-04-21,0.07,0.07,0.07,0.07,73024000
1982-04-22,0.069,0.069,0.069,0.069,52595200
1982-04-23,0.069,0.069,0.069,0.069,48294400
1982-04-26,0.07,0.071,0.07,0.07,57926400
1982-04-27,0.069,0.069,0.068,0.068,70268800
1982-04-28,0.066,0.066,0.065,0.065,99232000
1982-04-29,0.065,0.066,0.065,0.065,82230400
1982-04-30,0.066,0.066,0.066,0.066,277401600
1982-05-03,0.068,0.069,0.068,0.068,82700800
1982-05-04,0.07,0.071,0.07,0.07,73987200
1982-05-05,0.07,0.07,0.069,0.069,53939200
1982-05-06,0.071,0.072,0.071,0.071,75465600
1982-05-07,0.073,0.073,0.073,0.073,84716800
1982-05-10,0.072,0.072,0.071,0.071,31606400
1982-05-11,0.07,0.07,0.069,0.069,103017600
1982-05-12,0.068,0.068,0.068,0.068,71008000
1982-05-13,0.068,0.069,0.068,0.068,54454400
1982-05-14,0.066,0.066,0.065,0.065,95737600
1982-05-17,0.065,0.065,0.064,0.064,76204800
1982-05-18,0.064,0.064,0.063,0.063,122035200
1982-05-19,0.063,0.063,0.062,0.062,75286400
1982-05-20,0.063,0.064,0.063,0.063,27619200
1982-05-21,0.064,0.064,0.064,0.064,38841600
1982-05-24,0.064,0.065,0.064,0.064,31987200
1982-05-25,0.064,0.065,0.064,0.064,51564800
1982-05-26,0.064,0.064,0.064,0.064,43276800
1982-05-27,0.063,0.063,0.062,0.062,31248000
1982-05-28,0.062,0.063,0.062,0.062,19196800
1982-06-01,0.062,0.062,0.061,0.061,47600000
1982-06-02,0.062,0.063,0.062,0.062,32905600
1982-06-03,0.061,0.061,0.06,0.06,39760000
1982-06-04,0.059,0.059,0.059,0.059,37676800
1982-06-07,0.059,0.059,0.059,0.059,37161600
1982-06-08,0.059,0.059,0.058,0.058,31404800
1982-06-09,0.057,0.057,0.057,0.057,33846400
1982-06-10,0.057,0.058,0.057,0.057,34406400
1982-06-11,0.06,0.06,0.06,0.06,54633600
1982-06-14,0.06,0.06,0.06,0.06,29993600
1982-06-15,0.06,0.06,0.06,0.06,35212800
1982-06-16,0.06,0.06,0.06,0.06,41731200
1982-06-17,0.059,0.059,0.059,0.059,29164800
1982-06-18,0.059,0.059,0.057,0.057,19868800
1982-06-21,0.057,0.058,0.057,0.057,28537600
1982-06-22,0.06,0.061,0.06,0.06,17561600
1982-06-23,0.061,0.062,0.061,0.061,52752000
1982-06-24,0.061,0.062,0.061,0.061,44150400
1982-06-25,0.06,0.06,0.059,0.059,26678400
1982-06-28,0.059,0.059,0.059,0.059,25155200
1982-06-29,0.057,0.057,0.057,0.057,35817600
1982-06-30,0.057,0.057,0.057,0.057,67625600
1982-07-01,0.057,0.057,0.056,0.056,55731200
1982-07-02,0.054,0.054,0.054,0.054,58105600
1982-07-06,0.052,0.052,0.051,0.051,87696000
1982-07-07,0.051,0.052,0.051,0.051,30374400
1982-07-08,0.05,0.05,0.049,0.049,164326400
1982-07-09,0.051,0.051,0.051,0.051,128419200
1982-07-12,0.052,0.052,0.052,0.052,63392000
1982-07-13,0.055,0.056,0.055,0.055,114374400
1982-07-14,0.056,0.057,0.056,0.056,71120000
1982-07-15,0.057,0.057,0.057,0.057,65788800
1982-07-16,0.059,0.06,0.059,0.059,77011200
1982-07-19,0.06,0.06,0.06,0.06,83776000
1982-07-20,0.064,0.064,0.064,0.064,49705600
1982-07-21,0.064,0.064,0.064,0.064,71702400
1982-07-22,0.064,0.065,0.064,0.064,35212800
1982-07-23,0.064,0.064,0.063,0.063,18300800
1982-07-26,0.061,0.061,0.06,0.06,56851200
1982-07-27,0.06,0.061,0.06,0.06,32323200
1982-07-28,0.058,0.058,0.057,0.057,53513600
1982-07-29,0.06,0.06,0.06,0.06,61868800
1982-07-30,0.06,0.061,0.06,0.06,38617600
1982-08-02,0.062,0.062,0.062,0.062,94393600
1982-08-03,0.059,0.059,0.058,0.058,89868800
1982-08-04,0.058,0.058,0.057,0.057,83865600
1982-08-05,0.056,0.056,0.055,0.055,69753600
1982-08-06,0.055,0.055,0.055,0.055,96835200
1982-08-09,0.055,0.056,0.055,0.055,56112000
1982-08-10,0.059,0.059,0.059,0.059,112246400
1982-08-11,0.059,0.06,0.059,0.059,69888000
1982-08-12,0.059,0.059,0.059,0.059,30620800
1982-08-13,0.059,0.059,0.059,0.059,25961600
1982-08-16,0.06,0.06,0.06,0.06,38416000
1982-08-17,0.064,0.065,0.064,0.064,47734400
1982-08-18,0.064,0.064,0.064,0.064,125059200
1982-08-19,0.064,0.065,0.064,0.064,47622400
1982-08-20,0.066,0.066,0.066,0.066,54857600
1982-08-23,0.069,0.069,0.069,0.069,69686400
1982-08-24,0.072,0.073,0.072,0.072,155769600
1982-08-25,0.077,0.078,0.077,0.077,357078400
1982-08-26,0.079,0.08,0.079,0.079,210582400
1982-08-27,0.076,0.076,0.075,0.075,98649600
1982-08-30,0.076,0.077,0.076,0.076,80438400
1982-08-31,0.08,0.081,0.08,0.08,140560000
1982-09-01,0.079,0.079,0.078,0.078,82566400
1982-09-02,0.081,0.082,0.081,0.081,75420800
1982-09-03,0.082,0.083,0.082,0.082,104540800
1982-09-07,0.078,0.078,0.078,0.078,81379200
1982-09-08,0.08,0.081,0.08,0.08,72329600
1982-09-09,0.079,0.079,0.079,0.079,63593600
1982-09-10,0.081,0.081,0.081,0.081,56067200
1982-09-13,0.081,0.082,0.081,0.081,58889600
1982-09-14,0.084,0.085,0.084,0.084,101494400
1982-09-15,0.084,0.084,0.084,0.084,71747200
1982-09-16,0.082,0.082,0.081,0.081,80371200
1982-09-17,0.08,0.08,0.079,0.079,54051200
1982-09-20,0.08,0.08,0.08,0.08,39132800
1982-09-21,0.081,0.082,0.081,0.081,36668800
1982-09-22,0.084,0.084,0.084,0.084,103376000
1982-09-23,0.084,0.084,0.084,0.084,139820800
1982-09-24,0.081,0.081,0.081,0.081,178192000
1982-09-27,0.081,0.082,0.081,0.081,38147200
1982-09-28,0.082,0.083,0.082,0.082,85523200
1982-09-29,0.082,0.083,0.082,0.082,65564800
1982-09-30,0.082,0.082,0.081,0.081,74681600
1982-10-01,0.083,0.084,0.083,0.083,46256000
1982-10-04,0.083,0.084,0.08,0.084,69328000
1982-10-05,0.084,0.086,0.084,0.084,80236800
1982-10-06,0.084,0.09,0.084,0.09,173532800
1982-10-07,0.091,0.098,0.091,0.098,311673600
1982-10-08,0.098,0.105,0.097,0.105,275542400
1982-10-11,0.105,0.11,0.105,0.107,313734400
1982-10-12,0.107,0.109,0.103,0.104,258944000
1982-10-13,0.104,0.108,0.103,0.105,198844800
1982-10-14,0.105,0.107,0.103,0.105,178662400
1982-10-15,0.105,0.105,0.101,0.103,144614400
1982-10-18,0.103,0.105,0.103,0.105,94348800
1982-10-19,0.105,0.108,0.105,0.107,122841600
1982-10-20,0.107,0.114,0.107,0.113,242099200
1982-10-21,0.113,0.119,0.112,0.116,227516800
1982-10-22,0.116,0.119,0.116,0.116,161683200
1982-10-25,0.116,0.116,0.108,0.109,184934400
1982-10-26,0.109,0.11,0.104,0.109,167753600
1982-10-27,0.109,0.113,0.109,0.112,191161600
1982-10-28,0.112,0.113,0.11,0.112,217683200
1982-10-29,0.112,0.113,0.11,0.113,118115200
1982-11-01,0.113,0.121,0.112,0.119,104361600
1982-11-02,0.121,0.132,0.121,0.128,310844800
1982-11-03,0.128,0.137,0.128,0.137,235132800
1982-11-04,0.137,0.142,0.136,0.138,329078400
1982-11-05,0.137,0.137,0.132,0.134,141500800
1982-11-08,0.134,0.136,0.128,0.129,119190400
1982-11-09,0.129,0.134,0.128,0.133,179782400
1982-11-10,0.134,0.141,0.134,0.138,202787200
1982-11-11,0.138,0.147,0.136,0.147,123155200
1982-11-12,0.147,0.152,0.145,0.145,131107200
1982-11-15,0.145,0.146,0.14,0.141,124588800
1982-11-16,0.141,0.142,0.133,0.134,182022400
1982-11-17,0.134,0.141,0.134,0.14,144144000
1982-11-18,0.14,0.142,0.14,0.14,152678400
1982-11-19,0.14,0.141,0.137,0.138,97305600
1982-11-22,0.138,0.138,0.126,0.126,101248000
1982-11-23,0.127,0.133,0.127,0.129,88502400
1982-11-24,0.129,0.136,0.128,0.132,73740800
1982-11-26,0.132,0.133,0.127,0.129,101987200
1982-11-29,0.129,0.131,0.125,0.129,49952000
1982-11-30,0.129,0.143,0.128,0.142,159196800
1982-12-01,0.142,0.151,0.142,0.145,206841600
1982-12-02,0.145,0.147,0.143,0.145,164729600
1982-12-03,0.143,0.143,0.14,0.142,47577600
1982-12-06,0.142,0.151,0.141,0.15,146585600
1982-12-07,0.15,0.155,0.146,0.151,167283200
1982-12-08,0.151,0.156,0.147,0.148,112313600
1982-12-09,0.146,0.146,0.138,0.141,194656000
1982-12-10,0.138,0.138,0.129,0.131,167484800
1982-12-13,0.129,0.129,0.128,0.128,95379200
1982-12-14,0.128,0.136,0.125,0.127,270054400
1982-12-15,0.127,0.127,0.123,0.126,130793600
1982-12-16,0.126,0.131,0.125,0.128,141164800
1982-12-17,0.128,0.136,0.128,0.134,80729600
1982-12-20,0.134,0.135,0.133,0.134,69776000
1982-12-21,0.134,0.135,0.132,0.135,79945600
1982-12-22,0.136,0.139,0.136,0.139,101225600
1982-12-23,0.139,0.143,0.138,0.143,86979200
1982-12-27,0.143,0.147,0.142,0.146,61868800
1982-12-28,0.146,0.151,0.143,0.145,113366400
1982-12-29,0.145,0.146,0.138,0.14,80707200
1982-12-30,0.14,0.142,0.132,0.134,156867200
1982-12-31,0.134,0.136,0.133,0.133,49660800
1983-01-03,0.133,0.135,0.126,0.127,112828800
1983-01-04,0.127,0.135,0.125,0.134,223708800
1983-01-05,0.134,0.136,0.132,0.135,141545600
1983-01-06,0.135,0.136,0.129,0.13,97798400
1983-01-07,0.13,0.132,0.123,0.123,172054400
1983-01-10,0.123,0.129,0.122,0.128,275340800
1983-01-11,0.128,0.132,0.128,0.13,1388800
1983-01-12,0.132,0.141,0.132,0.137,176982400
1983-01-13,0.137,0.138,0.135,0.137,82275200
1983-01-14,0.138,0.147,0.138,0.147,184643200
1983-01-17,0.147,0.155,0.146,0.152,234864000
1983-01-18,0.152,0.156,0.145,0.149,219788800
1983-01-19,0.149,0.152,0.148,0.15,169657600
1983-01-20,0.15,0.167,0.15,0.167,707840000
1983-01-21,0.167,0.174,0.165,0.167,402595200
1983-01-24,0.167,0.167,0.155,0.157,315414400
1983-01-25,0.157,0.167,0.156,0.164,167036800
1983-01-26,0.165,0.172,0.165,0.17,203212800
1983-01-27,0.17,0.183,0.17,0.182,104316800
1983-01-28,0.182,0.188,0.181,0.183,397734400
1983-01-31,0.183,0.186,0.179,0.182,188003200
1983-02-01,0.182,0.186,0.18,0.186,210963200
1983-02-02,0.186,0.195,0.184,0.191,267052800
1983-02-03,0.191,0.2,0.19,0.199,252537600
1983-02-04,0.199,0.203,0.196,0.196,214345600
1983-02-07,0.196,0.199,0.185,0.189,142912000
1983-02-08,0.189,0.191,0.185,0.187,168112000
1983-02-09,0.187,0.19,0.182,0.189,180812800
1983-02-10,0.189,0.202,0.189,0.201,236723200
1983-02-11,0.203,0.211,0.203,0.208,203548800
1983-02-14,0.208,0.208,0.201,0.206,126179200
1983-02-15,0.206,0.208,0.2,0.203,115180800
1983-02-16,0.203,0.203,0.198,0.199,116569600
1983-02-17,0.199,0.199,0.19,0.196,136169600
1983-02-18,0.196,0.205,0.194,0.203,114889600
1983-02-22,0.204,0.213,0.204,0.208,196784000
1983-02-23,0.208,0.21,0.206,0.209,108035200
1983-02-24,0.211,0.216,0.211,0.215,115494400
1983-02-25,0.215,0.217,0.208,0.209,114688000
1983-02-28,0.209,0.209,0.203,0.204,132294400
1983-03-01,0.204,0.208,0.203,0.207,140268800
1983-03-02,0.207,0.21,0.206,0.209,105952000
1983-03-03,0.209,0.211,0.201,0.202,131532800
1983-03-04,0.202,0.203,0.193,0.199,151804800
1983-03-07,0.199,0.2,0.19,0.195,152678400
1983-03-08,0.194,0.194,0.186,0.189,220640000
1983-03-09,0.189,0.195,0.186,0.195,199337600
1983-03-10,0.195,0.197,0.19,0.192,112604800
1983-03-11,0.192,0.195,0.185,0.189,87763200
1983-03-14,0.189,0.189,0.18,0.185,171875200
1983-03-15,0.185,0.188,0.179,0.188,75062400
1983-03-16,0.188,0.194,0.186,0.188,110969600
1983-03-17,0.188,0.189,0.187,0.189,44150400
1983-03-18,0.189,0.194,0.189,0.192,86128000
1983-03-21,0.192,0.197,0.191,0.196,104025600
1983-03-22,0.196,0.201,0.196,0.199,101001600
1983-03-23,0.199,0.199,0.189,0.189,140761600
1983-03-24,0.189,0.195,0.189,0.193,102457600
1983-03-25,0.193,0.196,0.192,0.193,58060800
1983-03-28,0.192,0.192,0.186,0.19,74569600
1983-03-29,0.19,0.197,0.19,0.195,103734400
1983-03-30,0.195,0.198,0.195,0.198,87808000
1983-03-31,0.198,0.199,0.189,0.189,85142400
1983-04-04,0.189,0.189,0.179,0.184,127388800
1983-04-05,0.184,0.188,0.18,0.18,122102400
1983-04-06,0.18,0.181,0.176,0.179,213987200
1983-04-07,0.179,0.18,0.176,0.177,145510400
1983-04-08,0.177,0.178,0.172,0.176,150259200
1983-04-11,0.176,0.187,0.173,0.186,230473600
1983-04-12,0.186,0.19,0.186,0.19,174048000
1983-04-13,0.19,0.197,0.19,0.196,189772800
1983-04-14,0.196,0.201,0.195,0.201,136371200
1983-04-15,0.201,0.206,0.201,0.204,115001600
1983-04-18,0.205,0.214,0.205,0.21,155568000
1983-04-19,0.21,0.211,0.206,0.208,233878400
1983-04-20,0.208,0.228,0.208,0.226,288332800
1983-04-21,0.229,0.235,0.229,0.232,230048000
1983-04-22,0.232,0.234,0.227,0.228,127187200
1983-04-25,0.228,0.229,0.216,0.217,125708800
1983-04-26,0.217,0.226,0.217,0.223,99433600
1983-04-27,0.223,0.228,0.219,0.221,86038400
1983-04-28,0.221,0.224,0.218,0.223,79408000
1983-04-29,0.223,0.227,0.22,0.225,308313600
1983-05-02,0.225,0.227,0.216,0.219,97081600
1983-05-03,0.219,0.219,0.213,0.217,105996800
1983-05-04,0.217,0.23,0.217,0.23,129113600
1983-05-05,0.23,0.246,0.23,0.245,140492800
1983-05-06,0.245,0.249,0.24,0.246,100150400
1983-05-09,0.246,0.247,0.241,0.243,69171200
1983-05-10,0.243,0.247,0.242,0.244,51900800
1983-05-11,0.244,0.246,0.237,0.238,55260800
1983-05-12,0.238,0.238,0.234,0.236,98425600
1983-05-13,0.236,0.239,0.236,0.237,48966400
1983-05-16,0.237,0.237,0.23,0.231,69193600
1983-05-17,0.231,0.232,0.228,0.232,154358400
1983-05-18,0.232,0.237,0.232,0.234,157001600
1983-05-19,0.234,0.242,0.234,0.242,70291200
1983-05-20,0.242,0.254,0.238,0.254,146092800
1983-05-23,0.254,0.257,0.249,0.257,121744000
1983-05-24,0.257,0.27,0.257,0.27,107699200
1983-05-25,0.27,0.272,0.264,0.268,153731200
1983-05-26,0.268,0.27,0.263,0.265,105571200
1983-05-27,0.265,0.268,0.264,0.265,56627200
1983-05-31,0.265,0.265,0.253,0.258,45539200
1983-06-01,0.258,0.26,0.256,0.259,98089600
1983-06-02,0.259,0.261,0.258,0.261,79430400
1983-06-03,0.261,0.275,0.261,0.274,64534400
1983-06-06,0.274,0.28,0.274,0.28,104092800
1983-06-07,0.28,0.282,0.271,0.271,98179200
1983-06-08,0.271,0.272,0.265,0.267,84044800
1983-06-09,0.267,0.27,0.261,0.266,54790400
1983-06-10,0.266,0.267,0.264,0.265,37430400
1983-06-13,0.265,0.265,0.246,0.256,179267200
1983-06-14,0.256,0.258,0.249,0.25,170531200
1983-06-15,0.249,0.249,0.238,0.243,193356800
1983-06-16,0.244,0.256,0.244,0.256,122886400
1983-06-17,0.256,0.257,0.251,0.251,56044800
1983-06-20,0.251,0.252,0.236,0.238,139574400
1983-06-21,0.238,0.241,0.234,0.24,125462400
1983-06-22,0.241,0.248,0.241,0.247,140963200
1983-06-23,0.246,0.246,0.239,0.239,133996800
1983-06-24,0.239,0.243,0.237,0.238,47644800
1983-06-27,0.238,0.238,0.225,0.225,123043200
1983-06-28,0.225,0.226,0.208,0.209,349171200
1983-06-29,0.209,0.222,0.204,0.219,294380800
1983-06-30,0.219,0.223,0.217,0.218,110566400
1983-07-01,0.218,0.222,0.217,0.22,172256000
1983-07-05,0.22,0.22,0.21,0.211,82051200
1983-07-06,0.211,0.212,0.207,0.211,95916800
1983-07-07,0.211,0.212,0.208,0.209,89443200
1983-07-08,0.209,0.209,0.205,0.206,70179200
1983-07-11,0.206,0.215,0.206,0.212,112918400
1983-07-12,0.212,0.214,0.206,0.207,75196800
1983-07-13,0.207,0.208,0.203,0.206,129001600
1983-07-14,0.206,0.209,0.204,0.205,74905600
1983-07-15,0.205,0.205,0.197,0.198,67961600
1983-07-18,0.198,0.199,0.193,0.198,81625600
1983-07-19,0.198,0.207,0.194,0.195,171136000
1983-07-20,0.195,0.197,0.182,0.184,304886400
1983-07-21,0.184,0.198,0.183,0.194,317385600
1983-07-22,0.194,0.196,0.193,0.195,116435200
1983-07-25,0.195,0.195,0.19,0.193,76428800
1983-07-26,0.193,0.194,0.167,0.175,268979200
1983-07-27,0.175,0.18,0.16,0.162,300316800
1983-07-28,0.162,0.164,0.152,0.152,270480000
1983-07-29,0.152,0.157,0.151,0.156,220326400
1983-08-01,0.156,0.162,0.153,0.154,232444800
1983-08-02,0.154,0.156,0.153,0.153,101651200
1983-08-03,0.153,0.159,0.151,0.156,123827200
1983-08-04,0.156,0.157,0.142,0.148,292118400
1983-08-05,0.148,0.154,0.147,0.151,131420800
1983-08-08,0.151,0.155,0.148,0.152,76809600
1983-08-09,0.152,0.156,0.151,0.153,150371200
1983-08-10,0.153,0.155,0.15,0.153,161974400
1983-08-11,0.153,0.155,0.148,0.151,90182400
1983-08-12,0.151,0.154,0.148,0.15,74636800
1983-08-15,0.15,0.153,0.149,0.153,152275200
1983-08-16,0.153,0.155,0.15,0.151,91369600
1983-08-17,0.151,0.153,0.146,0.148,94438400
1983-08-18,0.148,0.151,0.147,0.15,81737600
1983-08-19,0.15,0.152,0.148,0.151,58598400
1983-08-22,0.151,0.152,0.148,0.15,85366400
1983-08-23,0.15,0.15,0.141,0.142,93587200
1983-08-24,0.142,0.142,0.134,0.135,113299200
1983-08-25,0.135,0.137,0.134,0.136,189772800
1983-08-26,0.136,0.138,0.135,0.138,93184000
1983-08-29,0.138,0.141,0.134,0.14,138297600
1983-08-30,0.14,0.15,0.14,0.147,233945600
1983-08-31,0.148,0.166,0.148,0.166,200233600
1983-09-01,0.166,0.172,0.158,0.162,218131200
1983-09-02,0.162,0.17,0.162,0.17,129337600
1983-09-06,0.173,0.177,0.173,0.176,181686400
1983-09-07,0.175,0.175,0.151,0.155,384854400
1983-09-08,0.155,0.156,0.14,0.142,307059200
1983-09-09,0.142,0.142,0.136,0.137,212688000
1983-09-12,0.137,0.145,0.135,0.137,266313600
1983-09-13,0.137,0.145,0.136,0.143,204176000
1983-09-14,0.143,0.146,0.138,0.141,181529600
1983-09-15,0.141,0.142,0.133,0.134,158838400
1983-09-16,0.134,0.134,0.13,0.131,225747200
1983-09-19,0.131,0.144,0.131,0.143,201980800
1983-09-20,0.143,0.15,0.143,0.143,226419200
1983-09-21,0.143,0.146,0.14,0.141,106355200
1983-09-22,0.141,0.146,0.139,0.145,144121600
1983-09-23,0.112,0.112,0.099,0.108,2832345600
1983-09-26,0.109,0.116,0.109,0.111,768768000
1983-09-27,0.111,0.112,0.103,0.105,417110400
1983-09-28,0.105,0.105,0.099,0.102,373497600
1983-09-29,0.102,0.106,0.101,0.102,282777600
1983-09-30,0.102,0.105,0.1,0.103,117868800
1983-10-03,0.103,0.105,0.101,0.103,152902400
1983-10-04,0.103,0.105,0.102,0.102,169612800
1983-10-05,0.102,0.104,0.099,0.1,190668800
1983-10-06,0.1,0.102,0.097,0.099,232937600
1983-10-07,0.099,0.106,0.09,0.091,246332800
1983-10-10,0.09,0.09,0.082,0.088,517126400
1983-10-11,0.088,0.089,0.085,0.086,252761600
1983-10-12,0.086,0.095,0.086,0.094,472617600
1983-10-13,0.097,0.107,0.097,0.103,420515200
1983-10-14,0.103,0.106,0.1,0.102,279260800
1983-10-17,0.102,0.102,0.093,0.094,219116800
1983-10-18,0.093,0.093,0.084,0.086,382972800
1983-10-19,0.086,0.099,0.085,0.096,287392000
1983-10-20,0.096,0.099,0.089,0.091,131689600
1983-10-21,0.091,0.093,0.088,0.089,157001600
1983-10-24,0.089,0.094,0.08,0.094,259392000
1983-10-25,0.094,0.098,0.094,0.095,168448000
1983-10-26,0.095,0.096,0.089,0.09,128912000
1983-10-27,0.09,0.097,0.09,0.094,97843200
1983-10-28,0.094,0.095,0.091,0.093,81200000
1983-10-31,0.094,0.103,0.094,0.101,173174400
1983-11-01,0.101,0.107,0.097,0.103,328384000
1983-11-02,0.103,0.108,0.103,0.105,202473600
1983-11-03,0.105,0.105,0.094,0.098,286003200
1983-11-04,0.098,0.098,0.094,0.094,146742400
1983-11-07,0.094,0.097,0.093,0.094,152118400
1983-11-08,0.087,0.087,0.077,0.08,1221516800
1983-11-09,0.08,0.086,0.078,0.086,353472000
1983-11-10,0.086,0.09,0.086,0.088,222073600
1983-11-11,0.088,0.091,0.087,0.089,116032000
1983-11-14,0.089,0.09,0.088,0.088,108281600
1983-11-15,0.088,0.089,0.085,0.088,118630400
1983-11-16,0.088,0.092,0.088,0.089,102278400
1983-11-17,0.089,0.093,0.089,0.092,90384000
1983-11-18,0.092,0.093,0.09,0.092,79900800
1983-11-21,0.092,0.097,0.092,0.096,105011200
1983-11-22,0.096,0.097,0.095,0.096,105190400
1983-11-23,0.096,0.096,0.089,0.091,114352000
1983-11-25,0.091,0.092,0.091,0.092,37296000
1983-11-28,0.092,0.094,0.091,0.094,72396800
1983-11-29,0.094,0.096,0.092,0.093,95289600
1983-11-30,0.093,0.094,0.091,0.091,64332800
1983-12-01,0.091,0.093,0.089,0.09,76675200
1983-12-02,0.09,0.09,0.088,0.089,85366400
1983-12-05,0.089,0.092,0.088,0.091,45158400
1983-12-06,0.091,0.092,0.09,0.092,51990400
1983-12-07,0.092,0.096,0.09,0.094,89152000
1983-12-08,0.094,0.099,0.094,0.096,137625600
1983-12-09,0.096,0.099,0.095,0.097,82768000
1983-12-12,0.097,0.097,0.094,0.096,65139200
1983-12-13,0.096,0.102,0.095,0.1,197545600
1983-12-14,0.1,0.105,0.097,0.104,201891200
1983-12-15,0.104,0.11,0.104,0.109,316601600
1983-12-16,0.109,0.112,0.108,0.11,184867200
1983-12-19,0.11,0.112,0.107,0.107,173600000
1983-12-20,0.107,0.107,0.103,0.104,177744000
1983-12-21,0.104,0.108,0.104,0.108,171785600
1983-12-22,0.108,0.11,0.108,0.11,130547200
1983-12-23,0.11,0.111,0.108,0.11,48563200
1983-12-27,0.11,0.112,0.11,0.11,96432000
1983-12-28,0.11,0.113,0.109,0.112,128553600
1983-12-29,0.112,0.113,0.109,0.109,102748800
1983-12-30,0.109,0.112,0.108,0.109,91862400
1984-01-03,0.109,0.117,0.109,0.114,150192000
1984-01-04,0.115,0.125,0.115,0.124,292611200
1984-01-05,0.124,0.129,0.123,0.126,305715200
1984-01-06,0.126,0.128,0.122,0.124,168492800
1984-01-09,0.124,0.124,0.113,0.117,215734400
1984-01-10,0.117,0.123,0.117,0.123,172188800
1984-01-11,0.123,0.127,0.123,0.125,175952000
1984-01-12,0.125,0.127,0.123,0.124,110342400
1984-01-13,0.124,0.126,0.119,0.122,121744000
1984-01-16,0.122,0.126,0.121,0.124,137580800
1984-01-17,0.124,0.128,0.124,0.128,149072000
1984-01-18,0.128,0.131,0.126,0.128,220505600
1984-01-19,0.128,0.132,0.127,0.129,149721600
1984-01-20,0.129,0.13,0.126,0.128,141344000
1984-01-23,0.128,0.13,0.127,0.129,278364800
1984-01-24,0.129,0.129,0.118,0.122,320230400
1984-01-25,0.122,0.129,0.12,0.121,263872000
1984-01-26,0.121,0.125,0.121,0.123,168492800
1984-01-27,0.123,0.124,0.114,0.117,194096000
1984-01-30,0.117,0.119,0.108,0.11,277468800
1984-01-31,0.11,0.113,0.103,0.11,345094400
1984-02-01,0.11,0.114,0.109,0.11,163116800
1984-02-02,0.11,0.112,0.108,0.111,134915200
1984-02-03,0.111,0.114,0.109,0.109,145488000
1984-02-06,0.109,0.109,0.103,0.104,165558400
1984-02-07,0.104,0.108,0.1,0.108,217728000
1984-02-08,0.108,0.109,0.104,0.104,148220800
1984-02-09,0.104,0.108,0.101,0.105,234796800
1984-02-10,0.105,0.112,0.105,0.109,143964800
1984-02-13,0.109,0.11,0.107,0.108,105728000
1984-02-14,0.108,0.115,0.108,0.114,209059200
1984-02-15,0.114,0.119,0.111,0.112,200838400
1984-02-16,0.112,0.114,0.109,0.113,105235200
1984-02-17,0.113,0.116,0.112,0.112,134646400
1984-02-21,0.112,0.117,0.111,0.117,120288000
1984-02-22,0.117,0.123,0.117,0.122,223372800
1984-02-23,0.122,0.122,0.116,0.12,155052800
1984-02-24,0.12,0.123,0.12,0.121,77817600
1984-02-27,0.121,0.123,0.118,0.121,121564800
1984-02-28,0.121,0.121,0.112,0.114,169926400
1984-02-29,0.114,0.12,0.113,0.117,134041600
1984-03-01,0.117,0.121,0.114,0.121,132361600
1984-03-02,0.121,0.125,0.12,0.122,191251200
1984-03-05,0.122,0.122,0.118,0.119,73606400
1984-03-06,0.119,0.122,0.114,0.115,98985600
1984-03-07,0.115,0.119,0.112,0.118,96566400
1984-03-08,0.118,0.121,0.118,0.12,129785600
1984-03-09,0.12,0.12,0.117,0.118,66057600
1984-03-12,0.118,0.123,0.118,0.122,125036800
1984-03-13,0.122,0.124,0.119,0.121,152880000
1984-03-14,0.121,0.121,0.118,0.119,59606400
1984-03-15,0.119,0.121,0.118,0.119,55283200
1984-03-16,0.119,0.124,0.118,0.119,124700800
1984-03-19,0.118,0.118,0.116,0.117,82588800
1984-03-20,0.117,0.119,0.112,0.116,100531200
1984-03-21,0.116,0.119,0.116,0.116,47667200
1984-03-22,0.116,0.116,0.112,0.114,51184000
1984-03-23,0.114,0.115,0.112,0.114,61129600
1984-03-26,0.114,0.117,0.113,0.115,56963200
1984-03-27,0.115,0.116,0.111,0.112,99299200
1984-03-28,0.112,0.114,0.112,0.114,75488000
1984-03-29,0.114,0.115,0.113,0.113,39177600
1984-03-30,0.113,0.114,0.109,0.11,45740800
1984-04-02,0.11,0.113,0.109,0.111,54656000
1984-04-03,0.111,0.112,0.11,0.112,44105600
1984-04-04,0.112,0.112,0.109,0.109,107676800
1984-04-05,0.109,0.111,0.108,0.108,82812800
1984-04-06,0.108,0.109,0.103,0.105,85590400
1984-04-09,0.105,0.108,0.105,0.105,54252800
1984-04-10,0.107,0.11,0.107,0.11,57097600
1984-04-11,0.11,0.113,0.108,0.109,70604800
1984-04-12,0.109,0.116,0.108,0.115,78400000
1984-04-13,0.115,0.118,0.114,0.115,103398400
1984-04-16,0.115,0.118,0.112,0.117,68118400
1984-04-17,0.119,0.124,0.119,0.123,332953600
1984-04-18,0.123,0.126,0.122,0.125,199673600
1984-04-19,0.125,0.127,0.124,0.126,123401600
1984-04-23,0.126,0.13,0.125,0.127,293865600
1984-04-24,0.127,0.129,0.124,0.124,281568000
1984-04-25,0.124,0.126,0.122,0.123,194880000
1984-04-26,0.124,0.133,0.124,0.133,318505600
1984-04-27,0.133,0.137,0.131,0.134,371996800
1984-04-30,0.134,0.14,0.133,0.14,293148800
1984-05-01,0.142,0.148,0.142,0.148,406515200
1984-05-02,0.148,0.15,0.145,0.147,317318400
1984-05-03,0.147,0.147,0.138,0.141,327420800
1984-05-04,0.141,0.141,0.134,0.134,260444800
1984-05-07,0.134,0.14,0.133,0.139,160070400
1984-05-08,0.14,0.148,0.14,0.147,255001600
1984-05-09,0.147,0.153,0.145,0.148,405014400
1984-05-10,0.148,0.15,0.144,0.148,238627200
1984-05-11,0.148,0.148,0.138,0.144,197724800
1984-05-14,0.143,0.143,0.14,0.141,89286400
1984-05-15,0.141,0.143,0.141,0.142,102704000
1984-05-16,0.142,0.143,0.136,0.136,219721600
1984-05-17,0.136,0.136,0.128,0.13,281948800
1984-05-18,0.13,0.133,0.128,0.133,193468800
1984-05-21,0.133,0.144,0.132,0.142,435052800
1984-05-22,0.142,0.142,0.134,0.138,301257600
1984-05-23,0.138,0.139,0.135,0.135,168963200
1984-05-24,0.135,0.135,0.129,0.131,193312000
1984-05-25,0.131,0.133,0.13,0.132,120108800
1984-05-29,0.132,0.133,0.129,0.131,156262400
1984-05-30,0.131,0.132,0.125,0.129,318438400
1984-05-31,0.129,0.133,0.128,0.131,167014400
1984-06-01,0.131,0.136,0.131,0.136,242300800
1984-06-04,0.136,0.137,0.131,0.132,148288000
1984-06-05,0.13,0.13,0.124,0.124,328428800
1984-06-06,0.124,0.13,0.124,0.129,161459200
1984-06-07,0.129,0.13,0.126,0.128,102547200
1984-06-08,0.128,0.129,0.125,0.128,108976000
1984-06-11,0.128,0.129,0.126,0.128,84246400
1984-06-12,0.128,0.132,0.127,0.13,117129600
1984-06-13,0.131,0.133,0.131,0.133,115718400
1984-06-14,0.133,0.133,0.128,0.129,100956800
1984-06-15,0.129,0.131,0.129,0.129,89779200
1984-06-18,0.129,0.133,0.127,0.132,114598400
1984-06-19,0.132,0.136,0.131,0.131,160944000
1984-06-20,0.131,0.135,0.128,0.135,119526400
1984-06-21,0.135,0.137,0.129,0.129,141904000
1984-06-22,0.129,0.132,0.128,0.128,84604800
1984-06-25,0.128,0.129,0.121,0.122,167484800
1984-06-26,0.122,0.122,0.116,0.116,148646400
1984-06-27,0.116,0.117,0.108,0.113,377283200
1984-06-28,0.113,0.119,0.113,0.118,118316800
1984-06-29,0.118,0.124,0.118,0.118,141993600
1984-07-02,0.118,0.119,0.112,0.114,159667200
1984-07-03,0.114,0.115,0.111,0.113,179065600
1984-07-05,0.113,0.114,0.109,0.11,93184000
1984-07-06,0.11,0.114,0.108,0.112,95648000
1984-07-09,0.112,0.118,0.11,0.117,190668800
1984-07-10,0.117,0.121,0.117,0.12,172300800
1984-07-11,0.12,0.122,0.117,0.118,121094400
1984-07-12,0.118,0.121,0.118,0.119,168694400
1984-07-13,0.119,0.121,0.116,0.118,135945600
1984-07-16,0.118,0.118,0.112,0.115,202988800
1984-07-17,0.115,0.116,0.113,0.115,84851200
1984-07-18,0.115,0.116,0.113,0.113,104025600
1984-07-19,0.113,0.115,0.112,0.113,77907200
1984-07-20,0.113,0.115,0.113,0.113,33174400
1984-07-23,0.113,0.113,0.109,0.112,94035200
1984-07-24,0.112,0.121,0.112,0.119,179244800
1984-07-25,0.119,0.122,0.119,0.119,200457600
1984-07-26,0.119,0.123,0.118,0.122,143337600
1984-07-27,0.122,0.123,0.121,0.121,73942400
1984-07-30,0.121,0.122,0.113,0.114,125036800
1984-07-31,0.114,0.116,0.111,0.114,199628800
1984-08-01,0.114,0.115,0.108,0.112,285734400
1984-08-02,0.112,0.113,0.108,0.108,303676800
1984-08-03,0.108,0.123,0.107,0.122,618060800
1984-08-06,0.122,0.136,0.122,0.131,626796800
1984-08-07,0.131,0.134,0.124,0.132,332483200
1984-08-08,0.132,0.135,0.126,0.127,294403200
1984-08-09,0.127,0.134,0.124,0.133,257622400
1984-08-10,0.133,0.138,0.127,0.127,397376000
1984-08-13,0.127,0.135,0.126,0.134,241449600
1984-08-14,0.134,0.135,0.127,0.129,174070400
1984-08-15,0.128,0.128,0.123,0.124,178886400
1984-08-16,0.124,0.127,0.123,0.126,144816000
1984-08-17,0.126,0.126,0.121,0.123,153932800
1984-08-20,0.123,0.123,0.119,0.122,138454400
1984-08-21,0.122,0.128,0.122,0.127,179536000
1984-08-22,0.127,0.131,0.124,0.125,220416000
1984-08-23,0.125,0.128,0.125,0.126,83417600
1984-08-24,0.126,0.127,0.124,0.126,70896000
1984-08-27,0.126,0.126,0.122,0.124,87673600
1984-08-28,0.124,0.126,0.123,0.126,59158400
1984-08-29,0.126,0.127,0.122,0.123,74121600
1984-08-30,0.123,0.124,0.121,0.121,50960000
1984-08-31,0.121,0.121,0.117,0.118,137849600
1984-09-04,0.118,0.119,0.116,0.117,119840000
1984-09-05,0.117,0.119,0.116,0.117,103756800
1984-09-06,0.117,0.12,0.117,0.118,130972800
1984-09-07,0.118,0.12,0.117,0.118,83260800
1984-09-10,0.118,0.119,0.116,0.118,64624000
1984-09-11,0.119,0.122,0.119,0.12,152387200
1984-09-12,0.12,0.121,0.117,0.117,133123200
1984-09-13,0.123,0.123,0.123,0.123,207334400
1984-09-14,0.123,0.127,0.123,0.124,246870400
1984-09-17,0.128,0.129,0.128,0.128,192752000
1984-09-18,0.128,0.129,0.123,0.123,97305600
1984-09-19,0.123,0.124,0.121,0.121,106288000
1984-09-20,0.121,0.122,0.121,0.121,66169600
1984-09-21,0.121,0.124,0.118,0.12,99836800
1984-09-24,0.12,0.121,0.119,0.119,79004800
1984-09-25,0.118,0.118,0.117,0.117,166790400
1984-09-26,0.117,0.122,0.115,0.115,110969600
1984-09-27,0.115,0.116,0.115,0.115,105929600
1984-09-28,0.115,0.115,0.11,0.112,233408000
1984-10-01,0.112,0.112,0.109,0.109,97776000
1984-10-02,0.11,0.114,0.11,0.11,118249600
1984-10-03,0.112,0.114,0.112,0.112,120422400
1984-10-04,0.113,0.114,0.113,0.113,125484800
1984-10-05,0.113,0.113,0.11,0.111,97574400
1984-10-08,0.111,0.112,0.111,0.111,46972800
1984-10-09,0.111,0.112,0.11,0.11,125260800
1984-10-10,0.11,0.11,0.107,0.107,364851200
1984-10-11,0.107,0.109,0.106,0.106,182761600
1984-10-12,0.106,0.107,0.1,0.102,265798400
1984-10-15,0.107,0.108,0.107,0.107,243264000
1984-10-16,0.107,0.108,0.107,0.107,118025600
1984-10-17,0.111,0.112,0.111,0.111,156643200
1984-10-18,0.114,0.115,0.114,0.114,247161600
1984-10-19,0.114,0.122,0.114,0.114,326121600
1984-10-22,0.114,0.116,0.113,0.113,114755200
1984-10-23,0.116,0.117,0.116,0.116,186435200
1984-10-24,0.117,0.118,0.117,0.117,167014400
1984-10-25,0.117,0.117,0.113,0.113,158166400
1984-10-26,0.113,0.113,0.109,0.11,114844800
1984-10-29,0.11,0.111,0.11,0.11,50646400
1984-10-30,0.112,0.113,0.112,0.112,74592000
1984-10-31,0.112,0.113,0.111,0.111,60233600
1984-11-01,0.112,0.113,0.112,0.112,47040000
1984-11-02,0.112,0.112,0.11,0.111,27686400
1984-11-05,0.111,0.113,0.11,0.11,105369600
1984-11-06,0.117,0.118,0.117,0.117,225321600
1984-11-07,0.117,0.118,0.115,0.115,231548800
1984-11-08,0.115,0.115,0.11,0.11,88121600
1984-11-09,0.11,0.111,0.103,0.104,294134400
1984-11-12,0.108,0.108,0.108,0.108,113254400
1984-11-13,0.108,0.11,0.105,0.105,126672000
1984-11-14,0.106,0.107,0.106,0.106,104339200
1984-11-15,0.106,0.107,0.106,0.106,106601600
1984-11-16,0.106,0.108,0.103,0.104,165760000
1984-11-19,0.104,0.104,0.098,0.098,232982400
1984-11-20,0.101,0.102,0.101,0.101,263244800
1984-11-21,0.103,0.104,0.103,0.103,178729600
1984-11-23,0.104,0.108,0.104,0.106,137088000
1984-11-26,0.107,0.107,0.107,0.107,100643200
1984-11-27,0.11,0.111,0.11,0.11,127411200
1984-11-28,0.116,0.118,0.116,0.116,410524800
1984-11-29,0.116,0.116,0.113,0.113,174876800
1984-11-30,0.113,0.114,0.11,0.11,108707200
1984-12-03,0.11,0.111,0.109,0.109,98000000
1984-12-04,0.111,0.113,0.111,0.111,120377600
1984-12-05,0.117,0.117,0.117,0.117,262908800
1984-12-06,0.122,0.123,0.122,0.122,317273600
1984-12-07,0.122,0.127,0.121,0.122,494524800
1984-12-10,0.122,0.122,0.119,0.119,111484800
1984-12-11,0.119,0.121,0.118,0.118,123782400
1984-12-12,0.118,0.118,0.114,0.114,110073600
1984-12-13,0.115,0.117,0.115,0.115,66841600
1984-12-14,0.115,0.119,0.115,0.118,96140800
1984-12-17,0.121,0.122,0.121,0.121,125238400
1984-12-18,0.128,0.128,0.128,0.128,340569600
1984-12-19,0.128,0.128,0.123,0.123,317497600
1984-12-20,0.123,0.125,0.122,0.122,139843200
1984-12-21,0.122,0.123,0.119,0.121,123894400
1984-12-24,0.123,0.123,0.123,0.123,67536000
1984-12-26,0.123,0.124,0.123,0.123,67177600
1984-12-27,0.124,0.124,0.124,0.124,98761600
1984-12-28,0.124,0.129,0.123,0.128,165334400
1984-12-31,0.13,0.131,0.13,0.13,207760000
1985-01-02,0.13,0.13,0.124,0.124,175302400
1985-01-03,0.127,0.13,0.127,0.127,166611200
1985-01-04,0.127,0.127,0.125,0.127,137267200
1985-01-07,0.127,0.127,0.126,0.126,170912000
1985-01-08,0.126,0.127,0.125,0.125,141120000
1985-01-09,0.128,0.13,0.128,0.128,166723200
1985-01-10,0.134,0.134,0.134,0.134,277065600
1985-01-11,0.134,0.135,0.132,0.133,205049600
1985-01-14,0.137,0.138,0.137,0.137,270435200
1985-01-15,0.137,0.139,0.134,0.134,264969600
1985-01-16,0.135,0.137,0.135,0.135,189884800
1985-01-17,0.135,0.137,0.126,0.126,547523200
1985-01-18,0.126,0.131,0.125,0.128,352665600
1985-01-21,0.131,0.132,0.131,0.131,325427200
1985-01-22,0.134,0.135,0.134,0.134,424838400
1985-01-23,0.134,0.135,0.132,0.132,430505600
1985-01-24,0.132,0.132,0.129,0.129,397062400
1985-01-25,0.129,0.132,0.127,0.132,318460800
1985-01-28,0.135,0.137,0.135,0.135,412182400
1985-01-29,0.135,0.136,0.133,0.133,223731200
1985-01-30,0.133,0.136,0.133,0.133,492441600
1985-01-31,0.133,0.134,0.129,0.129,276236800
1985-02-01,0.129,0.13,0.127,0.128,137737600
1985-02-04,0.131,0.131,0.131,0.131,218019200
1985-02-05,0.132,0.134,0.132,0.132,190041600
1985-02-06,0.134,0.134,0.134,0.134,194432000
1985-02-07,0.134,0.136,0.133,0.133,245481600
1985-02-08,0.133,0.134,0.132,0.133,132025600
1985-02-11,0.136,0.137,0.136,0.136,346953600
1985-02-12,0.136,0.137,0.133,0.133,226508800
1985-02-13,0.133,0.133,0.127,0.127,527027200
1985-02-14,0.127,0.128,0.123,0.123,426832000
1985-02-15,0.123,0.126,0.122,0.125,173622400
1985-02-19,0.124,0.124,0.123,0.123,149833600
1985-02-20,0.123,0.124,0.118,0.118,219968000
1985-02-21,0.12,0.121,0.12,0.12,308224000
1985-02-22,0.12,0.124,0.12,0.123,226531200
1985-02-25,0.123,0.124,0.122,0.122,98537600
1985-02-26,0.122,0.122,0.119,0.119,188966400
1985-02-27,0.119,0.119,0.112,0.112,403580800
1985-02-28,0.112,0.112,0.11,0.11,319065600
1985-03-01,0.11,0.111,0.107,0.111,247430400
1985-03-04,0.113,0.116,0.113,0.113,153104000
1985-03-05,0.116,0.116,0.116,0.116,130771200
1985-03-06,0.116,0.116,0.11,0.11,193603200
1985-03-07,0.11,0.11,0.099,0.099,733980800
1985-03-08,0.099,0.099,0.093,0.096,473558400
1985-03-11,0.099,0.1,0.099,0.099,286003200
1985-03-12,0.103,0.104,0.103,0.103,219430400
1985-03-13,0.103,0.103,0.097,0.097,251126400
1985-03-14,0.097,0.098,0.097,0.097,241606400
1985-03-15,0.097,0.103,0.097,0.101,181417600
1985-03-18,0.102,0.103,0.102,0.102,124768000
1985-03-19,0.102,0.103,0.098,0.098,171449600
1985-03-20,0.099,0.101,0.099,0.099,404969600
1985-03-21,0.101,0.103,0.101,0.101,162467200
1985-03-22,0.101,0.103,0.099,0.099,80371200
1985-03-25,0.099,0.099,0.097,0.097,109961600
1985-03-26,0.1,0.1,0.1,0.1,121430400
1985-03-27,0.1,0.102,0.098,0.098,111350400
1985-03-28,0.098,0.099,0.098,0.098,129606400
1985-03-29,0.098,0.099,0.098,0.099,87180800
1985-04-01,0.099,0.101,0.097,0.097,114060800
1985-04-02,0.097,0.097,0.094,0.094,227427200
1985-04-03,0.094,0.094,0.094,0.094,242659200
1985-04-04,0.094,0.094,0.092,0.093,161862400
1985-04-08,0.093,0.094,0.088,0.088,198732800
1985-04-09,0.088,0.088,0.088,0.088,263894400
1985-04-10,0.094,0.095,0.094,0.094,226912000
1985-04-11,0.095,0.098,0.095,0.095,146675200
1985-04-12,0.095,0.095,0.093,0.093,72531200
1985-04-15,0.095,0.097,0.095,0.095,59830400
1985-04-16,0.097,0.097,0.097,0.097,67648000
1985-04-17,0.101,0.102,0.101,0.101,123244800
1985-04-18,0.102,0.103,0.102,0.102,202428800
1985-04-19,0.102,0.102,0.1,0.1,96028800
1985-04-22,0.1,0.1,0.097,0.097,102592000
1985-04-23,0.099,0.099,0.099,0.099,118294400
1985-04-24,0.099,0.1,0.098,0.098,78937600
1985-04-25,0.098,0.099,0.098,0.098,87628800
1985-04-26,0.098,0.101,0.098,0.098,119705600
1985-04-29,0.098,0.098,0.094,0.094,62204800
1985-04-30,0.095,0.095,0.095,0.095,94729600
1985-05-01,0.095,0.095,0.093,0.093,57344000
1985-05-02,0.092,0.092,0.086,0.086,329772800
1985-05-03,0.086,0.09,0.086,0.089,158121600
1985-05-06,0.089,0.09,0.088,0.088,56134400
1985-05-07,0.089,0.089,0.089,0.089,107609600
1985-05-08,0.089,0.089,0.089,0.089,144390400
1985-05-09,0.089,0.09,0.089,0.089,127075200
1985-05-10,0.089,0.092,0.089,0.09,136080000
1985-05-13,0.09,0.091,0.089,0.089,87225600
1985-05-14,0.089,0.09,0.088,0.088,121744000
1985-05-15,0.089,0.091,0.089,0.089,130435200
1985-05-16,0.095,0.098,0.095,0.095,230540800
1985-05-17,0.095,0.099,0.095,0.097,211859200
1985-05-20,0.097,0.099,0.095,0.095,197187200
1985-05-21,0.095,0.095,0.093,0.093,152544000
1985-05-22,0.093,0.093,0.092,0.092,120556800
1985-05-23,0.092,0.092,0.088,0.088,239164800
1985-05-24,0.088,0.088,0.081,0.081,589478400
1985-05-28,0.08,0.08,0.075,0.075,510966400
1985-05-29,0.076,0.077,0.076,0.076,246556800
1985-05-30,0.079,0.08,0.079,0.079,314921600
1985-05-31,0.079,0.08,0.078,0.078,369420800
1985-06-03,0.076,0.076,0.071,0.071,576016000
1985-06-04,0.077,0.078,0.077,0.077,401923200
1985-06-05,0.077,0.079,0.075,0.075,286406400
1985-06-06,0.076,0.076,0.076,0.076,271196800
1985-06-07,0.076,0.076,0.073,0.073,475238400
1985-06-10,0.073,0.074,0.072,0.072,316131200
1985-06-11,0.072,0.074,0.072,0.072,300720000
1985-06-12,0.072,0.073,0.07,0.07,247990400
1985-06-13,0.07,0.071,0.066,0.066,379523200
1985-06-14,0.066,0.07,0.066,0.066,565667200
1985-06-17,0.066,0.067,0.066,0.066,236342400
1985-06-18,0.068,0.069,0.068,0.068,265216000
1985-06-19,0.07,0.071,0.07,0.07,171987200
1985-06-20,0.07,0.07,0.07,0.07,190803200
1985-06-21,0.072,0.074,0.072,0.072,166140800
1985-06-24,0.077,0.078,0.077,0.077,205766400
1985-06-25,0.078,0.08,0.078,0.078,293910400
1985-06-26,0.081,0.081,0.081,0.081,132204800
1985-06-27,0.082,0.083,0.082,0.082,192460800
1985-06-28,0.082,0.083,0.08,0.08,135744000
1985-07-01,0.081,0.081,0.081,0.081,103443200
1985-07-02,0.081,0.081,0.077,0.077,77728000
1985-07-03,0.078,0.078,0.078,0.078,68499200
1985-07-05,0.079,0.079,0.079,0.079,36579200
1985-07-08,0.079,0.079,0.079,0.079,92220800
1985-07-09,0.079,0.079,0.079,0.079,147907200
1985-07-10,0.08,0.08,0.08,0.08,106041600
1985-07-11,0.08,0.081,0.08,0.08,64892800
1985-07-12,0.08,0.08,0.08,0.08,47040000
1985-07-15,0.08,0.081,0.079,0.079,77683200
1985-07-16,0.079,0.08,0.078,0.078,143360000
1985-07-17,0.079,0.08,0.079,0.079,118182400
1985-07-18,0.079,0.079,0.077,0.077,179065600
1985-07-19,0.078,0.078,0.078,0.078,114912000
1985-07-22,0.078,0.078,0.075,0.075,192304000
1985-07-23,0.075,0.076,0.074,0.074,168694400
1985-07-24,0.074,0.075,0.073,0.073,168716800
1985-07-25,0.074,0.075,0.074,0.074,315078400
1985-07-26,0.074,0.075,0.074,0.074,130524800
1985-07-29,0.074,0.074,0.071,0.071,77750400
1985-07-30,0.073,0.073,0.073,0.073,89465600
1985-07-31,0.073,0.073,0.071,0.071,80505600
1985-08-01,0.071,0.072,0.071,0.071,51564800
1985-08-02,0.071,0.071,0.07,0.07,97417600
1985-08-05,0.07,0.071,0.069,0.069,92332800
1985-08-06,0.069,0.07,0.068,0.068,63078400
1985-08-07,0.068,0.071,0.066,0.066,151737600
1985-08-08,0.068,0.068,0.068,0.068,147772800
1985-08-09,0.068,0.068,0.068,0.068,60950400
1985-08-12,0.068,0.068,0.067,0.067,54992000
1985-08-13,0.068,0.069,0.068,0.068,42380800
1985-08-14,0.068,0.068,0.065,0.065,289900800
1985-08-15,0.065,0.066,0.065,0.065,105190400
1985-08-16,0.065,0.066,0.065,0.065,83753600
1985-08-19,0.067,0.068,0.067,0.067,47868800
1985-08-20,0.068,0.068,0.068,0.068,66953600
1985-08-21,0.068,0.068,0.068,0.068,77011200
1985-08-22,0.068,0.068,0.066,0.066,123312000
1985-08-23,0.066,0.067,0.066,0.066,44016000
1985-08-26,0.068,0.068,0.068,0.068,35660800
1985-08-27,0.068,0.068,0.068,0.068,42918400
1985-08-28,0.068,0.069,0.068,0.068,40947200
1985-08-29,0.068,0.068,0.066,0.066,56112000
1985-08-30,0.067,0.067,0.067,0.067,42873600
1985-09-03,0.067,0.067,0.066,0.066,37452800
1985-09-04,0.066,0.068,0.066,0.066,47555200
1985-09-05,0.066,0.067,0.066,0.066,32816000
1985-09-06,0.067,0.067,0.067,0.067,92803200
1985-09-09,0.068,0.069,0.068,0.068,132316800
1985-09-10,0.069,0.07,0.069,0.069,121766400
1985-09-11,0.069,0.07,0.069,0.069,87091200
1985-09-12,0.072,0.072,0.072,0.072,111171200
1985-09-13,0.072,0.072,0.07,0.07,70537600
1985-09-16,0.07,0.07,0.068,0.068,36982400
1985-09-17,0.068,0.068,0.068,0.068,183747200
1985-09-18,0.073,0.073,0.073,0.073,120086400
1985-09-19,0.076,0.076,0.076,0.076,186323200
1985-09-20,0.076,0.076,0.075,0.075,135228800
1985-09-23,0.075,0.076,0.075,0.075,118585600
1985-09-24,0.075,0.077,0.074,0.074,88099200
1985-09-25,0.074,0.074,0.071,0.071,104496000
1985-09-26,0.071,0.071,0.071,0.071,53491200
1985-09-30,0.071,0.071,0.07,0.07,36646400
1985-10-01,0.07,0.071,0.07,0.07,88345600
1985-10-02,0.07,0.071,0.07,0.07,21504000
1985-10-03,0.07,0.07,0.069,0.069,48921600
1985-10-04,0.069,0.069,0.067,0.067,69529600
1985-10-07,0.067,0.068,0.067,0.067,91929600
1985-10-08,0.068,0.068,0.068,0.068,86979200
1985-10-09,0.068,0.068,0.067,0.067,82812800
1985-10-10,0.071,0.071,0.071,0.071,261744000
1985-10-11,0.071,0.073,0.071,0.071,118294400
1985-10-14,0.074,0.074,0.074,0.074,155187200
1985-10-15,0.076,0.076,0.076,0.076,293888000
1985-10-16,0.08,0.081,0.08,0.08,288444800
1985-10-17,0.081,0.085,0.081,0.081,348185600
1985-10-18,0.081,0.082,0.079,0.079,230428800
1985-10-21,0.079,0.079,0.077,0.077,118876800
1985-10-22,0.08,0.081,0.08,0.08,424547200
1985-10-23,0.08,0.083,0.08,0.08,148377600
1985-10-24,0.082,0.084,0.082,0.082,272630400
1985-10-25,0.082,0.082,0.08,0.08,63280000
1985-10-28,0.08,0.081,0.08,0.08,59472000
1985-10-29,0.08,0.08,0.08,0.08,130883200
1985-10-30,0.085,0.085,0.085,0.085,226576000
1985-10-31,0.085,0.086,0.083,0.083,155075200
1985-11-01,0.083,0.085,0.083,0.083,92556800
1985-11-04,0.084,0.085,0.084,0.084,155724800
1985-11-05,0.084,0.085,0.083,0.083,107542400
1985-11-06,0.086,0.086,0.086,0.086,200457600
1985-11-07,0.088,0.089,0.088,0.088,317139200
1985-11-08,0.092,0.093,0.092,0.092,294112000
1985-11-11,0.092,0.093,0.089,0.089,178774400
1985-11-12,0.089,0.09,0.089,0.089,173644800
1985-11-13,0.089,0.089,0.086,0.086,101561600
1985-11-14,0.089,0.09,0.089,0.089,139507200
1985-11-15,0.089,0.09,0.089,0.089,81580800
1985-11-18,0.089,0.089,0.089,0.089,64556800
1985-11-19,0.089,0.089,0.086,0.086,94326400
1985-11-20,0.086,0.086,0.085,0.085,99075200
1985-11-21,0.085,0.086,0.085,0.085,102950400
1985-11-22,0.085,0.086,0.084,0.085,128755200
1985-11-25,0.085,0.086,0.085,0.085,97193600
1985-11-26,0.085,0.087,0.085,0.086,164460800
1985-11-27,0.086,0.09,0.086,0.089,191721600
1985-11-29,0.089,0.09,0.089,0.09,99030400
1985-12-02,0.09,0.09,0.089,0.09,100195200
1985-12-03,0.09,0.091,0.089,0.09,155075200
1985-12-04,0.09,0.092,0.09,0.092,165110400
1985-12-05,0.092,0.093,0.089,0.09,125148800
1985-12-06,0.09,0.09,0.088,0.088,65452800
1985-12-09,0.088,0.089,0.086,0.086,139865600
1985-12-10,0.086,0.088,0.086,0.087,200905600
1985-12-11,0.087,0.09,0.087,0.088,237619200
1985-12-12,0.089,0.09,0.089,0.089,125260800
1985-12-13,0.089,0.09,0.088,0.089,251148800
1985-12-16,0.089,0.095,0.089,0.093,288915200
1985-12-17,0.093,0.094,0.091,0.092,109065600
1985-12-18,0.095,0.102,0.095,0.099,559798400
1985-12-19,0.099,0.102,0.099,0.1,270121600
1985-12-20,0.1,0.102,0.099,0.1,206035200
1985-12-23,0.1,0.1,0.097,0.098,143225600
1985-12-24,0.098,0.098,0.097,0.097,64601600
1985-12-26,0.097,0.098,0.097,0.097,45852800
1985-12-27,0.097,0.101,0.097,0.1,122886400
1985-12-30,0.1,0.101,0.099,0.099,107676800
1985-12-31,0.099,0.1,0.098,0.098,87248000
1986-01-02,0.098,0.099,0.097,0.099,117420800
1986-01-03,0.099,0.1,0.099,0.1,242166400
1986-01-06,0.1,0.1,0.098,0.099,185046400
1986-01-07,0.099,0.103,0.099,0.103,470534400
1986-01-08,0.103,0.105,0.102,0.102,607600000
1986-01-09,0.102,0.103,0.098,0.101,447238400
1986-01-10,0.101,0.103,0.101,0.102,153238400
1986-01-13,0.102,0.103,0.1,0.103,215420800
1986-01-14,0.103,0.106,0.1,0.104,272697600
1986-01-15,0.104,0.107,0.103,0.107,423472000
1986-01-16,0.107,0.11,0.107,0.109,534777600
1986-01-17,0.109,0.11,0.107,0.107,345385600
1986-01-20,0.107,0.107,0.104,0.107,127411200
1986-01-21,0.107,0.108,0.106,0.107,151961600
1986-01-22,0.107,0.108,0.1,0.104,143001600
1986-01-23,0.104,0.105,0.102,0.103,156419200
1986-01-24,0.103,0.104,0.101,0.101,111977600
1986-01-27,0.101,0.102,0.098,0.099,389580800
1986-01-28,0.099,0.1,0.098,0.099,222297600
1986-01-29,0.099,0.109,0.098,0.105,589568000
1986-01-30,0.105,0.105,0.102,0.103,236880000
1986-01-31,0.103,0.104,0.102,0.103,147705600
1986-02-03,0.103,0.107,0.102,0.107,350022400
1986-02-04,0.107,0.109,0.106,0.106,260176000
1986-02-05,0.106,0.107,0.105,0.106,197164800
1986-02-06,0.106,0.108,0.105,0.108,134220800
1986-02-07,0.108,0.108,0.105,0.107,129404800
1986-02-10,0.107,0.109,0.106,0.107,111843200
1986-02-11,0.107,0.107,0.105,0.107,153462400
1986-02-12,0.107,0.107,0.106,0.107,133056000
1986-02-13,0.107,0.107,0.106,0.107,109379200
1986-02-14,0.107,0.108,0.106,0.106,137513600
1986-02-18,0.106,0.107,0.104,0.107,148108800
1986-02-19,0.107,0.114,0.107,0.112,359676800
1986-02-20,0.112,0.113,0.111,0.112,137916800
1986-02-21,0.112,0.115,0.112,0.113,189078400
1986-02-24,0.113,0.115,0.112,0.115,247116800
1986-02-25,0.115,0.118,0.112,0.118,224739200
1986-02-26,0.118,0.119,0.116,0.116,164729600
1986-02-27,0.116,0.117,0.114,0.114,108124800
1986-02-28,0.114,0.116,0.111,0.112,125126400
1986-03-03,0.112,0.112,0.109,0.11,108819200
1986-03-04,0.11,0.112,0.109,0.11,89107200
1986-03-05,0.11,0.114,0.108,0.113,177027200
1986-03-06,0.113,0.115,0.112,0.113,101337600
1986-03-07,0.113,0.113,0.11,0.11,96185600
1986-03-10,0.11,0.111,0.11,0.11,75488000
1986-03-11,0.11,0.111,0.109,0.111,103062400
1986-03-12,0.111,0.112,0.11,0.11,85680000
1986-03-13,0.11,0.112,0.109,0.11,115964800
1986-03-14,0.11,0.117,0.11,0.117,384854400
1986-03-17,0.116,0.116,0.113,0.116,118720000
1986-03-18,0.116,0.122,0.116,0.12,249356800
1986-03-19,0.12,0.122,0.118,0.118,189884800
1986-03-20,0.125,0.132,0.125,0.126,904131200
1986-03-21,0.126,0.128,0.123,0.123,260377600
1986-03-24,0.123,0.123,0.118,0.119,294313600
1986-03-25,0.119,0.124,0.119,0.124,281075200
1986-03-26,0.124,0.128,0.124,0.126,222140800
1986-03-27,0.126,0.129,0.126,0.126,219004800
1986-03-31,0.126,0.127,0.125,0.126,187801600
1986-04-01,0.126,0.126,0.121,0.122,222723200
1986-04-02,0.122,0.122,0.117,0.122,325292800
1986-04-03,0.122,0.123,0.12,0.121,211075200
1986-04-04,0.121,0.121,0.119,0.119,125955200
1986-04-07,0.119,0.123,0.117,0.122,120131200
1986-04-08,0.122,0.124,0.122,0.123,193222400
1986-04-09,0.123,0.124,0.12,0.121,135318400
1986-04-10,0.121,0.122,0.12,0.122,109984000
1986-04-11,0.122,0.123,0.121,0.121,75667200
1986-04-14,0.121,0.122,0.119,0.12,84963200
1986-04-15,0.12,0.123,0.12,0.122,131398400
1986-04-16,0.122,0.127,0.122,0.126,210828800
1986-04-17,0.126,0.13,0.125,0.129,270099200
1986-04-18,0.129,0.133,0.128,0.133,247676800
1986-04-21,0.133,0.137,0.133,0.136,273548800
1986-04-22,0.136,0.14,0.132,0.133,327868800
1986-04-23,0.133,0.136,0.131,0.132,261475200
1986-04-24,0.132,0.141,0.132,0.14,458371200
1986-04-25,0.14,0.146,0.14,0.144,261072000
1986-04-28,0.144,0.146,0.142,0.143,145532800
1986-04-29,0.143,0.144,0.12,0.14,132697600
1986-04-30,0.14,0.141,0.135,0.135,137782400
1986-05-01,0.135,0.135,0.133,0.135,257936000
1986-05-02,0.135,0.138,0.134,0.136,93587200
1986-05-05,0.136,0.145,0.136,0.143,149340800
1986-05-06,0.144,0.148,0.144,0.146,218534400
1986-05-07,0.146,0.147,0.14,0.141,198800000
1986-05-08,0.141,0.148,0.141,0.147,233363200
1986-05-09,0.147,0.15,0.146,0.149,222499200
1986-05-12,0.149,0.164,0.148,0.162,400422400
1986-05-13,0.162,0.163,0.157,0.161,471766400
1986-05-14,0.161,0.167,0.161,0.165,482988800
1986-05-15,0.165,0.165,0.159,0.161,222544000
1986-05-16,0.161,0.162,0.157,0.161,319244800
1986-05-19,0.161,0.163,0.158,0.159,209507200
1986-05-20,0.159,0.159,0.153,0.158,245795200
1986-05-21,0.158,0.166,0.156,0.165,346729600
1986-05-22,0.165,0.167,0.16,0.164,220505600
1986-05-23,0.164,0.166,0.162,0.165,139843200
1986-05-27,0.165,0.165,0.162,0.165,84649600
1986-05-28,0.165,0.167,0.164,0.166,207132800
1986-05-29,0.166,0.166,0.163,0.165,101427200
1986-05-30,0.165,0.166,0.163,0.165,127433600
1986-06-02,0.165,0.167,0.164,0.166,199248000
1986-06-03,0.166,0.17,0.166,0.169,325897600
1986-06-04,0.169,0.174,0.169,0.173,300652800
1986-06-05,0.173,0.175,0.172,0.174,147884800
1986-06-06,0.174,0.174,0.167,0.169,177363200
1986-06-09,0.169,0.169,0.16,0.161,247027200
1986-06-10,0.161,0.161,0.157,0.161,246892800
1986-06-11,0.161,0.162,0.158,0.161,186860800
1986-06-12,0.161,0.162,0.161,0.161,129091200
1986-06-13,0.161,0.162,0.157,0.162,143001600
1986-06-16,0.162,0.165,0.159,0.16,173600000
1986-06-17,0.16,0.161,0.152,0.153,222051200
1986-06-18,0.153,0.155,0.145,0.153,429654400
1986-06-19,0.153,0.16,0.151,0.156,344646400
1986-06-20,0.156,0.161,0.156,0.161,161302400
1986-06-23,0.161,0.162,0.155,0.155,116323200
1986-06-24,0.155,0.157,0.153,0.156,141993600
1986-06-25,0.156,0.161,0.156,0.16,131980800
1986-06-26,0.16,0.162,0.158,0.162,116928000
1986-06-27,0.162,0.164,0.158,0.16,50198400
1986-06-30,0.16,0.162,0.16,0.16,70761600
1986-07-01,0.16,0.161,0.155,0.158,87718400
1986-07-02,0.158,0.162,0.158,0.161,144838400
1986-07-03,0.161,0.169,0.159,0.168,181171200
1986-07-07,0.168,0.169,0.158,0.159,181820800
1986-07-08,0.157,0.157,0.152,0.153,273683200
1986-07-09,0.153,0.155,0.152,0.155,365120000
1986-07-10,0.155,0.158,0.155,0.158,208566400
1986-07-11,0.158,0.169,0.157,0.166,224000000
1986-07-14,0.166,0.167,0.162,0.162,237440000
1986-07-15,0.156,0.156,0.153,0.156,297920000
1986-07-16,0.158,0.159,0.146,0.15,539840000
1986-07-17,0.15,0.151,0.143,0.144,250880000
1986-07-18,0.144,0.145,0.14,0.142,309120000
1986-07-21,0.147,0.151,0.146,0.15,228480000
1986-07-22,0.15,0.155,0.148,0.155,239680000
1986-07-23,0.155,0.155,0.152,0.152,179491200
1986-07-24,0.153,0.153,0.147,0.148,144569600
1986-07-25,0.148,0.152,0.147,0.152,217459200
1986-07-28,0.151,0.152,0.144,0.145,246400000
1986-07-29,0.144,0.144,0.137,0.14,595840000
1986-07-30,0.14,0.141,0.134,0.136,255360000
1986-07-31,0.136,0.141,0.136,0.14,282240000
1986-08-01,0.139,0.142,0.139,0.14,150080000
1986-08-04,0.14,0.141,0.137,0.141,130166400
1986-08-05,0.141,0.145,0.141,0.143,117891200
1986-08-06,0.143,0.143,0.138,0.139,185203200
1986-08-07,0.139,0.146,0.139,0.142,173398400
1986-08-08,0.142,0.145,0.141,0.141,110140800
1986-08-11,0.142,0.15,0.142,0.15,183433600
1986-08-12,0.149,0.153,0.149,0.153,244160000
1986-08-13,0.153,0.162,0.153,0.161,454720000
1986-08-14,0.161,0.165,0.161,0.161,230720000
1986-08-15,0.161,0.163,0.159,0.16,137177600
1986-08-18,0.16,0.16,0.156,0.158,147347200
1986-08-19,0.157,0.158,0.155,0.158,137782400
1986-08-20,0.157,0.163,0.157,0.162,171315200
1986-08-21,0.161,0.162,0.16,0.16,194656000
1986-08-22,0.16,0.164,0.16,0.162,115718400
1986-08-25,0.163,0.165,0.162,0.162,126403200
1986-08-26,0.162,0.165,0.162,0.164,131241600
1986-08-27,0.164,0.165,0.162,0.165,147033600
1986-08-28,0.165,0.17,0.165,0.169,219699200
1986-08-29,0.168,0.17,0.165,0.165,135228800
1986-09-02,0.166,0.166,0.155,0.155,232960000
1986-09-03,0.155,0.156,0.152,0.155,117488000
1986-09-04,0.156,0.158,0.155,0.158,198800000
1986-09-05,0.159,0.16,0.156,0.157,98492800
1986-09-08,0.156,0.156,0.15,0.155,126201600
1986-09-09,0.155,0.161,0.155,0.16,150774400
1986-09-10,0.159,0.16,0.155,0.156,75667200
1986-09-11,0.155,0.155,0.145,0.146,134355200
1986-09-12,0.145,0.146,0.142,0.142,228480000
1986-09-15,0.144,0.148,0.143,0.148,222723200
1986-09-16,0.148,0.157,0.145,0.156,246400000
1986-09-17,0.156,0.156,0.153,0.153,116860800
1986-09-18,0.153,0.154,0.151,0.152,99030400
1986-09-19,0.151,0.151,0.148,0.15,127612800
1986-09-22,0.15,0.158,0.15,0.157,239680000
1986-09-23,0.157,0.162,0.157,0.161,338240000
1986-09-24,0.161,0.162,0.152,0.157,176870400
1986-09-25,0.157,0.157,0.15,0.154,187801600
1986-09-26,0.152,0.153,0.151,0.153,70022400
1986-09-29,0.15,0.151,0.141,0.145,208947200
1986-09-30,0.147,0.151,0.146,0.15,180790400
1986-10-01,0.149,0.154,0.149,0.152,138588800
1986-10-02,0.151,0.153,0.15,0.152,94819200
1986-10-03,0.153,0.155,0.149,0.151,138745600
1986-10-06,0.151,0.153,0.15,0.152,94505600
1986-10-07,0.152,0.152,0.147,0.147,127993600
1986-10-08,0.147,0.147,0.144,0.146,111574400
1986-10-09,0.146,0.148,0.146,0.147,77952000
1986-10-10,0.147,0.149,0.145,0.148,58531200
1986-10-13,0.148,0.155,0.147,0.155,99680000
1986-10-14,0.155,0.157,0.151,0.152,199337600
1986-10-15,0.15,0.15,0.146,0.149,205408000
1986-10-16,0.149,0.151,0.148,0.15,135766400
1986-10-17,0.151,0.152,0.149,0.15,151872000
1986-10-20,0.15,0.15,0.147,0.147,148982400
1986-10-21,0.147,0.147,0.146,0.146,113724800
1986-10-22,0.146,0.147,0.144,0.145,94483200
1986-10-23,0.145,0.148,0.145,0.148,123132800
1986-10-24,0.148,0.148,0.146,0.147,75331200
1986-10-27,0.15,0.152,0.148,0.152,151200000
1986-10-28,0.152,0.152,0.147,0.149,142240000
1986-10-29,0.15,0.15,0.148,0.149,85433600
1986-10-30,0.15,0.155,0.149,0.153,293440000
1986-10-31,0.153,0.156,0.153,0.155,121296000
1986-11-03,0.155,0.157,0.155,0.156,151827200
1986-11-04,0.156,0.16,0.151,0.16,246400000
1986-11-05,0.16,0.166,0.158,0.165,624960000
1986-11-06,0.164,0.165,0.16,0.161,331520000
1986-11-07,0.161,0.161,0.156,0.16,143158400
1986-11-10,0.16,0.16,0.157,0.158,105884800
1986-11-11,0.158,0.16,0.157,0.158,50176000
1986-11-12,0.16,0.164,0.159,0.164,130995200
1986-11-13,0.163,0.163,0.158,0.158,137513600
1986-11-14,0.158,0.158,0.156,0.157,135116800
1986-11-17,0.157,0.165,0.156,0.162,141680000
1986-11-18,0.162,0.164,0.157,0.158,170060800
1986-11-19,0.157,0.157,0.154,0.156,302400000
1986-11-20,0.156,0.158,0.156,0.157,295680000
1986-11-21,0.157,0.162,0.157,0.161,286720000
1986-11-24,0.162,0.17,0.161,0.17,376320000
1986-11-25,0.17,0.18,0.17,0.18,848960000
1986-11-26,0.179,0.184,0.179,0.181,506240000
1986-11-28,0.181,0.181,0.177,0.179,220550400
1986-12-01,0.179,0.179,0.175,0.179,347200000
1986-12-02,0.181,0.186,0.179,0.185,369600000
1986-12-03,0.186,0.192,0.185,0.191,336000000
1986-12-04,0.19,0.191,0.188,0.19,268800000
1986-12-05,0.19,0.195,0.19,0.195,262080000
1986-12-08,0.195,0.196,0.189,0.19,347200000
1986-12-09,0.189,0.19,0.184,0.189,302400000
1986-12-10,0.189,0.195,0.188,0.194,244160000
1986-12-11,0.195,0.196,0.19,0.191,226240000
1986-12-12,0.191,0.192,0.184,0.184,180118400
1986-12-15,0.183,0.186,0.18,0.186,209059200
1986-12-16,0.186,0.19,0.186,0.19,151939200
1986-12-17,0.189,0.19,0.182,0.184,151110400
1986-12-18,0.184,0.187,0.182,0.185,175056000
1986-12-19,0.185,0.19,0.185,0.188,199091200
1986-12-22,0.188,0.19,0.186,0.188,164371200
1986-12-23,0.189,0.189,0.187,0.188,244160000
1986-12-24,0.188,0.188,0.186,0.187,95760000
1986-12-26,0.187,0.187,0.183,0.183,89868800
1986-12-29,0.183,0.184,0.18,0.181,117644800
1986-12-30,0.181,0.185,0.18,0.183,148153600
1986-12-31,0.183,0.185,0.18,0.181,132563200
1987-01-02,0.18,0.184,0.179,0.182,120870400
1987-01-05,0.184,0.193,0.183,0.192,239680000
1987-01-06,0.193,0.196,0.19,0.195,324800000
1987-01-07,0.196,0.2,0.195,0.2,434560000
1987-01-08,0.2,0.201,0.199,0.2,291200000
1987-01-09,0.2,0.204,0.198,0.203,239680000
1987-01-12,0.203,0.204,0.2,0.203,232960000
1987-01-13,0.201,0.203,0.199,0.199,211724800
1987-01-14,0.199,0.215,0.199,0.215,504000000
1987-01-15,0.215,0.229,0.214,0.223,546560000
1987-01-16,0.223,0.223,0.213,0.218,407680000
1987-01-19,0.218,0.237,0.214,0.237,362880000
1987-01-20,0.246,0.249,0.23,0.23,775040000
1987-01-21,0.227,0.228,0.219,0.219,533120000
1987-01-22,0.218,0.235,0.217,0.234,472640000
1987-01-23,0.234,0.237,0.224,0.224,459200000
1987-01-26,0.223,0.225,0.221,0.222,351680000
1987-01-27,0.223,0.237,0.223,0.235,378560000
1987-01-28,0.237,0.249,0.233,0.247,414400000
1987-01-29,0.249,0.256,0.238,0.242,557760000
1987-01-30,0.241,0.249,0.235,0.248,409920000
1987-02-02,0.248,0.25,0.242,0.249,246400000
1987-02-03,0.25,0.251,0.244,0.248,178617600
1987-02-04,0.248,0.248,0.243,0.246,217840000
1987-02-05,0.246,0.246,0.237,0.241,340480000
1987-02-06,0.241,0.241,0.236,0.241,293440000
1987-02-09,0.236,0.238,0.233,0.235,157001600
1987-02-10,0.234,0.235,0.23,0.235,166790400
1987-02-11,0.237,0.253,0.235,0.252,342720000
1987-02-12,0.254,0.267,0.254,0.262,710080000
1987-02-13,0.262,0.279,0.259,0.277,510720000
1987-02-17,0.277,0.297,0.276,0.296,409920000
1987-02-18,0.297,0.301,0.283,0.283,470400000
1987-02-19,0.283,0.283,0.276,0.278,313600000
1987-02-20,0.278,0.279,0.271,0.273,190646400
1987-02-23,0.272,0.287,0.266,0.282,351680000
1987-02-24,0.282,0.295,0.282,0.292,356160000
1987-02-25,0.292,0.31,0.289,0.309,454720000
1987-02-26,0.31,0.319,0.304,0.309,499520000
1987-02-27,0.309,0.317,0.302,0.312,405440000
1987-03-02,0.314,0.315,0.299,0.301,396480000
1987-03-03,0.301,0.304,0.289,0.29,436800000
1987-03-04,0.294,0.305,0.292,0.302,448000000
1987-03-05,0.301,0.308,0.3,0.306,338240000
1987-03-06,0.3,0.305,0.298,0.3,176377600
1987-03-09,0.297,0.298,0.288,0.289,255360000
1987-03-10,0.288,0.299,0.288,0.298,244160000
1987-03-11,0.3,0.304,0.296,0.296,218467200
1987-03-12,0.295,0.296,0.284,0.291,302400000
1987-03-13,0.291,0.295,0.283,0.283,197612800
1987-03-16,0.283,0.291,0.279,0.291,246400000
1987-03-17,0.292,0.304,0.29,0.299,244160000
1987-03-18,0.3,0.301,0.289,0.295,302400000
1987-03-19,0.294,0.306,0.292,0.305,206729600
1987-03-20,0.305,0.311,0.305,0.305,347200000
1987-03-23,0.304,0.305,0.296,0.301,246400000
1987-03-24,0.302,0.306,0.296,0.296,268800000
1987-03-25,0.297,0.299,0.291,0.298,273280000
1987-03-26,0.298,0.302,0.297,0.3,143024000
1987-03-27,0.3,0.301,0.289,0.29,133907200
1987-03-30,0.283,0.287,0.278,0.279,259840000
1987-03-31,0.278,0.289,0.278,0.288,273280000
1987-04-01,0.281,0.299,0.278,0.298,217862400
1987-04-02,0.305,0.32,0.299,0.32,777280000
1987-04-03,0.319,0.321,0.314,0.32,539840000
1987-04-06,0.319,0.325,0.309,0.312,288960000
1987-04-07,0.311,0.314,0.302,0.302,259840000
1987-04-08,0.302,0.314,0.301,0.308,230720000
1987-04-09,0.307,0.319,0.302,0.317,237440000
1987-04-10,0.318,0.319,0.311,0.314,217840000
1987-04-13,0.312,0.314,0.301,0.301,142217600
1987-04-14,0.298,0.311,0.297,0.304,407680000
1987-04-15,0.31,0.317,0.307,0.317,349440000
1987-04-16,0.318,0.327,0.317,0.319,347200000
1987-04-20,0.319,0.325,0.316,0.318,149161600
1987-04-21,0.314,0.335,0.31,0.334,432320000
1987-04-22,0.342,0.344,0.33,0.331,403200000
1987-04-23,0.331,0.345,0.331,0.339,304640000
1987-04-24,0.338,0.342,0.333,0.334,255360000
1987-04-27,0.331,0.336,0.327,0.335,383040000
1987-04-28,0.338,0.348,0.337,0.344,324800000
1987-04-29,0.345,0.356,0.344,0.347,291200000
1987-04-30,0.348,0.357,0.347,0.354,253120000
1987-05-01,0.355,0.357,0.352,0.357,132720000
1987-05-04,0.355,0.358,0.353,0.356,142105600
1987-05-05,0.357,0.36,0.348,0.358,230720000
1987-05-06,0.359,0.367,0.354,0.357,286720000
1987-05-07,0.356,0.362,0.356,0.358,180790400
1987-05-08,0.359,0.362,0.353,0.353,184732800
1987-05-11,0.344,0.355,0.343,0.344,197276800
1987-05-12,0.339,0.342,0.335,0.337,259840000
1987-05-13,0.338,0.351,0.337,0.35,311360000
1987-05-14,0.349,0.355,0.349,0.354,148489600
1987-05-15,0.354,0.354,0.348,0.349,145958400
1987-05-18,0.349,0.35,0.337,0.338,241920000
1987-05-19,0.338,0.338,0.324,0.327,239680000
1987-05-20,0.326,0.335,0.324,0.333,288960000
1987-05-21,0.334,0.338,0.333,0.333,173801600
1987-05-22,0.335,0.337,0.329,0.331,97104000
1987-05-26,0.333,0.348,0.33,0.348,152252800
1987-05-27,0.348,0.358,0.346,0.355,180700800
1987-05-28,0.355,0.358,0.35,0.357,151222400
1987-05-29,0.358,0.359,0.353,0.353,92601600
1987-06-01,0.355,0.355,0.346,0.347,83305600
1987-06-02,0.346,0.348,0.344,0.345,137491200
1987-06-03,0.345,0.355,0.345,0.347,171315200
1987-06-04,0.348,0.352,0.344,0.35,153596800
1987-06-05,0.352,0.352,0.347,0.347,130928000
1987-06-08,0.347,0.348,0.343,0.347,201846400
1987-06-09,0.346,0.355,0.346,0.35,127052800
1987-06-10,0.352,0.358,0.348,0.35,146227200
1987-06-11,0.35,0.357,0.348,0.353,125372800
1987-06-12,0.353,0.356,0.352,0.353,101763200
1987-06-15,0.353,0.355,0.346,0.35,259840000
1987-06-16,0.371,0.373,0.339,0.371,342720000
1987-06-17,0.371,0.379,0.357,0.362,297920000
1987-06-18,0.359,0.373,0.353,0.371,229600000
1987-06-19,0.371,0.373,0.36,0.366,125440000
1987-06-22,0.368,0.377,0.365,0.375,169120000
1987-06-23,0.375,0.376,0.364,0.368,80852800
1987-06-24,0.371,0.386,0.362,0.375,118720000
1987-06-25,0.375,0.379,0.362,0.362,120960000
1987-06-26,0.364,0.371,0.357,0.362,127680000
1987-06-29,0.362,0.364,0.357,0.364,101304000
1987-06-30,0.362,0.366,0.355,0.362,144480000
1987-07-01,0.364,0.364,0.355,0.357,94830400
1987-07-02,0.357,0.366,0.355,0.363,81558400
1987-07-06,0.364,0.373,0.362,0.364,85489600
1987-07-07,0.362,0.366,0.346,0.35,203840000
1987-07-08,0.35,0.35,0.326,0.333,341600000
1987-07-09,0.333,0.346,0.333,0.337,239680000
1987-07-10,0.339,0.35,0.337,0.339,156800000
1987-07-13,0.348,0.364,0.346,0.362,255360000
1987-07-14,0.366,0.384,0.366,0.384,257600000
1987-07-15,0.384,0.4,0.377,0.393,271040000
1987-07-16,0.393,0.393,0.386,0.393,94584000
1987-07-17,0.395,0.4,0.382,0.386,92198400
1987-07-20,0.384,0.386,0.371,0.373,124320000
1987-07-21,0.375,0.379,0.368,0.369,110992000
1987-07-22,0.371,0.382,0.368,0.379,60928000
1987-07-23,0.384,0.388,0.362,0.373,74737600
1987-07-24,0.371,0.382,0.371,0.379,117600000
1987-07-27,0.379,0.384,0.375,0.377,56638400
1987-07-28,0.379,0.382,0.373,0.374,74289600
1987-07-29,0.375,0.375,0.362,0.366,98828800
1987-07-30,0.366,0.371,0.364,0.371,104294400
1987-07-31,0.368,0.375,0.368,0.368,73046400
1987-08-03,0.366,0.371,0.359,0.359,63358400
1987-08-04,0.362,0.377,0.357,0.377,120960000
1987-08-05,0.377,0.388,0.375,0.386,129920000
1987-08-06,0.386,0.417,0.382,0.413,252000000
1987-08-07,0.413,0.422,0.411,0.415,152320000
1987-08-10,0.431,0.431,0.408,0.431,77996800
1987-08-11,0.442,0.449,0.435,0.442,271040000
1987-08-12,0.442,0.444,0.431,0.435,161280000
1987-08-13,0.435,0.449,0.433,0.438,196000000
1987-08-14,0.433,0.446,0.429,0.438,104854400
1987-08-17,0.442,0.446,0.435,0.442,145600000
1987-08-18,0.44,0.442,0.431,0.435,237440000
1987-08-19,0.442,0.446,0.438,0.446,66875200
1987-08-20,0.449,0.469,0.444,0.462,175840000
1987-08-21,0.462,0.48,0.46,0.473,140000000
1987-08-24,0.473,0.478,0.467,0.467,120960000
1987-08-25,0.471,0.475,0.464,0.464,136640000
1987-08-26,0.473,0.478,0.464,0.464,196000000
1987-08-27,0.467,0.471,0.46,0.464,124320000
1987-08-28,0.464,0.469,0.46,0.464,95816000
1987-08-31,0.467,0.484,0.462,0.482,150080000
1987-09-01,0.489,0.493,0.469,0.469,138880000
1987-09-02,0.464,0.475,0.453,0.464,229600000
1987-09-03,0.469,0.471,0.449,0.458,184800000
1987-09-04,0.458,0.462,0.446,0.451,108438400
1987-09-08,0.449,0.451,0.433,0.445,175840000
1987-09-09,0.449,0.473,0.442,0.471,157920000
1987-09-10,0.475,0.487,0.474,0.48,140000000
1987-09-11,0.482,0.496,0.471,0.487,124320000
1987-09-14,0.489,0.493,0.471,0.473,81905600
1987-09-15,0.473,0.473,0.46,0.462,104608000
1987-09-16,0.462,0.47,0.458,0.462,168000000
1987-09-17,0.464,0.467,0.455,0.464,66796800
1987-09-18,0.464,0.467,0.459,0.462,71198400
1987-09-21,0.462,0.471,0.449,0.449,128800000
1987-09-22,0.451,0.484,0.449,0.483,153440000
1987-09-23,0.483,0.5,0.48,0.493,254576000
1987-09-24,0.493,0.517,0.493,0.504,182560000
1987-09-25,0.507,0.518,0.504,0.513,106523200
1987-09-28,0.513,0.525,0.496,0.498,203840000
1987-09-29,0.5,0.5,0.484,0.487,171360000
1987-09-30,0.484,0.509,0.484,0.504,122080000
1987-10-01,0.507,0.525,0.504,0.52,116480000
1987-10-02,0.52,0.525,0.513,0.522,96499200
1987-10-05,0.522,0.533,0.516,0.529,134400000
1987-10-06,0.531,0.531,0.496,0.498,201600000
1987-10-07,0.496,0.498,0.484,0.496,224000000
1987-10-08,0.496,0.5,0.475,0.484,164640000
1987-10-09,0.484,0.496,0.482,0.483,145600000
1987-10-12,0.484,0.485,0.462,0.475,199360000
1987-10-13,0.487,0.489,0.475,0.487,162400000
1987-10-14,0.48,0.482,0.464,0.475,258720000
1987-10-15,0.475,0.487,0.462,0.464,348320000
1987-10-16,0.467,0.473,0.424,0.431,420000000
1987-10-19,0.431,0.431,0.317,0.326,476000000
1987-10-20,0.344,0.375,0.291,0.308,568960000
1987-10-21,0.344,0.375,0.339,0.362,534240000
1987-10-22,0.35,0.362,0.321,0.328,385280000
1987-10-23,0.319,0.326,0.306,0.317,198240000
1987-10-26,0.308,0.312,0.247,0.25,313600000
1987-10-27,0.263,0.288,0.259,0.27,455840000
1987-10-28,0.275,0.301,0.261,0.299,418880000
1987-10-29,0.306,0.357,0.288,0.353,331520000
1987-10-30,0.357,0.384,0.344,0.345,421120000
1987-11-02,0.346,0.353,0.335,0.346,188160000
1987-11-03,0.339,0.344,0.306,0.324,313600000
1987-11-04,0.317,0.333,0.31,0.321,234080000
1987-11-05,0.324,0.346,0.324,0.339,255360000
1987-11-06,0.342,0.353,0.33,0.337,187040000
1987-11-09,0.33,0.335,0.324,0.333,210560000
1987-11-10,0.326,0.335,0.321,0.324,231840000
1987-11-11,0.333,0.342,0.328,0.333,185920000
1987-11-12,0.344,0.357,0.343,0.346,246400000
1987-11-13,0.35,0.353,0.33,0.333,154560000
1987-11-16,0.337,0.344,0.326,0.328,184800000
1987-11-17,0.328,0.33,0.312,0.312,268800000
1987-11-18,0.319,0.326,0.308,0.324,265440000
1987-11-19,0.326,0.326,0.304,0.308,182560000
1987-11-20,0.304,0.321,0.297,0.317,250880000
1987-11-23,0.317,0.324,0.31,0.324,97395200
1987-11-24,0.328,0.337,0.323,0.33,197120000
1987-11-25,0.33,0.33,0.321,0.326,92400000
1987-11-27,0.324,0.326,0.31,0.312,70683200
1987-11-30,0.301,0.308,0.272,0.295,416640000
1987-12-01,0.299,0.304,0.292,0.297,181440000
1987-12-02,0.297,0.299,0.29,0.29,142240000
1987-12-03,0.295,0.298,0.266,0.272,319200000
1987-12-04,0.27,0.279,0.266,0.275,244160000
1987-12-07,0.277,0.297,0.277,0.295,203840000
1987-12-08,0.299,0.311,0.297,0.308,254240000
1987-12-09,0.308,0.324,0.302,0.312,179200000
1987-12-10,0.301,0.321,0.297,0.31,276640000
1987-12-11,0.31,0.31,0.299,0.304,122080000
1987-12-14,0.308,0.335,0.306,0.333,341600000
1987-12-15,0.337,0.342,0.33,0.335,299040000
1987-12-16,0.337,0.355,0.333,0.35,330400000
1987-12-17,0.362,0.364,0.35,0.35,325920000
1987-12-18,0.353,0.368,0.35,0.362,302400000
1987-12-21,0.362,0.373,0.359,0.373,188160000
1987-12-22,0.373,0.373,0.362,0.371,128800000
1987-12-23,0.373,0.382,0.368,0.377,171360000
1987-12-24,0.375,0.384,0.373,0.381,69944000
1987-12-28,0.377,0.379,0.353,0.359,229600000
1987-12-29,0.362,0.377,0.359,0.376,118720000
1987-12-30,0.379,0.391,0.379,0.387,155680000
1987-12-31,0.379,0.384,0.374,0.375,117600000
1988-01-04,0.382,0.4,0.377,0.4,330400000
1988-01-05,0.411,0.413,0.395,0.398,309120000
1988-01-06,0.402,0.402,0.391,0.391,268800000
1988-01-07,0.388,0.4,0.379,0.397,212800000
1988-01-08,0.397,0.404,0.353,0.357,486080000
1988-01-11,0.357,0.382,0.355,0.379,404320000
1988-01-12,0.384,0.388,0.355,0.375,400960000
1988-01-13,0.375,0.386,0.367,0.377,211680000
1988-01-14,0.382,0.383,0.375,0.377,132160000
1988-01-15,0.388,0.402,0.379,0.383,343840000
1988-01-18,0.384,0.384,0.375,0.382,125440000
1988-01-19,0.377,0.386,0.369,0.382,274400000
1988-01-20,0.384,0.384,0.342,0.355,680960000
1988-01-21,0.362,0.364,0.352,0.358,493920000
1988-01-22,0.362,0.364,0.342,0.35,445760000
1988-01-25,0.353,0.371,0.353,0.365,200480000
1988-01-26,0.364,0.366,0.35,0.355,143360000
1988-01-27,0.359,0.362,0.346,0.355,258720000
1988-01-28,0.357,0.371,0.355,0.368,232960000
1988-01-29,0.371,0.373,0.359,0.371,265440000
1988-02-01,0.373,0.379,0.369,0.373,199360000
1988-02-02,0.371,0.374,0.362,0.368,191520000
1988-02-03,0.366,0.368,0.35,0.353,226240000
1988-02-04,0.353,0.358,0.348,0.355,199360000
1988-02-05,0.357,0.36,0.344,0.345,132160000
1988-02-08,0.344,0.35,0.337,0.346,203840000
1988-02-09,0.348,0.356,0.346,0.355,116480000
1988-02-10,0.355,0.371,0.355,0.366,228480000
1988-02-11,0.366,0.368,0.359,0.363,147840000
1988-02-12,0.363,0.371,0.362,0.366,137760000
1988-02-16,0.366,0.368,0.357,0.368,154560000
1988-02-17,0.368,0.379,0.368,0.374,256480000
1988-02-18,0.372,0.382,0.371,0.373,143360000
1988-02-19,0.373,0.375,0.371,0.373,90764800
1988-02-22,0.371,0.39,0.371,0.386,200480000
1988-02-23,0.386,0.391,0.377,0.382,220640000
1988-02-24,0.382,0.384,0.375,0.377,145600000
1988-02-25,0.375,0.384,0.373,0.373,179200000
1988-02-26,0.375,0.377,0.368,0.373,82342400
1988-02-29,0.373,0.386,0.371,0.384,112000000
1988-03-01,0.386,0.388,0.379,0.386,171360000
1988-03-02,0.391,0.402,0.388,0.4,292320000
1988-03-03,0.397,0.42,0.397,0.415,473760000
1988-03-04,0.411,0.42,0.406,0.419,209440000
1988-03-07,0.417,0.426,0.415,0.419,207200000
1988-03-08,0.417,0.42,0.411,0.413,144480000
1988-03-09,0.413,0.422,0.413,0.417,134400000
1988-03-10,0.42,0.422,0.404,0.404,176960000
1988-03-11,0.406,0.408,0.397,0.408,157920000
1988-03-14,0.408,0.415,0.406,0.413,98123200
1988-03-15,0.411,0.413,0.4,0.402,181440000
1988-03-16,0.401,0.414,0.397,0.412,118720000
1988-03-17,0.413,0.415,0.4,0.402,260960000
1988-03-18,0.402,0.406,0.395,0.4,272160000
1988-03-21,0.396,0.398,0.384,0.392,227360000
1988-03-22,0.393,0.397,0.386,0.393,119179200
1988-03-23,0.393,0.393,0.374,0.379,209440000
1988-03-24,0.373,0.379,0.357,0.365,320320000
1988-03-25,0.364,0.368,0.357,0.358,131040000
1988-03-28,0.357,0.373,0.353,0.371,172480000
1988-03-29,0.371,0.375,0.363,0.366,213920000
1988-03-30,0.364,0.368,0.346,0.353,371840000
1988-03-31,0.355,0.362,0.35,0.357,217280000
1988-04-04,0.355,0.362,0.344,0.346,181440000
1988-04-05,0.35,0.353,0.344,0.35,147840000
1988-04-06,0.353,0.373,0.348,0.373,190400000
1988-04-07,0.373,0.378,0.364,0.364,163520000
1988-04-08,0.364,0.373,0.355,0.366,202720000
1988-04-11,0.373,0.375,0.366,0.371,148960000
1988-04-12,0.373,0.377,0.368,0.373,173600000
1988-04-13,0.373,0.375,0.366,0.368,143360000
1988-04-14,0.362,0.371,0.348,0.353,188160000
1988-04-15,0.355,0.357,0.344,0.353,232960000
1988-04-18,0.355,0.364,0.35,0.357,170240000
1988-04-19,0.358,0.371,0.358,0.359,212329600
1988-04-20,0.359,0.362,0.35,0.355,215040000
1988-04-21,0.36,0.362,0.348,0.353,178080000
1988-04-22,0.355,0.359,0.353,0.358,107643200
1988-04-25,0.359,0.366,0.357,0.365,150080000
1988-04-26,0.366,0.373,0.364,0.371,175840000
1988-04-27,0.373,0.375,0.371,0.373,126560000
1988-04-28,0.373,0.375,0.368,0.369,99164800
1988-04-29,0.368,0.371,0.362,0.366,89992000
1988-05-02,0.364,0.368,0.362,0.366,82196800
1988-05-03,0.366,0.377,0.364,0.373,124320000
1988-05-04,0.374,0.385,0.373,0.375,224000000
1988-05-05,0.375,0.377,0.371,0.373,70459200
1988-05-06,0.372,0.373,0.368,0.368,107038400
1988-05-09,0.368,0.368,0.362,0.364,76372800
1988-05-10,0.362,0.366,0.359,0.365,95905600
1988-05-11,0.359,0.364,0.353,0.353,174720000
1988-05-12,0.353,0.359,0.353,0.355,82980800
1988-05-13,0.359,0.362,0.357,0.362,71400000
1988-05-16,0.362,0.369,0.357,0.368,74760000
1988-05-17,0.371,0.375,0.359,0.362,193760000
1988-05-18,0.362,0.364,0.353,0.355,174720000
1988-05-19,0.353,0.355,0.344,0.348,249760000
1988-05-20,0.35,0.353,0.346,0.346,81737600
1988-05-23,0.344,0.347,0.334,0.339,183680000
1988-05-24,0.339,0.348,0.337,0.347,142240000
1988-05-25,0.348,0.355,0.344,0.344,135520000
1988-05-26,0.344,0.353,0.344,0.352,85780800
1988-05-27,0.35,0.357,0.348,0.355,83955200
1988-05-31,0.357,0.371,0.355,0.371,123200000
1988-06-01,0.371,0.379,0.368,0.379,229600000
1988-06-02,0.375,0.379,0.371,0.373,133280000
1988-06-03,0.373,0.386,0.373,0.384,175840000
1988-06-06,0.382,0.393,0.382,0.393,164640000
1988-06-07,0.391,0.404,0.388,0.393,311360000
1988-06-08,0.395,0.406,0.393,0.402,258720000
1988-06-09,0.402,0.404,0.386,0.388,269920000
1988-06-10,0.388,0.4,0.384,0.397,176960000
1988-06-13,0.402,0.404,0.395,0.402,148960000
1988-06-14,0.404,0.411,0.402,0.404,292420800
1988-06-15,0.404,0.408,0.402,0.408,122080000
1988-06-16,0.402,0.404,0.395,0.397,107374400
1988-06-17,0.4,0.4,0.395,0.4,95390400
1988-06-20,0.396,0.4,0.393,0.394,78601600
1988-06-21,0.393,0.402,0.392,0.401,123592000
1988-06-22,0.406,0.41,0.402,0.407,195563200
1988-06-23,0.408,0.408,0.402,0.402,71388800
1988-06-24,0.402,0.406,0.397,0.402,74715200
1988-06-27,0.397,0.405,0.397,0.397,83619200
1988-06-28,0.4,0.413,0.397,0.413,162568000
1988-06-29,0.411,0.417,0.408,0.414,143449600
1988-06-30,0.413,0.417,0.411,0.413,114688000
1988-07-01,0.415,0.419,0.413,0.415,94539200
1988-07-05,0.415,0.422,0.412,0.422,104451200
1988-07-06,0.421,0.424,0.412,0.415,156553600
1988-07-07,0.415,0.415,0.404,0.41,105604800
1988-07-08,0.406,0.411,0.402,0.404,105392000
1988-07-11,0.406,0.406,0.401,0.403,73628800
1988-07-12,0.402,0.404,0.397,0.4,100900800
1988-07-13,0.4,0.402,0.395,0.4,115169600
1988-07-14,0.4,0.404,0.397,0.402,62809600
1988-07-15,0.402,0.406,0.4,0.402,83025600
1988-07-18,0.405,0.411,0.404,0.406,113500800
1988-07-19,0.402,0.406,0.392,0.4,122304000
1988-07-20,0.4,0.402,0.393,0.395,120086400
1988-07-21,0.391,0.393,0.382,0.384,149027200
1988-07-22,0.384,0.386,0.379,0.379,103846400
1988-07-25,0.382,0.386,0.377,0.382,105896000
1988-07-26,0.382,0.386,0.377,0.382,101528000
1988-07-27,0.382,0.386,0.379,0.382,116524800
1988-07-28,0.379,0.384,0.377,0.381,92680000
1988-07-29,0.386,0.397,0.384,0.396,158950400
1988-08-01,0.397,0.408,0.395,0.402,85937600
1988-08-02,0.402,0.406,0.397,0.398,121284800
1988-08-03,0.4,0.4,0.393,0.4,110846400
1988-08-04,0.4,0.404,0.397,0.398,68913600
1988-08-05,0.397,0.402,0.395,0.395,52662400
1988-08-08,0.397,0.4,0.393,0.393,29937600
1988-08-09,0.393,0.395,0.384,0.388,170027200
1988-08-10,0.391,0.391,0.373,0.374,147806400
1988-08-11,0.377,0.386,0.375,0.386,106052800
1988-08-12,0.384,0.384,0.377,0.379,77481600
1988-08-15,0.377,0.377,0.362,0.368,166678400
1988-08-16,0.366,0.386,0.364,0.379,122752000
1988-08-17,0.379,0.382,0.373,0.375,118944000
1988-08-18,0.375,0.384,0.373,0.379,74065600
1988-08-19,0.379,0.382,0.362,0.364,227360000
1988-08-22,0.359,0.364,0.353,0.355,170195200
1988-08-23,0.355,0.359,0.35,0.353,163576000
1988-08-24,0.355,0.364,0.353,0.364,125473600
1988-08-25,0.359,0.362,0.35,0.358,127680000
1988-08-26,0.357,0.364,0.357,0.359,40152000
1988-08-29,0.364,0.366,0.362,0.365,57232000
1988-08-30,0.364,0.366,0.357,0.365,50568000
1988-08-31,0.366,0.367,0.353,0.356,237686400
1988-09-01,0.355,0.355,0.344,0.347,246736000
1988-09-02,0.353,0.357,0.348,0.355,186300800
1988-09-06,0.357,0.357,0.346,0.347,143449600
1988-09-07,0.348,0.353,0.337,0.342,179110400
1988-09-08,0.342,0.353,0.337,0.346,207256000
1988-09-09,0.346,0.366,0.337,0.362,234673600
1988-09-12,0.366,0.373,0.358,0.366,148030400
1988-09-13,0.359,0.368,0.357,0.366,119683200
1988-09-14,0.373,0.378,0.371,0.375,238571200
1988-09-15,0.375,0.382,0.371,0.372,165760000
1988-09-16,0.371,0.382,0.369,0.377,123760000
1988-09-19,0.375,0.377,0.368,0.373,92131200
1988-09-20,0.373,0.377,0.369,0.371,102681600
1988-09-21,0.373,0.384,0.371,0.382,91347200
1988-09-22,0.384,0.393,0.382,0.393,145667200
1988-09-23,0.388,0.395,0.388,0.391,101483200
1988-09-26,0.391,0.393,0.379,0.382,87035200
1988-09-27,0.379,0.388,0.379,0.387,162982400
1988-09-28,0.388,0.394,0.386,0.388,84694400
1988-09-29,0.391,0.395,0.388,0.393,106075200
1988-09-30,0.393,0.393,0.386,0.386,92892800
1988-10-03,0.384,0.386,0.375,0.379,90776000
1988-10-04,0.377,0.382,0.367,0.371,51654400
1988-10-05,0.368,0.373,0.362,0.365,123200000
1988-10-06,0.362,0.365,0.35,0.355,167764800
1988-10-07,0.348,0.355,0.343,0.355,457587200
1988-10-10,0.353,0.355,0.335,0.344,332640000
1988-10-11,0.342,0.353,0.342,0.348,194555200
1988-10-12,0.344,0.348,0.339,0.346,132944000
1988-10-13,0.344,0.355,0.344,0.348,164460800
1988-10-14,0.353,0.353,0.34,0.346,157248000
1988-10-17,0.344,0.348,0.342,0.344,93688000
1988-10-18,0.348,0.353,0.342,0.352,142598400
1988-10-19,0.355,0.364,0.353,0.357,277323200
1988-10-20,0.357,0.372,0.357,0.371,173465600
1988-10-21,0.368,0.373,0.364,0.366,123603200
1988-10-24,0.368,0.368,0.354,0.357,135161600
1988-10-25,0.359,0.359,0.355,0.356,85187200
1988-10-26,0.357,0.357,0.344,0.35,188720000
1988-10-27,0.346,0.35,0.342,0.348,143684800
1988-10-28,0.348,0.353,0.344,0.344,84481600
1988-10-31,0.346,0.346,0.335,0.345,242905600
1988-11-01,0.344,0.346,0.337,0.339,143696000
1988-11-02,0.342,0.342,0.328,0.333,208521600
1988-11-03,0.333,0.335,0.328,0.331,242457600
1988-11-04,0.328,0.339,0.328,0.337,153798400
1988-11-07,0.333,0.337,0.33,0.335,170083200
1988-11-08,0.335,0.346,0.334,0.344,154526400
1988-11-09,0.342,0.352,0.339,0.35,201723200
1988-11-10,0.353,0.355,0.348,0.353,99915200
1988-11-11,0.348,0.354,0.344,0.344,108684800
1988-11-14,0.346,0.348,0.342,0.347,85232000
1988-11-15,0.348,0.35,0.346,0.348,80001600
1988-11-16,0.348,0.35,0.337,0.339,147840000
1988-11-17,0.339,0.344,0.339,0.342,79542400
1988-11-18,0.344,0.344,0.339,0.339,57590400
1988-11-21,0.335,0.337,0.324,0.327,221905600
1988-11-22,0.326,0.329,0.321,0.323,148187200
1988-11-23,0.319,0.33,0.317,0.329,187992000
1988-11-25,0.324,0.328,0.321,0.326,48294400
1988-11-28,0.326,0.328,0.321,0.326,139361600
1988-11-29,0.326,0.328,0.321,0.328,92668800
1988-11-30,0.328,0.339,0.328,0.336,167843200
1988-12-01,0.337,0.348,0.335,0.346,212161600
1988-12-02,0.342,0.356,0.339,0.35,333715200
1988-12-05,0.353,0.357,0.346,0.353,154414400
1988-12-06,0.35,0.355,0.348,0.353,104932800
1988-12-07,0.348,0.353,0.346,0.352,98134400
1988-12-08,0.35,0.35,0.346,0.349,59460800
1988-12-09,0.35,0.353,0.346,0.349,44956800
1988-12-12,0.35,0.353,0.344,0.344,117880000
1988-12-13,0.344,0.346,0.342,0.346,122550400
1988-12-14,0.344,0.357,0.344,0.355,193300800
1988-12-15,0.357,0.362,0.35,0.353,112571200
1988-12-16,0.353,0.362,0.35,0.358,183489600
1988-12-19,0.359,0.366,0.357,0.364,234326400
1988-12-20,0.366,0.371,0.363,0.366,274187200
1988-12-21,0.366,0.375,0.366,0.373,241964800
1988-12-22,0.373,0.375,0.364,0.366,106030400
1988-12-23,0.366,0.369,0.366,0.367,40958400
1988-12-27,0.366,0.371,0.362,0.362,59987200
1988-12-28,0.362,0.364,0.355,0.359,51542400
1988-12-29,0.359,0.364,0.359,0.362,117812800
1988-12-30,0.362,0.368,0.359,0.359,81692800
1989-01-03,0.359,0.362,0.357,0.36,100016000
1989-01-04,0.364,0.376,0.362,0.375,239948800
1989-01-05,0.375,0.386,0.368,0.377,307328000
1989-01-06,0.377,0.388,0.377,0.381,198665600
1989-01-09,0.384,0.385,0.377,0.384,79307200
1989-01-10,0.379,0.383,0.371,0.381,103320000
1989-01-11,0.377,0.379,0.368,0.376,156128000
1989-01-12,0.377,0.384,0.375,0.382,150315200
1989-01-13,0.382,0.388,0.378,0.386,193905600
1989-01-16,0.386,0.393,0.384,0.391,168593600
1989-01-17,0.386,0.388,0.357,0.36,756604800
1989-01-18,0.364,0.367,0.353,0.355,487928000
1989-01-19,0.362,0.366,0.357,0.362,255987200
1989-01-20,0.362,0.371,0.359,0.366,173734400
1989-01-23,0.364,0.368,0.364,0.366,180532800
1989-01-24,0.366,0.373,0.364,0.372,223294400
1989-01-25,0.373,0.375,0.366,0.371,110936000
1989-01-26,0.364,0.376,0.363,0.373,285264000
1989-01-27,0.342,0.35,0.324,0.336,2127171200
1989-01-30,0.336,0.339,0.333,0.334,586499200
1989-01-31,0.333,0.337,0.328,0.337,460353600
1989-02-01,0.337,0.354,0.334,0.35,487558400
1989-02-02,0.353,0.359,0.35,0.355,473491200
1989-02-03,0.357,0.359,0.348,0.35,178908800
1989-02-06,0.353,0.353,0.342,0.344,116737600
1989-02-07,0.342,0.35,0.342,0.348,165155200
1989-02-08,0.348,0.353,0.339,0.342,157012800
1989-02-09,0.342,0.348,0.339,0.342,160809600
1989-02-10,0.342,0.342,0.33,0.333,348342400
1989-02-13,0.328,0.333,0.328,0.33,235188800
1989-02-14,0.329,0.33,0.315,0.319,891576000
1989-02-15,0.319,0.324,0.317,0.324,330624000
1989-02-16,0.324,0.333,0.321,0.325,255696000
1989-02-17,0.324,0.33,0.324,0.328,116849600
1989-02-21,0.329,0.337,0.328,0.335,190556800
1989-02-22,0.333,0.335,0.326,0.328,238324800
1989-02-23,0.326,0.33,0.324,0.328,95368000
1989-02-24,0.33,0.33,0.321,0.321,152129600
1989-02-27,0.321,0.326,0.319,0.326,115920000
1989-02-28,0.326,0.328,0.321,0.324,176019200
1989-03-01,0.324,0.326,0.317,0.321,170128000
1989-03-02,0.319,0.324,0.31,0.312,376331200
1989-03-03,0.315,0.315,0.304,0.31,387777600
1989-03-06,0.312,0.32,0.308,0.317,168515200
1989-03-07,0.317,0.321,0.312,0.319,260691200
1989-03-08,0.318,0.324,0.315,0.315,216294400
1989-03-09,0.315,0.319,0.308,0.308,133436800
1989-03-10,0.308,0.312,0.306,0.312,102715200
1989-03-13,0.312,0.317,0.31,0.312,131107200
1989-03-14,0.312,0.317,0.311,0.315,161940800
1989-03-15,0.315,0.317,0.31,0.312,90059200
1989-03-16,0.312,0.317,0.308,0.315,192236800
1989-03-17,0.308,0.319,0.304,0.311,237126400
1989-03-20,0.312,0.315,0.308,0.311,181451200
1989-03-21,0.317,0.317,0.31,0.311,128195200
1989-03-22,0.306,0.31,0.301,0.302,144849600
1989-03-23,0.304,0.308,0.301,0.307,118910400
1989-03-27,0.306,0.308,0.299,0.301,151659200
1989-03-28,0.304,0.308,0.304,0.304,141254400
1989-03-29,0.304,0.308,0.304,0.306,74401600
1989-03-30,0.306,0.312,0.304,0.31,105246400
1989-03-31,0.312,0.319,0.31,0.318,185348800
1989-04-03,0.317,0.324,0.31,0.312,166286400
1989-04-04,0.308,0.311,0.302,0.308,115729600
1989-04-05,0.308,0.315,0.306,0.312,120254400
1989-04-06,0.31,0.323,0.308,0.321,156374400
1989-04-07,0.321,0.335,0.321,0.334,354984000
1989-04-10,0.333,0.339,0.328,0.33,135374400
1989-04-11,0.335,0.339,0.33,0.337,146540800
1989-04-12,0.342,0.35,0.338,0.344,387912000
1989-04-13,0.346,0.353,0.342,0.344,181272000
1989-04-14,0.348,0.35,0.342,0.346,123356800
1989-04-17,0.344,0.35,0.339,0.35,140145600
1989-04-18,0.353,0.362,0.35,0.358,560985600
1989-04-19,0.357,0.372,0.355,0.365,425880000
1989-04-20,0.364,0.371,0.359,0.364,179816000
1989-04-21,0.362,0.365,0.355,0.358,115169600
1989-04-24,0.357,0.359,0.353,0.358,110790400
1989-04-25,0.357,0.362,0.355,0.357,116177600
1989-04-26,0.357,0.359,0.349,0.355,186132800
1989-04-27,0.353,0.357,0.348,0.352,139384000
1989-04-28,0.35,0.353,0.344,0.348,103857600
1989-05-01,0.344,0.35,0.344,0.348,80662400
1989-05-02,0.348,0.359,0.348,0.356,215745600
1989-05-03,0.355,0.364,0.355,0.359,220539200
1989-05-04,0.359,0.368,0.357,0.366,188910400
1989-05-05,0.379,0.382,0.371,0.371,460756800
1989-05-08,0.371,0.377,0.371,0.377,205923200
1989-05-09,0.375,0.384,0.375,0.379,346774400
1989-05-10,0.384,0.388,0.379,0.386,234438400
1989-05-11,0.386,0.395,0.384,0.392,300944000
1989-05-12,0.397,0.402,0.393,0.402,467140800
1989-05-15,0.4,0.413,0.4,0.411,317900800
1989-05-16,0.411,0.413,0.402,0.405,228670400
1989-05-17,0.404,0.406,0.402,0.404,248460800
1989-05-18,0.404,0.406,0.4,0.4,211254400
1989-05-19,0.4,0.413,0.4,0.408,330769600
1989-05-22,0.408,0.413,0.404,0.411,190400000
1989-05-23,0.411,0.411,0.404,0.406,134467200
1989-05-24,0.404,0.426,0.404,0.426,297606400
1989-05-25,0.422,0.438,0.422,0.431,232366400
1989-05-26,0.431,0.438,0.429,0.433,112515200
1989-05-30,0.431,0.438,0.423,0.424,111921600
1989-05-31,0.424,0.43,0.42,0.426,115214400
1989-06-01,0.426,0.44,0.424,0.435,179502400
1989-06-02,0.433,0.442,0.433,0.438,124476800
1989-06-05,0.435,0.438,0.415,0.42,124118400
1989-06-06,0.417,0.42,0.413,0.417,145006400
1989-06-07,0.417,0.433,0.417,0.431,175672000
1989-06-08,0.433,0.438,0.422,0.425,178012800
1989-06-09,0.422,0.426,0.415,0.42,94416000
1989-06-12,0.417,0.426,0.413,0.424,80864000
1989-06-13,0.424,0.435,0.42,0.433,230977600
1989-06-14,0.438,0.449,0.431,0.443,251305600
1989-06-15,0.442,0.444,0.424,0.424,161403200
1989-06-16,0.4,0.406,0.388,0.397,542001600
1989-06-19,0.397,0.4,0.388,0.393,183120000
1989-06-20,0.393,0.393,0.377,0.384,134534400
1989-06-21,0.384,0.388,0.377,0.379,129864000
1989-06-22,0.379,0.391,0.375,0.386,137200000
1989-06-23,0.386,0.395,0.386,0.392,123894400
1989-06-26,0.393,0.393,0.386,0.388,183836800
1989-06-27,0.391,0.395,0.379,0.381,105784000
1989-06-28,0.377,0.377,0.366,0.373,257028800
1989-06-29,0.366,0.368,0.357,0.363,233520000
1989-06-30,0.362,0.373,0.353,0.368,164740800
1989-07-03,0.373,0.373,0.364,0.364,48350400
1989-07-05,0.362,0.364,0.357,0.362,119156800
1989-07-06,0.364,0.373,0.359,0.368,173924800
1989-07-07,0.368,0.375,0.362,0.368,106108800
1989-07-10,0.366,0.368,0.357,0.362,203694400
1989-07-11,0.364,0.366,0.355,0.355,243924800
1989-07-12,0.355,0.359,0.353,0.357,124129600
1989-07-13,0.357,0.366,0.353,0.363,225433600
1989-07-14,0.364,0.366,0.355,0.364,257320000
1989-07-17,0.364,0.368,0.355,0.364,130894400
1989-07-18,0.364,0.364,0.346,0.35,477310400
1989-07-19,0.353,0.364,0.348,0.362,238974400
1989-07-20,0.364,0.368,0.355,0.357,236073600
1989-07-21,0.355,0.357,0.348,0.357,139484800
1989-07-24,0.355,0.355,0.35,0.35,115987200
1989-07-25,0.35,0.355,0.339,0.346,209843200
1989-07-26,0.342,0.344,0.337,0.342,233744000
1989-07-27,0.342,0.353,0.339,0.35,173073600
1989-07-28,0.35,0.355,0.348,0.352,119336000
1989-07-31,0.35,0.357,0.348,0.355,111865600
1989-08-01,0.355,0.359,0.35,0.356,139540800
1989-08-02,0.355,0.362,0.353,0.362,101404800
1989-08-03,0.362,0.371,0.362,0.368,172939200
1989-08-04,0.368,0.382,0.367,0.382,183355200
1989-08-07,0.384,0.393,0.381,0.391,168212800
1989-08-08,0.388,0.4,0.388,0.394,206192000
1989-08-09,0.393,0.408,0.392,0.393,195160000
1989-08-10,0.393,0.393,0.382,0.386,152364800
1989-08-11,0.393,0.393,0.368,0.374,230081600
1989-08-14,0.371,0.375,0.362,0.364,102827200
1989-08-15,0.364,0.371,0.364,0.369,163732800
1989-08-16,0.371,0.373,0.357,0.36,120534400
1989-08-17,0.359,0.368,0.357,0.366,153316800
1989-08-18,0.373,0.379,0.371,0.377,84067200
1989-08-21,0.377,0.386,0.375,0.377,137827200
1989-08-22,0.375,0.384,0.375,0.383,111832000
1989-08-23,0.384,0.395,0.379,0.391,173644800
1989-08-24,0.391,0.397,0.388,0.394,162926400
1989-08-25,0.393,0.402,0.393,0.4,161392000
1989-08-28,0.397,0.402,0.393,0.4,81659200
1989-08-29,0.4,0.402,0.391,0.394,176904000
1989-08-30,0.393,0.4,0.393,0.397,116099200
1989-08-31,0.397,0.402,0.395,0.397,56291200
1989-09-01,0.397,0.4,0.395,0.398,74121600
1989-09-05,0.397,0.405,0.397,0.4,114822400
1989-09-06,0.4,0.401,0.393,0.4,86755200
1989-09-07,0.4,0.406,0.4,0.4,113892800
1989-09-08,0.4,0.404,0.397,0.402,55832000
1989-09-11,0.4,0.411,0.397,0.408,98593600
1989-09-12,0.406,0.417,0.402,0.411,103588800
1989-09-13,0.413,0.416,0.402,0.402,128688000
1989-09-14,0.402,0.404,0.397,0.4,131286400
1989-09-15,0.402,0.404,0.395,0.402,124868800
1989-09-18,0.397,0.402,0.393,0.393,63156800
1989-09-19,0.395,0.397,0.384,0.386,80796800
1989-09-20,0.393,0.402,0.391,0.398,118148800
1989-09-21,0.402,0.411,0.395,0.4,200961600
1989-09-22,0.4,0.404,0.395,0.401,72497600
1989-09-25,0.4,0.408,0.4,0.404,136158400
1989-09-26,0.402,0.406,0.4,0.404,77324800
1989-09-27,0.395,0.403,0.393,0.4,90126400
1989-09-28,0.402,0.408,0.402,0.406,79419200
1989-09-29,0.404,0.406,0.397,0.397,69809600
1989-10-02,0.397,0.4,0.391,0.396,137401600
1989-10-03,0.395,0.397,0.385,0.39,170497600
1989-10-04,0.391,0.398,0.388,0.395,159174400
1989-10-05,0.397,0.415,0.395,0.406,245280000
1989-10-06,0.413,0.431,0.411,0.43,361704000
1989-10-09,0.429,0.444,0.424,0.442,195552000
1989-10-10,0.444,0.45,0.433,0.442,287123200
1989-10-11,0.435,0.44,0.429,0.436,156956800
1989-10-12,0.438,0.44,0.433,0.435,82644800
1989-10-13,0.435,0.442,0.402,0.408,201118400
1989-10-16,0.4,0.417,0.379,0.417,424916800
1989-10-17,0.411,0.435,0.402,0.422,250040000
1989-10-18,0.415,0.431,0.411,0.431,144032000
1989-10-19,0.431,0.442,0.431,0.435,111899200
1989-10-20,0.426,0.44,0.424,0.429,261508800
1989-10-23,0.429,0.431,0.413,0.417,121956800
1989-10-24,0.413,0.433,0.404,0.425,216440000
1989-10-25,0.426,0.426,0.413,0.415,119145600
1989-10-26,0.406,0.415,0.402,0.404,169265600
1989-10-27,0.404,0.408,0.397,0.404,129416000
1989-10-30,0.406,0.411,0.402,0.408,86979200
1989-10-31,0.408,0.415,0.406,0.415,91996800
1989-11-01,0.413,0.417,0.408,0.412,61185600
1989-11-02,0.402,0.402,0.384,0.393,452670400
1989-11-03,0.393,0.397,0.386,0.386,174652800
1989-11-06,0.388,0.393,0.384,0.386,123088000
1989-11-07,0.386,0.397,0.386,0.393,151323200
1989-11-08,0.395,0.404,0.395,0.402,142632000
1989-11-09,0.402,0.411,0.397,0.411,88188800
1989-11-10,0.408,0.42,0.408,0.417,64859200
1989-11-13,0.415,0.422,0.415,0.415,68017600
1989-11-14,0.415,0.417,0.397,0.4,84380800
1989-11-15,0.402,0.404,0.393,0.395,97787200
1989-11-16,0.397,0.4,0.391,0.4,96566400
1989-11-17,0.397,0.404,0.397,0.4,88558400
1989-11-20,0.402,0.406,0.397,0.404,108068800
1989-11-21,0.404,0.415,0.404,0.404,140246400
1989-11-22,0.406,0.408,0.397,0.4,97944000
1989-11-24,0.4,0.402,0.4,0.4,27854400
1989-11-27,0.4,0.404,0.391,0.393,105145600
1989-11-28,0.391,0.395,0.382,0.394,135374400
1989-11-29,0.388,0.395,0.379,0.393,152947200
1989-11-30,0.391,0.397,0.388,0.395,63448000
1989-12-01,0.397,0.402,0.39,0.393,146227200
1989-12-04,0.391,0.406,0.391,0.404,97361600
1989-12-05,0.404,0.408,0.397,0.402,121766400
1989-12-06,0.402,0.404,0.366,0.382,334980800
1989-12-07,0.377,0.386,0.375,0.382,178416000
1989-12-08,0.379,0.384,0.368,0.373,252582400
1989-12-11,0.366,0.371,0.343,0.35,650014400
1989-12-12,0.35,0.353,0.312,0.321,1025416000
1989-12-13,0.321,0.326,0.317,0.321,389760000
1989-12-14,0.319,0.323,0.308,0.311,304752000
1989-12-15,0.31,0.312,0.29,0.301,518168000
1989-12-18,0.301,0.312,0.301,0.31,307204800
1989-12-19,0.308,0.317,0.308,0.312,251193600
1989-12-20,0.319,0.324,0.315,0.319,177990400
1989-12-21,0.319,0.324,0.317,0.324,304808000
1989-12-22,0.324,0.333,0.321,0.326,184587200
1989-12-26,0.328,0.328,0.315,0.317,135284800
1989-12-27,0.317,0.319,0.312,0.314,257006400
1989-12-28,0.312,0.315,0.306,0.309,151256000
1989-12-29,0.31,0.319,0.307,0.315,152409600
1990-01-02,0.315,0.335,0.312,0.333,183198400
1990-01-03,0.339,0.339,0.335,0.335,207995200
1990-01-04,0.342,0.346,0.333,0.336,221513600
1990-01-05,0.337,0.342,0.33,0.337,123312000
1990-01-08,0.335,0.339,0.33,0.339,101572800
1990-01-09,0.339,0.339,0.33,0.336,86139200
1990-01-10,0.336,0.336,0.319,0.321,199718400
1990-01-11,0.324,0.324,0.308,0.308,211052800
1990-01-12,0.306,0.31,0.301,0.308,171897600
1990-01-15,0.308,0.319,0.306,0.306,161739200
1990-01-16,0.299,0.312,0.292,0.311,214244800
1990-01-17,0.31,0.31,0.295,0.297,197299200
1990-01-18,0.295,0.299,0.288,0.289,273291200
1990-01-19,0.301,0.308,0.299,0.306,265137600
1990-01-22,0.304,0.308,0.297,0.297,145611200
1990-01-23,0.301,0.306,0.295,0.301,140873600
1990-01-24,0.29,0.306,0.288,0.304,169792000
1990-01-25,0.306,0.31,0.304,0.305,111540800
1990-01-26,0.304,0.304,0.288,0.292,181249600
1990-01-29,0.295,0.299,0.287,0.297,119929600
1990-01-30,0.297,0.308,0.295,0.304,116446400
1990-01-31,0.308,0.31,0.295,0.304,143942400
1990-02-01,0.308,0.309,0.299,0.3,117073600
1990-02-02,0.297,0.31,0.297,0.306,118473600
1990-02-05,0.306,0.315,0.304,0.312,101752000
1990-02-06,0.31,0.312,0.304,0.31,73920000
1990-02-07,0.295,0.304,0.29,0.297,312446400
1990-02-08,0.297,0.299,0.288,0.295,186636800
1990-02-09,0.299,0.308,0.297,0.306,168078400
1990-02-12,0.306,0.308,0.301,0.304,74916800
1990-02-13,0.304,0.312,0.301,0.308,102166400
1990-02-14,0.308,0.31,0.301,0.306,96062400
1990-02-15,0.301,0.306,0.299,0.306,97966400
1990-02-16,0.306,0.308,0.301,0.301,127209600
1990-02-20,0.299,0.301,0.295,0.299,123244800
1990-02-21,0.292,0.306,0.29,0.304,175907200
1990-02-22,0.304,0.308,0.295,0.295,195182400
1990-02-23,0.292,0.299,0.292,0.297,149956800
1990-02-26,0.295,0.306,0.295,0.304,79609600
1990-02-27,0.304,0.306,0.299,0.299,73953600
1990-02-28,0.299,0.304,0.297,0.304,109334400
1990-03-01,0.299,0.31,0.297,0.306,203896000
1990-03-02,0.299,0.31,0.297,0.301,104899200
1990-03-05,0.299,0.31,0.299,0.308,182470400
1990-03-06,0.312,0.315,0.308,0.315,156016000
1990-03-07,0.312,0.321,0.312,0.316,204220800
1990-03-08,0.319,0.33,0.312,0.328,223843200
1990-03-09,0.328,0.335,0.324,0.329,230473600
1990-03-12,0.333,0.335,0.324,0.327,163956800
1990-03-13,0.326,0.333,0.324,0.329,148579200
1990-03-14,0.328,0.333,0.326,0.33,101785600
1990-03-15,0.326,0.339,0.326,0.328,120232000
1990-03-16,0.357,0.364,0.349,0.359,644761600
1990-03-19,0.362,0.379,0.357,0.378,431793600
1990-03-20,0.377,0.384,0.364,0.369,391316800
1990-03-21,0.368,0.377,0.368,0.372,152734400
1990-03-22,0.373,0.377,0.364,0.364,231660800
1990-03-23,0.368,0.384,0.366,0.377,227987200
1990-03-26,0.379,0.387,0.375,0.377,128060800
1990-03-27,0.375,0.377,0.368,0.375,84604800
1990-03-28,0.375,0.376,0.366,0.368,102939200
1990-03-29,0.366,0.371,0.364,0.367,96891200
1990-03-30,0.357,0.366,0.357,0.359,223350400
1990-04-02,0.357,0.363,0.353,0.359,148769600
1990-04-03,0.362,0.373,0.362,0.373,139708800
1990-04-04,0.371,0.375,0.364,0.368,149732800
1990-04-05,0.366,0.368,0.357,0.359,108192000
1990-04-06,0.359,0.368,0.355,0.356,118238400
1990-04-09,0.355,0.371,0.353,0.367,105481600
1990-04-10,0.368,0.375,0.366,0.368,131320000
1990-04-11,0.371,0.384,0.371,0.379,213158400
1990-04-12,0.384,0.393,0.379,0.386,211803200
1990-04-16,0.388,0.395,0.386,0.391,226889600
1990-04-17,0.386,0.388,0.382,0.386,131107200
1990-04-18,0.386,0.391,0.379,0.386,193446400
1990-04-19,0.373,0.385,0.357,0.359,481476800
1990-04-20,0.365,0.371,0.355,0.359,323523200
1990-04-23,0.359,0.362,0.353,0.355,128352000
1990-04-24,0.357,0.362,0.344,0.346,303732800
1990-04-25,0.346,0.348,0.342,0.346,132574400
1990-04-26,0.348,0.353,0.34,0.347,142161600
1990-04-27,0.348,0.353,0.346,0.349,116412800
1990-04-30,0.35,0.355,0.348,0.352,136393600
1990-05-01,0.355,0.357,0.352,0.354,163609600
1990-05-02,0.355,0.357,0.35,0.355,135430400
1990-05-03,0.355,0.359,0.355,0.357,166308800
1990-05-04,0.357,0.364,0.35,0.357,169534400
1990-05-07,0.355,0.373,0.355,0.371,135990400
1990-05-08,0.366,0.375,0.366,0.373,112459200
1990-05-09,0.372,0.375,0.368,0.374,97238400
1990-05-10,0.373,0.373,0.362,0.369,179043200
1990-05-11,0.369,0.382,0.364,0.381,215241600
1990-05-14,0.382,0.382,0.368,0.373,226385600
1990-05-15,0.369,0.375,0.366,0.373,149385600
1990-05-16,0.373,0.373,0.366,0.372,87304000
1990-05-17,0.373,0.377,0.366,0.371,153585600
1990-05-18,0.368,0.371,0.353,0.355,258462400
1990-05-21,0.353,0.357,0.346,0.353,262483200
1990-05-22,0.358,0.371,0.357,0.369,301089600
1990-05-23,0.368,0.379,0.368,0.375,207513600
1990-05-24,0.377,0.377,0.371,0.375,148131200
1990-05-25,0.353,0.364,0.348,0.357,323321600
1990-05-29,0.357,0.368,0.35,0.366,243208000
1990-05-30,0.372,0.373,0.368,0.369,276819200
1990-05-31,0.371,0.371,0.366,0.368,103084800
1990-06-01,0.369,0.375,0.364,0.364,157236800
1990-06-04,0.364,0.366,0.355,0.364,179424000
1990-06-05,0.366,0.366,0.348,0.353,299432000
1990-06-06,0.348,0.353,0.346,0.353,211747200
1990-06-07,0.353,0.355,0.344,0.348,186435200
1990-06-08,0.344,0.344,0.335,0.342,333883200
1990-06-11,0.337,0.348,0.337,0.348,157897600
1990-06-12,0.349,0.362,0.346,0.362,165032000
1990-06-13,0.36,0.364,0.355,0.355,138947200
1990-06-14,0.357,0.359,0.35,0.355,140324800
1990-06-15,0.355,0.357,0.349,0.353,144144000
1990-06-18,0.35,0.353,0.348,0.35,111395200
1990-06-19,0.348,0.355,0.343,0.354,157225600
1990-06-20,0.356,0.359,0.355,0.357,154739200
1990-06-21,0.357,0.375,0.357,0.374,208600000
1990-06-22,0.375,0.381,0.368,0.371,283976000
1990-06-25,0.371,0.373,0.359,0.368,122001600
1990-06-26,0.373,0.375,0.36,0.363,127254400
1990-06-27,0.364,0.375,0.359,0.371,97227200
1990-06-28,0.382,0.386,0.373,0.384,249939200
1990-06-29,0.384,0.401,0.382,0.4,325192000
1990-07-02,0.397,0.397,0.391,0.393,135408000
1990-07-03,0.392,0.397,0.391,0.393,99500800
1990-07-05,0.391,0.395,0.386,0.388,107464000
1990-07-06,0.388,0.402,0.386,0.4,209059200
1990-07-09,0.402,0.42,0.4,0.416,315459200
1990-07-10,0.42,0.424,0.417,0.42,361424000
1990-07-11,0.417,0.42,0.408,0.42,246153600
1990-07-12,0.417,0.424,0.415,0.423,182470400
1990-07-13,0.424,0.426,0.417,0.417,230977600
1990-07-16,0.417,0.421,0.404,0.407,179704000
1990-07-17,0.408,0.411,0.393,0.395,136852800
1990-07-18,0.397,0.402,0.384,0.398,288366400
1990-07-19,0.364,0.379,0.357,0.373,585984000
1990-07-20,0.375,0.379,0.364,0.366,191844800
1990-07-23,0.366,0.373,0.357,0.371,270188800
1990-07-24,0.375,0.377,0.366,0.376,193916800
1990-07-25,0.375,0.386,0.373,0.377,104921600
1990-07-26,0.377,0.379,0.366,0.369,80337600
1990-07-27,0.368,0.373,0.362,0.369,62316800
1990-07-30,0.364,0.379,0.364,0.378,85456000
1990-07-31,0.379,0.382,0.371,0.375,96006400
1990-08-01,0.375,0.382,0.371,0.378,93508800
1990-08-02,0.368,0.391,0.368,0.388,223126400
1990-08-03,0.388,0.391,0.355,0.368,268968000
1990-08-06,0.348,0.362,0.344,0.353,179659200
1990-08-07,0.359,0.363,0.346,0.353,198531200
1990-08-08,0.353,0.364,0.353,0.358,102536000
1990-08-09,0.359,0.362,0.35,0.353,96387200
1990-08-10,0.346,0.35,0.342,0.346,102704000
1990-08-13,0.339,0.357,0.338,0.356,156116800
1990-08-14,0.357,0.357,0.35,0.355,98168000
1990-08-15,0.357,0.359,0.35,0.35,92052800
1990-08-16,0.348,0.354,0.344,0.344,123894400
1990-08-17,0.344,0.344,0.319,0.326,246108800
1990-08-20,0.326,0.335,0.324,0.328,75062400
1990-08-21,0.319,0.328,0.315,0.324,161044800
1990-08-22,0.33,0.33,0.311,0.314,122718400
1990-08-23,0.306,0.312,0.299,0.308,143696000
1990-08-24,0.315,0.321,0.31,0.317,73416000
1990-08-27,0.328,0.339,0.324,0.337,117465600
1990-08-28,0.335,0.343,0.333,0.34,80192000
1990-08-29,0.339,0.34,0.328,0.333,150931200
1990-08-30,0.333,0.335,0.321,0.324,122595200
1990-08-31,0.321,0.333,0.321,0.33,99456000
1990-09-04,0.326,0.335,0.326,0.33,82745600
1990-09-05,0.333,0.333,0.319,0.321,64052800
1990-09-06,0.317,0.321,0.315,0.319,87628800
1990-09-07,0.317,0.328,0.314,0.325,58172800
1990-09-10,0.33,0.33,0.319,0.319,75980800
1990-09-11,0.321,0.323,0.301,0.304,178270400
1990-09-12,0.308,0.308,0.299,0.304,100408000
1990-09-13,0.308,0.31,0.295,0.301,97260800
1990-09-14,0.299,0.306,0.297,0.304,113915200
1990-09-17,0.304,0.315,0.299,0.301,77672000
1990-09-18,0.301,0.301,0.295,0.298,124611200
1990-09-19,0.297,0.301,0.286,0.29,182459200
1990-09-20,0.288,0.288,0.279,0.282,100934400
1990-09-21,0.286,0.29,0.277,0.281,153865600
1990-09-24,0.281,0.281,0.266,0.27,138499200
1990-09-25,0.272,0.275,0.261,0.268,157953600
1990-09-26,0.268,0.272,0.266,0.266,94136000
1990-09-27,0.268,0.272,0.25,0.252,142340800
1990-09-28,0.254,0.259,0.243,0.259,176041600
1990-10-01,0.263,0.277,0.261,0.272,155657600
1990-10-02,0.277,0.286,0.263,0.265,270984000
1990-10-03,0.266,0.266,0.239,0.241,268240000
1990-10-04,0.239,0.25,0.234,0.25,213494400
1990-10-05,0.241,0.257,0.241,0.25,99489600
1990-10-08,0.257,0.261,0.252,0.26,61532800
1990-10-09,0.254,0.259,0.248,0.25,120579200
1990-10-10,0.243,0.25,0.232,0.237,147907200
1990-10-11,0.239,0.249,0.228,0.248,205979200
1990-10-12,0.252,0.254,0.241,0.252,228648000
1990-10-15,0.254,0.257,0.238,0.248,201017600
1990-10-16,0.246,0.246,0.217,0.223,305233600
1990-10-17,0.225,0.237,0.223,0.237,309064000
1990-10-18,0.237,0.257,0.237,0.254,315000000
1990-10-19,0.279,0.283,0.27,0.28,933732800
1990-10-22,0.281,0.281,0.272,0.278,252739200
1990-10-23,0.277,0.281,0.27,0.277,167048000
1990-10-24,0.275,0.277,0.268,0.272,141825600
1990-10-25,0.27,0.279,0.265,0.268,153462400
1990-10-26,0.266,0.279,0.266,0.268,134198400
1990-10-29,0.27,0.272,0.266,0.267,123480000
1990-10-30,0.266,0.275,0.258,0.271,98044800
1990-10-31,0.272,0.285,0.27,0.275,148758400
1990-11-01,0.272,0.277,0.266,0.272,90652800
1990-11-02,0.272,0.289,0.272,0.283,148612800
1990-11-05,0.288,0.299,0.286,0.297,184475200
1990-11-06,0.299,0.308,0.297,0.299,184766400
1990-11-07,0.299,0.301,0.291,0.297,202977600
1990-11-08,0.295,0.312,0.295,0.308,199248000
1990-11-09,0.312,0.319,0.308,0.317,198228800
1990-11-12,0.317,0.328,0.315,0.324,145051200
1990-11-13,0.324,0.326,0.319,0.321,141948800
1990-11-14,0.319,0.333,0.319,0.33,190747200
1990-11-15,0.328,0.33,0.317,0.321,161772800
1990-11-16,0.319,0.321,0.31,0.314,183008000
1990-11-19,0.317,0.325,0.315,0.325,223910400
1990-11-20,0.326,0.328,0.315,0.317,153630400
1990-11-21,0.315,0.324,0.31,0.323,123211200
1990-11-23,0.324,0.33,0.321,0.325,53200000
1990-11-26,0.321,0.33,0.321,0.328,81457600
1990-11-27,0.33,0.342,0.328,0.335,164584000
1990-11-28,0.337,0.344,0.328,0.328,174910400
1990-11-29,0.33,0.33,0.324,0.328,126705600
1990-11-30,0.324,0.333,0.324,0.328,121508800
1990-12-03,0.333,0.342,0.33,0.34,165401600
1990-12-04,0.335,0.346,0.335,0.344,152152000
1990-12-05,0.344,0.359,0.338,0.358,218388800
1990-12-06,0.368,0.373,0.362,0.368,532246400
1990-12-07,0.366,0.382,0.366,0.379,329660800
1990-12-10,0.377,0.379,0.371,0.373,250588800
1990-12-11,0.368,0.371,0.357,0.357,347883200
1990-12-12,0.355,0.357,0.348,0.354,242356800
1990-12-13,0.353,0.366,0.353,0.364,160731200
1990-12-14,0.359,0.362,0.353,0.356,87068800
1990-12-17,0.348,0.362,0.348,0.358,131107200
1990-12-18,0.366,0.379,0.364,0.377,220987200
1990-12-19,0.379,0.379,0.367,0.374,140660800
1990-12-20,0.368,0.397,0.368,0.393,401072000
1990-12-21,0.395,0.404,0.388,0.402,346136000
1990-12-24,0.4,0.402,0.393,0.393,58721600
1990-12-26,0.393,0.395,0.384,0.391,103073600
1990-12-27,0.386,0.393,0.386,0.388,97652800
1990-12-28,0.386,0.388,0.382,0.384,63929600
1990-12-31,0.384,0.386,0.382,0.384,44273600
1991-01-02,0.382,0.393,0.375,0.388,154985600
1991-01-03,0.388,0.395,0.384,0.384,150180800
1991-01-04,0.384,0.395,0.384,0.386,141523200
1991-01-07,0.384,0.404,0.384,0.386,310800000
1991-01-08,0.391,0.392,0.379,0.386,218691200
1991-01-09,0.395,0.411,0.391,0.404,467264000
1991-01-10,0.408,0.422,0.408,0.421,435321600
1991-01-11,0.42,0.422,0.411,0.42,307652800
1991-01-14,0.411,0.417,0.411,0.413,210840000
1991-01-15,0.415,0.417,0.411,0.417,192057600
1991-01-16,0.42,0.446,0.417,0.444,390633600
1991-01-17,0.469,0.471,0.438,0.458,591673600
1991-01-18,0.435,0.453,0.433,0.449,943241600
1991-01-21,0.444,0.46,0.444,0.453,324307200
1991-01-22,0.455,0.469,0.451,0.458,427728000
1991-01-23,0.458,0.467,0.455,0.462,244260800
1991-01-24,0.46,0.471,0.46,0.465,233934400
1991-01-25,0.464,0.479,0.464,0.478,223809600
1991-01-28,0.475,0.493,0.475,0.487,273481600
1991-01-29,0.484,0.487,0.467,0.48,215555200
1991-01-30,0.475,0.498,0.475,0.496,336772800
1991-01-31,0.496,0.5,0.489,0.496,242592000
1991-02-01,0.496,0.517,0.496,0.498,444550400
1991-02-04,0.498,0.5,0.491,0.493,267848000
1991-02-05,0.493,0.518,0.489,0.516,356115200
1991-02-06,0.516,0.52,0.504,0.508,222566400
1991-02-07,0.509,0.525,0.498,0.516,520172800
1991-02-08,0.513,0.538,0.513,0.535,313555200
1991-02-11,0.536,0.549,0.533,0.548,323030400
1991-02-12,0.545,0.547,0.53,0.536,224750400
1991-02-13,0.536,0.538,0.518,0.536,255550400
1991-02-14,0.536,0.536,0.507,0.51,377675200
1991-02-15,0.511,0.522,0.511,0.515,365612800
1991-02-19,0.513,0.538,0.512,0.536,226251200
1991-02-20,0.531,0.551,0.529,0.545,213640000
1991-02-21,0.547,0.556,0.525,0.527,190870400
1991-02-22,0.527,0.551,0.522,0.533,232568000
1991-02-25,0.538,0.54,0.513,0.518,359273600
1991-02-26,0.513,0.525,0.504,0.52,250017600
1991-02-27,0.52,0.522,0.513,0.52,174372800
1991-02-28,0.52,0.522,0.502,0.511,227360000
1991-03-01,0.509,0.527,0.509,0.516,126134400
1991-03-04,0.518,0.525,0.509,0.521,88356800
1991-03-05,0.527,0.565,0.527,0.564,441448000
1991-03-06,0.571,0.586,0.561,0.562,523958400
1991-03-07,0.567,0.603,0.565,0.6,321753600
1991-03-08,0.605,0.609,0.58,0.58,322201600
1991-03-11,0.576,0.578,0.556,0.567,175369600
1991-03-12,0.562,0.569,0.558,0.561,233676800
1991-03-13,0.56,0.594,0.56,0.592,174552000
1991-03-14,0.596,0.603,0.576,0.583,227068800
1991-03-15,0.587,0.594,0.583,0.592,204836800
1991-03-18,0.587,0.609,0.587,0.605,214009600
1991-03-19,0.594,0.627,0.587,0.621,422195200
1991-03-20,0.618,0.621,0.597,0.605,361704000
1991-03-21,0.609,0.614,0.569,0.578,296800000
1991-03-22,0.571,0.578,0.556,0.565,338128000
1991-03-25,0.567,0.58,0.565,0.576,135856000
1991-03-26,0.578,0.627,0.578,0.625,333625600
1991-03-27,0.625,0.627,0.612,0.618,190220800
1991-03-28,0.618,0.625,0.605,0.607,78702400
1991-04-01,0.607,0.621,0.603,0.612,117924800
1991-04-02,0.616,0.65,0.612,0.65,292924800
1991-04-03,0.647,0.65,0.625,0.625,240128000
1991-04-04,0.625,0.643,0.621,0.638,168436800
1991-04-05,0.641,0.641,0.614,0.619,155411200
1991-04-08,0.618,0.625,0.614,0.625,72475200
1991-04-09,0.623,0.625,0.609,0.614,119448000
1991-04-10,0.612,0.618,0.596,0.597,216406400
1991-04-11,0.605,0.637,0.603,0.634,355588800
1991-04-12,0.638,0.654,0.623,0.641,367718400
1991-04-15,0.551,0.576,0.536,0.556,1700384000
1991-04-16,0.565,0.576,0.558,0.574,620782400
1991-04-17,0.58,0.58,0.554,0.565,322403200
1991-04-18,0.56,0.562,0.542,0.545,247363200
1991-04-19,0.545,0.549,0.531,0.532,287302400
1991-04-22,0.531,0.554,0.525,0.549,257017600
1991-04-23,0.556,0.562,0.538,0.549,237294400
1991-04-24,0.551,0.554,0.54,0.542,105448000
1991-04-25,0.533,0.533,0.522,0.522,315380800
1991-04-26,0.522,0.527,0.516,0.523,125059200
1991-04-29,0.522,0.538,0.52,0.52,206707200
1991-04-30,0.516,0.52,0.487,0.491,711446400
1991-05-01,0.429,0.438,0.42,0.422,1868372800
1991-05-02,0.426,0.444,0.424,0.438,811126400
1991-05-03,0.438,0.442,0.431,0.438,243712000
1991-05-06,0.433,0.451,0.431,0.449,212329600
1991-05-07,0.455,0.458,0.451,0.452,270480000
1991-05-08,0.453,0.453,0.44,0.444,176780800
1991-05-09,0.446,0.46,0.444,0.453,238212800
1991-05-10,0.46,0.475,0.453,0.458,241729600
1991-05-13,0.467,0.478,0.46,0.471,244944000
1991-05-14,0.471,0.48,0.469,0.478,216944000
1991-05-15,0.46,0.464,0.438,0.451,518347200
1991-05-16,0.455,0.458,0.433,0.438,382132800
1991-05-17,0.435,0.435,0.415,0.42,471060800
1991-05-20,0.422,0.424,0.393,0.395,262169600
1991-05-21,0.404,0.415,0.4,0.404,349798400
1991-05-22,0.408,0.415,0.406,0.413,227270400
1991-05-23,0.415,0.417,0.4,0.403,208656000
1991-05-24,0.406,0.411,0.402,0.41,97126400
1991-05-28,0.411,0.413,0.404,0.411,171438400
1991-05-29,0.413,0.426,0.41,0.42,384003200
1991-05-30,0.42,0.426,0.415,0.425,158345600
1991-05-31,0.424,0.426,0.413,0.42,217862400
1991-06-03,0.42,0.442,0.417,0.44,220068800
1991-06-04,0.442,0.442,0.433,0.439,184284800
1991-06-05,0.44,0.44,0.426,0.429,133291200
1991-06-06,0.431,0.431,0.415,0.416,168504000
1991-06-07,0.413,0.42,0.407,0.412,152745600
1991-06-10,0.411,0.421,0.408,0.411,167440000
1991-06-11,0.402,0.406,0.395,0.398,188563200
1991-06-12,0.393,0.4,0.368,0.378,435635200
1991-06-13,0.379,0.384,0.373,0.376,211366400
1991-06-14,0.382,0.382,0.364,0.367,225288000
1991-06-17,0.366,0.377,0.366,0.375,166600000
1991-06-18,0.377,0.386,0.371,0.376,244686400
1991-06-19,0.373,0.377,0.368,0.373,178942400
1991-06-20,0.368,0.375,0.364,0.375,144043200
1991-06-21,0.375,0.379,0.373,0.375,206012800
1991-06-24,0.373,0.377,0.368,0.373,207984000
1991-06-25,0.375,0.384,0.373,0.378,227920000
1991-06-26,0.382,0.388,0.377,0.384,250443200
1991-06-27,0.379,0.382,0.373,0.379,151200000
1991-06-28,0.377,0.379,0.359,0.371,226643200
1991-07-01,0.377,0.384,0.373,0.379,194824000
1991-07-02,0.377,0.382,0.373,0.377,120142400
1991-07-03,0.377,0.388,0.373,0.385,310374400
1991-07-05,0.384,0.411,0.382,0.407,331553600
1991-07-08,0.404,0.422,0.402,0.417,307081600
1991-07-09,0.422,0.431,0.415,0.419,226441600
1991-07-10,0.424,0.431,0.417,0.422,156576000
1991-07-11,0.42,0.422,0.411,0.417,145913600
1991-07-12,0.422,0.422,0.413,0.417,132753600
1991-07-15,0.417,0.417,0.406,0.406,137984000
1991-07-16,0.406,0.408,0.388,0.391,222992000
1991-07-17,0.388,0.397,0.377,0.379,208936000
1991-07-18,0.393,0.403,0.384,0.401,398316800
1991-07-19,0.404,0.413,0.402,0.411,128419200
1991-07-22,0.408,0.413,0.406,0.411,108673600
1991-07-23,0.413,0.415,0.397,0.402,133056000
1991-07-24,0.404,0.408,0.397,0.402,131454400
1991-07-25,0.404,0.408,0.402,0.404,65800000
1991-07-26,0.408,0.408,0.4,0.401,74233600
1991-07-29,0.404,0.406,0.397,0.406,53300800
1991-07-30,0.406,0.417,0.406,0.415,91862400
1991-07-31,0.415,0.419,0.402,0.413,102804800
1991-08-01,0.411,0.44,0.408,0.439,448425600
1991-08-02,0.444,0.449,0.438,0.446,273011200
1991-08-05,0.444,0.444,0.431,0.433,100766400
1991-08-06,0.435,0.449,0.426,0.442,220427200
1991-08-07,0.442,0.455,0.441,0.45,211612800
1991-08-08,0.453,0.462,0.446,0.451,189448000
1991-08-09,0.451,0.455,0.444,0.453,154403200
1991-08-12,0.453,0.467,0.451,0.462,142531200
1991-08-13,0.464,0.482,0.464,0.478,286585600
1991-08-14,0.489,0.491,0.481,0.49,200715200
1991-08-15,0.491,0.491,0.473,0.475,145544000
1991-08-16,0.471,0.484,0.467,0.475,158804800
1991-08-19,0.442,0.461,0.433,0.451,322481600
1991-08-20,0.46,0.462,0.451,0.455,199427200
1991-08-21,0.469,0.483,0.464,0.48,223372800
1991-08-22,0.482,0.489,0.48,0.484,165648000
1991-08-23,0.482,0.496,0.471,0.473,240419200
1991-08-26,0.473,0.478,0.469,0.473,101595200
1991-08-27,0.473,0.482,0.471,0.482,100352000
1991-08-28,0.482,0.484,0.474,0.475,107587200
1991-08-29,0.475,0.481,0.469,0.473,113355200
1991-08-30,0.473,0.475,0.467,0.473,66136000
1991-09-03,0.471,0.475,0.464,0.469,68376000
1991-09-04,0.471,0.471,0.459,0.46,119784000
1991-09-05,0.46,0.462,0.453,0.455,77884800
1991-09-06,0.455,0.462,0.451,0.46,79273600
1991-09-09,0.462,0.478,0.46,0.475,126481600
1991-09-10,0.471,0.477,0.444,0.448,182840000
1991-09-11,0.453,0.455,0.442,0.451,178001600
1991-09-12,0.458,0.458,0.444,0.452,119212800
1991-09-13,0.446,0.449,0.433,0.434,166734400
1991-09-16,0.44,0.44,0.415,0.422,205777600
1991-09-17,0.42,0.438,0.417,0.438,135408000
1991-09-18,0.435,0.451,0.433,0.448,121352000
1991-09-19,0.449,0.451,0.442,0.444,178337600
1991-09-20,0.444,0.455,0.442,0.452,188148800
1991-09-23,0.446,0.453,0.44,0.442,87662400
1991-09-24,0.442,0.45,0.431,0.449,106097600
1991-09-25,0.449,0.451,0.44,0.451,54465600
1991-09-26,0.449,0.449,0.438,0.446,71220800
1991-09-27,0.446,0.453,0.435,0.438,62809600
1991-09-30,0.44,0.444,0.438,0.442,63201600
1991-10-01,0.44,0.458,0.438,0.453,131376000
1991-10-02,0.462,0.462,0.442,0.444,17987200
1991-10-03,0.446,0.446,0.424,0.426,181003200
1991-10-04,0.429,0.435,0.424,0.431,79374400
1991-10-07,0.429,0.435,0.424,0.43,64702400
1991-10-08,0.43,0.433,0.415,0.431,172256000
1991-10-09,0.431,0.435,0.426,0.429,132742400
1991-10-10,0.435,0.438,0.417,0.426,157214400
1991-10-11,0.43,0.436,0.415,0.433,120052800
1991-10-14,0.438,0.449,0.435,0.445,111876800
1991-10-15,0.451,0.469,0.446,0.469,288209600
1991-10-16,0.469,0.482,0.467,0.478,200872000
1991-10-17,0.473,0.475,0.46,0.468,151614400
1991-10-18,0.492,0.496,0.487,0.491,446958400
1991-10-21,0.493,0.499,0.484,0.489,116692800
1991-10-22,0.496,0.502,0.487,0.487,208208000
1991-10-23,0.491,0.493,0.471,0.474,168828800
1991-10-24,0.473,0.475,0.46,0.465,177900800
1991-10-25,0.462,0.467,0.453,0.458,106971200
1991-10-28,0.46,0.462,0.453,0.46,77862400
1991-10-29,0.46,0.464,0.453,0.462,101236800
1991-10-30,0.464,0.471,0.442,0.444,148243200
1991-10-31,0.453,0.462,0.446,0.46,231806400
1991-11-01,0.458,0.464,0.451,0.455,201264000
1991-11-04,0.453,0.453,0.433,0.444,195294400
1991-11-05,0.444,0.451,0.435,0.435,215600000
1991-11-06,0.438,0.44,0.424,0.429,236790400
1991-11-07,0.433,0.451,0.431,0.444,296732800
1991-11-08,0.458,0.48,0.455,0.475,375827200
1991-11-11,0.478,0.487,0.475,0.48,164942400
1991-11-12,0.484,0.489,0.48,0.487,166689600
1991-11-13,0.482,0.487,0.478,0.483,185920000
1991-11-14,0.484,0.493,0.482,0.489,188003200
1991-11-15,0.487,0.489,0.444,0.446,256950400
1991-11-18,0.446,0.469,0.446,0.465,238739200
1991-11-19,0.462,0.462,0.444,0.458,285488000
1991-11-20,0.458,0.464,0.449,0.451,168100800
1991-11-21,0.451,0.462,0.451,0.455,106814400
1991-11-22,0.455,0.462,0.449,0.458,97843200
1991-11-25,0.455,0.467,0.455,0.458,78433600
1991-11-26,0.46,0.464,0.446,0.46,139272000
1991-11-27,0.458,0.46,0.451,0.455,63235200
1991-11-29,0.451,0.46,0.451,0.453,34092800
1991-12-02,0.453,0.464,0.446,0.462,118899200
1991-12-03,0.464,0.464,0.449,0.451,102860800
1991-12-04,0.453,0.453,0.446,0.451,80550400
1991-12-05,0.451,0.455,0.44,0.446,99198400
1991-12-06,0.442,0.444,0.433,0.435,196985600
1991-12-09,0.438,0.446,0.435,0.439,97832000
1991-12-10,0.438,0.442,0.433,0.439,122617600
1991-12-11,0.44,0.444,0.433,0.438,84560000
1991-12-12,0.441,0.444,0.438,0.441,91750400
1991-12-13,0.444,0.453,0.444,0.45,95121600
1991-12-16,0.45,0.453,0.446,0.451,77190400
1991-12-17,0.451,0.455,0.449,0.451,97843200
1991-12-18,0.449,0.464,0.446,0.462,186603200
1991-12-19,0.458,0.462,0.453,0.453,115326400
1991-12-20,0.458,0.46,0.449,0.449,128184000
1991-12-23,0.451,0.462,0.446,0.46,103163200
1991-12-24,0.464,0.48,0.462,0.467,188563200
1991-12-26,0.471,0.491,0.467,0.49,134500800
1991-12-27,0.489,0.498,0.487,0.491,167742400
1991-12-30,0.491,0.511,0.491,0.507,183646400
1991-12-31,0.512,0.518,0.5,0.503,134030400
1992-01-02,0.498,0.533,0.496,0.531,233632000
1992-01-03,0.536,0.538,0.52,0.527,190254400
1992-01-06,0.525,0.527,0.516,0.518,114240000
1992-01-07,0.513,0.531,0.513,0.528,141467200
1992-01-08,0.522,0.547,0.522,0.54,232747200
1992-01-09,0.54,0.556,0.538,0.556,208510400
1992-01-10,0.549,0.558,0.545,0.556,196224000
1992-01-13,0.556,0.56,0.549,0.554,107856000
1992-01-14,0.556,0.578,0.556,0.576,273806400
1992-01-15,0.576,0.58,0.562,0.567,325740800
1992-01-16,0.569,0.574,0.558,0.56,293529600
1992-01-17,0.605,0.616,0.578,0.578,848355200
1992-01-20,0.576,0.583,0.571,0.571,209664000
1992-01-21,0.574,0.574,0.545,0.546,194084800
1992-01-22,0.549,0.569,0.547,0.567,183680000
1992-01-23,0.574,0.578,0.562,0.576,138353600
1992-01-24,0.576,0.587,0.571,0.577,177609600
1992-01-27,0.578,0.583,0.574,0.576,83451200
1992-01-28,0.578,0.584,0.562,0.583,173723200
1992-01-29,0.578,0.587,0.565,0.565,144558400
1992-01-30,0.567,0.569,0.56,0.569,87113600
1992-01-31,0.571,0.583,0.567,0.578,144558400
1992-02-03,0.578,0.592,0.576,0.587,158132800
1992-02-04,0.587,0.592,0.58,0.587,192931200
1992-02-05,0.592,0.596,0.581,0.59,161504000
1992-02-06,0.587,0.589,0.571,0.573,93139200
1992-02-07,0.574,0.578,0.56,0.571,147537600
1992-02-10,0.571,0.574,0.562,0.564,86441600
1992-02-11,0.562,0.569,0.556,0.561,122012800
1992-02-12,0.569,0.585,0.562,0.583,137961600
1992-02-13,0.583,0.583,0.569,0.574,76014400
1992-02-14,0.569,0.574,0.565,0.573,72587200
1992-02-18,0.574,0.576,0.56,0.56,68353600
1992-02-19,0.56,0.562,0.551,0.554,95670400
1992-02-20,0.558,0.578,0.556,0.577,130860800
1992-02-21,0.578,0.585,0.576,0.58,151580800
1992-02-24,0.592,0.594,0.587,0.59,171404800
1992-02-25,0.592,0.612,0.583,0.612,227214400
1992-02-26,0.609,0.625,0.609,0.624,229084800
1992-02-27,0.625,0.625,0.607,0.612,122169600
1992-02-28,0.612,0.616,0.598,0.603,90395200
1992-03-02,0.605,0.612,0.6,0.6,89252800
1992-03-03,0.605,0.607,0.592,0.593,99276800
1992-03-04,0.592,0.596,0.578,0.58,115371200
1992-03-05,0.576,0.585,0.562,0.567,236723200
1992-03-06,0.567,0.571,0.562,0.571,134288000
1992-03-09,0.569,0.574,0.567,0.569,108942400
1992-03-10,0.571,0.578,0.569,0.569,122696000
1992-03-11,0.569,0.574,0.562,0.565,131656000
1992-03-12,0.565,0.569,0.549,0.56,152902400
1992-03-13,0.565,0.569,0.554,0.564,79184000
1992-03-16,0.56,0.567,0.551,0.566,56291200
1992-03-17,0.567,0.569,0.56,0.561,85097600
1992-03-18,0.565,0.571,0.562,0.569,81032000
1992-03-19,0.569,0.569,0.56,0.562,118518400
1992-03-20,0.562,0.565,0.562,0.565,54163200
1992-03-23,0.562,0.569,0.562,0.562,50075200
1992-03-24,0.567,0.58,0.565,0.58,209417600
1992-03-25,0.58,0.58,0.574,0.576,121553600
1992-03-26,0.578,0.583,0.569,0.571,123020800
1992-03-27,0.57,0.571,0.54,0.545,264532800
1992-03-30,0.547,0.547,0.516,0.519,339035200
1992-03-31,0.52,0.533,0.518,0.52,212632000
1992-04-01,0.511,0.529,0.511,0.527,159656000
1992-04-02,0.527,0.531,0.521,0.525,133974400
1992-04-03,0.525,0.529,0.522,0.527,116457600
1992-04-06,0.527,0.545,0.527,0.542,101987200
1992-04-07,0.545,0.547,0.511,0.511,230216000
1992-04-08,0.509,0.509,0.489,0.499,367024000
1992-04-09,0.5,0.52,0.493,0.511,192136000
1992-04-10,0.511,0.513,0.491,0.496,274064000
1992-04-13,0.496,0.507,0.493,0.504,122830400
1992-04-14,0.516,0.529,0.511,0.525,144401600
1992-04-15,0.518,0.544,0.513,0.54,217358400
1992-04-16,0.538,0.542,0.522,0.527,258686400
1992-04-20,0.527,0.527,0.5,0.507,206046400
1992-04-21,0.509,0.511,0.5,0.502,180364800
1992-04-22,0.502,0.518,0.502,0.515,171528000
1992-04-23,0.513,0.52,0.5,0.509,182817600
1992-04-24,0.509,0.52,0.5,0.504,98280000
1992-04-27,0.5,0.502,0.491,0.498,140268800
1992-04-28,0.493,0.498,0.473,0.484,174126400
1992-04-29,0.484,0.509,0.484,0.509,198900800
1992-04-30,0.511,0.538,0.504,0.537,260265600
1992-05-01,0.536,0.542,0.52,0.529,134377600
1992-05-04,0.531,0.547,0.529,0.54,123233600
1992-05-05,0.54,0.541,0.531,0.54,180084800
1992-05-06,0.542,0.555,0.54,0.551,177990400
1992-05-07,0.549,0.556,0.54,0.542,172356800
1992-05-08,0.549,0.561,0.545,0.554,198699200
1992-05-11,0.554,0.56,0.549,0.556,90899200
1992-05-12,0.556,0.562,0.551,0.556,77044800
1992-05-13,0.558,0.565,0.556,0.56,97473600
1992-05-14,0.56,0.562,0.538,0.548,156923200
1992-05-15,0.545,0.547,0.54,0.541,121307200
1992-05-18,0.549,0.549,0.536,0.539,129091200
1992-05-19,0.542,0.542,0.527,0.53,131678400
1992-05-20,0.533,0.538,0.529,0.536,173208000
1992-05-21,0.538,0.538,0.525,0.528,137692800
1992-05-22,0.527,0.533,0.527,0.531,46468800
1992-05-26,0.531,0.533,0.525,0.529,95614400
1992-05-27,0.529,0.538,0.527,0.538,154089600
1992-05-28,0.536,0.538,0.527,0.531,127243200
1992-05-29,0.533,0.541,0.531,0.533,178248000
1992-06-01,0.511,0.531,0.5,0.513,248046400
1992-06-02,0.513,0.513,0.502,0.504,155680000
1992-06-03,0.504,0.504,0.482,0.483,300574400
1992-06-04,0.484,0.489,0.478,0.487,180152000
1992-06-05,0.489,0.493,0.484,0.49,112728000
1992-06-08,0.491,0.491,0.482,0.484,104339200
1992-06-09,0.484,0.484,0.478,0.482,101281600
1992-06-10,0.482,0.489,0.478,0.48,126604800
1992-06-11,0.48,0.484,0.478,0.481,140515200
1992-06-12,0.487,0.491,0.484,0.488,96510400
1992-06-15,0.482,0.482,0.469,0.47,189190400
1992-06-16,0.462,0.464,0.435,0.44,365355200
1992-06-17,0.438,0.44,0.42,0.424,304248000
1992-06-18,0.424,0.438,0.4,0.404,433720000
1992-06-19,0.411,0.411,0.391,0.4,427436800
1992-06-22,0.393,0.4,0.382,0.395,389939200
1992-06-23,0.402,0.406,0.397,0.404,311550400
1992-06-24,0.406,0.411,0.404,0.411,211064000
1992-06-25,0.415,0.415,0.404,0.407,160608000
1992-06-26,0.408,0.411,0.397,0.404,110364800
1992-06-29,0.408,0.421,0.404,0.417,188428800
1992-06-30,0.417,0.431,0.415,0.429,193345600
1992-07-01,0.429,0.442,0.426,0.438,143528000
1992-07-02,0.438,0.438,0.408,0.413,256648000
1992-07-06,0.415,0.417,0.406,0.413,122001600
1992-07-07,0.413,0.413,0.388,0.395,207088000
1992-07-08,0.393,0.408,0.393,0.408,195955200
1992-07-09,0.411,0.415,0.408,0.41,165793600
1992-07-10,0.411,0.413,0.401,0.408,143796800
1992-07-13,0.408,0.421,0.404,0.42,125563200
1992-07-14,0.42,0.429,0.42,0.424,125988800
1992-07-15,0.424,0.438,0.422,0.429,174462400
1992-07-16,0.426,0.438,0.422,0.435,139798400
1992-07-17,0.402,0.411,0.398,0.402,423640000
1992-07-20,0.4,0.404,0.393,0.4,192124800
1992-07-21,0.406,0.413,0.402,0.408,131947200
1992-07-22,0.404,0.406,0.393,0.395,161974400
1992-07-23,0.397,0.4,0.391,0.4,171516800
1992-07-24,0.397,0.413,0.393,0.41,134971200
1992-07-27,0.408,0.415,0.404,0.404,2396800
1992-07-28,0.406,0.415,0.404,0.415,134243200
1992-07-29,0.416,0.426,0.415,0.422,250768000
1992-07-30,0.422,0.424,0.417,0.422,137894400
1992-07-31,0.422,0.424,0.417,0.417,90708800
1992-08-03,0.417,0.422,0.406,0.408,68544000
1992-08-04,0.402,0.408,0.4,0.406,119716800
1992-08-05,0.406,0.406,0.397,0.4,139260800
1992-08-06,0.395,0.397,0.382,0.393,257969600
1992-08-07,0.375,0.391,0.371,0.387,219161600
1992-08-10,0.386,0.397,0.384,0.394,91448000
1992-08-11,0.397,0.397,0.384,0.388,121307200
1992-08-12,0.391,0.395,0.386,0.394,121385600
1992-08-13,0.397,0.406,0.395,0.4,170990400
1992-08-14,0.402,0.404,0.397,0.4,136102400
1992-08-17,0.395,0.4,0.391,0.4,128710400
1992-08-18,0.397,0.404,0.397,0.4,112313600
1992-08-19,0.398,0.404,0.397,0.397,170542400
1992-08-20,0.4,0.402,0.395,0.4,108908800
1992-08-21,0.4,0.404,0.393,0.398,109468800
1992-08-24,0.395,0.4,0.386,0.386,152174400
1992-08-25,0.386,0.397,0.386,0.396,132361600
1992-08-26,0.395,0.397,0.386,0.395,121060800
1992-08-27,0.4,0.403,0.395,0.397,82745600
1992-08-28,0.395,0.404,0.393,0.402,61241600
1992-08-31,0.402,0.413,0.4,0.411,121116800
1992-09-01,0.413,0.415,0.408,0.415,60289600
1992-09-02,0.415,0.435,0.415,0.433,189896000
1992-09-03,0.438,0.44,0.426,0.426,211859200
1992-09-04,0.431,0.431,0.417,0.422,63235200
1992-09-08,0.417,0.429,0.415,0.426,70000000
1992-09-09,0.429,0.44,0.426,0.438,157203200
1992-09-10,0.429,0.442,0.424,0.44,228177600
1992-09-11,0.438,0.44,0.424,0.425,179883200
1992-09-14,0.438,0.446,0.433,0.442,214681600
1992-09-15,0.44,0.44,0.426,0.431,218523200
1992-09-16,0.426,0.431,0.415,0.42,178718400
1992-09-17,0.422,0.422,0.405,0.411,172435200
1992-09-18,0.408,0.419,0.404,0.415,115606400
1992-09-21,0.417,0.426,0.413,0.415,89678400
1992-09-22,0.417,0.417,0.404,0.408,111540800
1992-09-23,0.411,0.424,0.406,0.424,123972800
1992-09-24,0.422,0.426,0.413,0.413,125652800
1992-09-25,0.413,0.415,0.404,0.406,137468800
1992-09-28,0.402,0.402,0.391,0.4,149520000
1992-09-29,0.397,0.406,0.393,0.401,157270400
1992-09-30,0.402,0.406,0.397,0.403,100049600
1992-10-01,0.4,0.403,0.395,0.395,122729600
1992-10-02,0.397,0.4,0.384,0.391,113545600
1992-10-05,0.386,0.391,0.371,0.388,264958400
1992-10-06,0.391,0.402,0.382,0.4,113444800
1992-10-07,0.402,0.404,0.388,0.391,113310400
1992-10-08,0.393,0.395,0.384,0.388,126974400
1992-10-09,0.388,0.393,0.384,0.387,58744000
1992-10-12,0.386,0.395,0.386,0.393,71635200
1992-10-13,0.4,0.411,0.393,0.405,147179200
1992-10-14,0.404,0.413,0.402,0.411,95726400
1992-10-15,0.408,0.411,0.404,0.406,75420800
1992-10-16,0.417,0.442,0.415,0.438,451348800
1992-10-19,0.438,0.44,0.433,0.438,196044800
1992-10-20,0.438,0.446,0.433,0.439,287246400
1992-10-21,0.44,0.442,0.429,0.433,114251200
1992-10-22,0.433,0.44,0.431,0.435,84470400
1992-10-23,0.44,0.442,0.431,0.435,91425600
1992-10-26,0.435,0.46,0.433,0.46,250689600
1992-10-27,0.46,0.469,0.455,0.46,211960000
1992-10-28,0.458,0.471,0.453,0.467,196593600
1992-10-29,0.467,0.482,0.46,0.475,213897600
1992-10-30,0.478,0.478,0.464,0.469,129830400
1992-11-02,0.469,0.471,0.462,0.467,170094400
1992-11-03,0.469,0.469,0.46,0.464,112750400
1992-11-04,0.464,0.471,0.464,0.469,141960000
1992-11-05,0.469,0.491,0.469,0.491,298054400
1992-11-06,0.489,0.504,0.489,0.498,263972800
1992-11-09,0.5,0.5,0.489,0.493,112929600
1992-11-10,0.491,0.504,0.489,0.502,122225600
1992-11-11,0.504,0.52,0.502,0.507,140425600
1992-11-12,0.509,0.513,0.503,0.508,107598400
1992-11-13,0.509,0.511,0.5,0.502,84750400
1992-11-16,0.502,0.516,0.5,0.512,67547200
1992-11-17,0.511,0.513,0.49,0.493,168806400
1992-11-18,0.5,0.52,0.496,0.516,304808000
1992-11-19,0.516,0.531,0.516,0.52,240542400
1992-11-20,0.522,0.525,0.509,0.513,155489600
1992-11-23,0.504,0.509,0.502,0.507,152723200
1992-11-24,0.509,0.513,0.504,0.513,156822400
1992-11-25,0.509,0.511,0.5,0.504,117342400
1992-11-27,0.504,0.511,0.502,0.504,47196800
1992-11-30,0.502,0.513,0.497,0.513,160507200
1992-12-01,0.511,0.527,0.507,0.52,130144000
1992-12-02,0.52,0.522,0.509,0.511,97776000
1992-12-03,0.504,0.515,0.501,0.513,187588800
1992-12-04,0.511,0.513,0.504,0.508,95782400
1992-12-07,0.507,0.516,0.507,0.516,144222400
1992-12-08,0.516,0.525,0.516,0.519,196638400
1992-12-09,0.516,0.518,0.511,0.515,159409600
1992-12-10,0.511,0.515,0.504,0.511,140190400
1992-12-11,0.511,0.52,0.511,0.513,120187200
1992-12-14,0.513,0.516,0.507,0.511,110510400
1992-12-15,0.507,0.509,0.496,0.503,182537600
1992-12-16,0.502,0.509,0.487,0.491,225926400
1992-12-17,0.493,0.513,0.493,0.508,233867200
1992-12-18,0.513,0.529,0.511,0.52,235457600
1992-12-21,0.52,0.536,0.518,0.532,256065600
1992-12-22,0.533,0.547,0.533,0.541,280168000
1992-12-23,0.538,0.54,0.529,0.533,112336000
1992-12-24,0.536,0.536,0.527,0.527,45964800
1992-12-28,0.529,0.533,0.529,0.531,70448000
1992-12-29,0.531,0.542,0.531,0.532,116278400
1992-12-30,0.533,0.533,0.525,0.525,100587200
1992-12-31,0.525,0.536,0.525,0.533,92232000
1993-01-04,0.531,0.536,0.516,0.52,129136000
1993-01-05,0.518,0.529,0.511,0.529,186256000
1993-01-06,0.542,0.554,0.54,0.551,281400000
1993-01-07,0.551,0.558,0.541,0.545,272137600
1993-01-08,0.542,0.562,0.533,0.556,320936000
1993-01-11,0.554,0.575,0.551,0.573,273728000
1993-01-12,0.56,0.569,0.549,0.549,346158400
1993-01-13,0.549,0.571,0.547,0.567,199640000
1993-01-14,0.571,0.583,0.569,0.58,367808000
1993-01-15,0.545,0.556,0.536,0.538,902630400
1993-01-18,0.531,0.536,0.518,0.531,333636800
1993-01-19,0.533,0.54,0.529,0.533,274041600
1993-01-20,0.533,0.538,0.531,0.536,158737600
1993-01-21,0.533,0.538,0.525,0.536,184419200
1993-01-22,0.538,0.538,0.527,0.531,146944000
1993-01-25,0.529,0.54,0.529,0.536,202272000
1993-01-26,0.54,0.554,0.54,0.542,285622400
1993-01-27,0.545,0.551,0.525,0.538,226620800
1993-01-28,0.536,0.538,0.529,0.535,184038400
1993-01-29,0.538,0.547,0.527,0.531,266100800
1993-02-01,0.529,0.547,0.529,0.547,240553600
1993-02-02,0.542,0.549,0.538,0.538,182336000
1993-02-03,0.545,0.545,0.522,0.536,264185600
1993-02-04,0.536,0.538,0.527,0.531,208152000
1993-02-05,0.529,0.531,0.502,0.511,367617600
1993-02-08,0.509,0.513,0.496,0.504,281075200
1993-02-09,0.509,0.512,0.504,0.508,238660800
1993-02-10,0.509,0.511,0.491,0.498,268284800
1993-02-11,0.498,0.502,0.491,0.492,168268800
1993-02-12,0.491,0.496,0.48,0.481,275396800
1993-02-16,0.478,0.478,0.46,0.473,407736000
1993-02-17,0.475,0.482,0.464,0.481,249580800
1993-02-18,0.491,0.493,0.478,0.491,280123200
1993-02-19,0.493,0.496,0.489,0.491,177800000
1993-02-22,0.491,0.5,0.489,0.492,98761600
1993-02-23,0.491,0.493,0.482,0.484,194073600
1993-02-24,0.465,0.481,0.465,0.479,286563200
1993-02-25,0.475,0.489,0.475,0.489,167227200
1993-02-26,0.484,0.484,0.467,0.473,294884800
1993-03-01,0.473,0.478,0.471,0.475,119302400
1993-03-02,0.473,0.487,0.473,0.484,147694400
1993-03-03,0.482,0.491,0.475,0.488,202697600
1993-03-04,0.487,0.493,0.478,0.491,188339200
1993-03-05,0.489,0.498,0.489,0.491,111619200
1993-03-08,0.491,0.507,0.491,0.504,177004800
1993-03-09,0.504,0.513,0.504,0.507,154828800
1993-03-10,0.507,0.511,0.5,0.507,132496000
1993-03-11,0.509,0.511,0.502,0.508,144614400
1993-03-12,0.507,0.507,0.496,0.502,126694400
1993-03-15,0.5,0.511,0.494,0.509,136035200
1993-03-16,0.511,0.516,0.504,0.504,101281600
1993-03-17,0.504,0.509,0.491,0.492,176220800
1993-03-18,0.491,0.497,0.487,0.487,106187200
1993-03-19,0.491,0.493,0.478,0.48,154100800
1993-03-22,0.478,0.481,0.471,0.475,165200000
1993-03-23,0.475,0.482,0.47,0.471,102536000
1993-03-24,0.471,0.484,0.469,0.48,143068800
1993-03-25,0.48,0.489,0.478,0.489,171046400
1993-03-26,0.489,0.489,0.469,0.475,151760000
1993-03-29,0.467,0.469,0.453,0.455,261710400
1993-03-30,0.456,0.467,0.449,0.467,264051200
1993-03-31,0.469,0.471,0.458,0.46,223036800
1993-04-01,0.458,0.464,0.455,0.462,108203200
1993-04-02,0.451,0.458,0.442,0.448,253792000
1993-04-05,0.446,0.451,0.442,0.446,149172800
1993-04-06,0.446,0.449,0.435,0.435,168369600
1993-04-07,0.438,0.453,0.433,0.451,162848000
1993-04-08,0.446,0.451,0.438,0.444,163430400
1993-04-12,0.442,0.455,0.442,0.446,93049600
1993-04-13,0.451,0.458,0.431,0.433,164483200
1993-04-14,0.431,0.435,0.425,0.435,170060800
1993-04-15,0.431,0.431,0.417,0.422,218702400
1993-04-16,0.431,0.435,0.423,0.43,686795200
1993-04-19,0.433,0.442,0.431,0.433,227864000
1993-04-20,0.435,0.449,0.431,0.446,240049600
1993-04-21,0.449,0.453,0.44,0.443,205273600
1993-04-22,0.44,0.451,0.438,0.446,157673600
1993-04-23,0.444,0.449,0.435,0.44,134142400
1993-04-26,0.44,0.444,0.433,0.438,102804800
1993-04-27,0.435,0.449,0.435,0.449,129673600
1993-04-28,0.444,0.464,0.444,0.459,163240000
1993-04-29,0.46,0.462,0.448,0.453,82443200
1993-04-30,0.453,0.469,0.453,0.458,132339200
1993-05-03,0.458,0.464,0.455,0.463,65184000
1993-05-04,0.467,0.484,0.464,0.477,170822400
1993-05-05,0.473,0.496,0.473,0.487,253064000
1993-05-06,0.487,0.489,0.478,0.48,70459200
1993-05-07,0.478,0.489,0.478,0.489,81894400
1993-05-10,0.491,0.499,0.491,0.491,137928000
1993-05-11,0.491,0.493,0.482,0.487,158379200
1993-05-12,0.484,0.489,0.473,0.475,105224000
1993-05-13,0.478,0.498,0.478,0.496,361726400
1993-05-14,0.493,0.5,0.491,0.496,117409600
1993-05-17,0.496,0.5,0.491,0.498,69641600
1993-05-18,0.496,0.502,0.491,0.496,163475200
1993-05-19,0.489,0.513,0.487,0.511,172771200
1993-05-20,0.511,0.527,0.511,0.525,290528000
1993-05-21,0.525,0.528,0.507,0.513,148198400
1993-05-24,0.507,0.525,0.507,0.515,150315200
1993-05-25,0.507,0.513,0.498,0.503,180723200
1993-05-26,0.5,0.516,0.494,0.516,121564800
1993-05-27,0.516,0.522,0.511,0.513,197288000
1993-05-28,0.509,0.513,0.502,0.506,183948800
1993-06-01,0.504,0.516,0.504,0.509,135072000
1993-06-02,0.507,0.52,0.5,0.509,200480000
1993-06-03,0.509,0.511,0.5,0.503,156856000
1993-06-04,0.498,0.502,0.487,0.49,213684800
1993-06-07,0.487,0.489,0.45,0.453,482305600
1993-06-08,0.435,0.446,0.429,0.442,621096000
1993-06-09,0.402,0.407,0.393,0.395,1178419200
1993-06-10,0.388,0.4,0.382,0.397,553705600
1993-06-11,0.402,0.404,0.387,0.391,242323200
1993-06-14,0.393,0.4,0.388,0.398,249491200
1993-06-15,0.404,0.404,0.374,0.375,448324800
1993-06-16,0.377,0.386,0.371,0.377,353080000
1993-06-17,0.379,0.379,0.362,0.368,409438400
1993-06-18,0.372,0.376,0.355,0.366,311292800
1993-06-21,0.362,0.362,0.353,0.354,273582400
1993-06-22,0.365,0.375,0.355,0.369,336380800
1993-06-23,0.373,0.373,0.357,0.362,180723200
1993-06-24,0.362,0.373,0.357,0.373,222835200
1993-06-25,0.36,0.364,0.353,0.357,257163200
1993-06-28,0.362,0.362,0.346,0.358,353617600
1993-06-29,0.359,0.359,0.344,0.348,294268800
1993-06-30,0.346,0.355,0.344,0.353,200256000
1993-07-01,0.348,0.355,0.339,0.339,218164800
1993-07-02,0.342,0.346,0.337,0.344,191632000
1993-07-06,0.342,0.348,0.335,0.337,155254400
1993-07-07,0.335,0.338,0.324,0.326,227035200
1993-07-08,0.326,0.335,0.324,0.326,138969600
1993-07-09,0.33,0.333,0.326,0.328,156878400
1993-07-12,0.328,0.34,0.324,0.339,173880000
1993-07-13,0.346,0.346,0.33,0.333,158110400
1993-07-14,0.328,0.335,0.319,0.333,246299200
1993-07-15,0.333,0.337,0.315,0.319,338038400
1993-07-16,0.254,0.265,0.237,0.246,2120596800
1993-07-19,0.25,0.257,0.228,0.229,806232000
1993-07-20,0.234,0.248,0.23,0.24,531910400
1993-07-21,0.232,0.239,0.228,0.234,455907200
1993-07-22,0.232,0.241,0.23,0.237,211176000
1993-07-23,0.241,0.246,0.232,0.234,233777600
1993-07-26,0.239,0.246,0.232,0.24,152824000
1993-07-27,0.239,0.246,0.234,0.237,198609600
1993-07-28,0.234,0.241,0.234,0.24,91795200
1993-07-29,0.241,0.246,0.239,0.243,121374400
1993-07-30,0.246,0.252,0.241,0.248,214446400
1993-08-02,0.252,0.261,0.25,0.254,216305600
1993-08-03,0.259,0.261,0.257,0.259,176478400
1993-08-04,0.261,0.272,0.259,0.27,242995200
1993-08-05,0.275,0.275,0.259,0.263,209372800
1993-08-06,0.261,0.27,0.261,0.261,125921600
1993-08-09,0.261,0.27,0.259,0.266,161414400
1993-08-10,0.263,0.266,0.252,0.254,152779200
1993-08-11,0.254,0.254,0.241,0.246,166969600
1993-08-12,0.246,0.248,0.232,0.237,338172800
1993-08-13,0.237,0.248,0.234,0.244,138812800
1993-08-16,0.246,0.25,0.243,0.246,102446400
1993-08-17,0.248,0.254,0.243,0.253,108180800
1993-08-18,0.259,0.266,0.252,0.254,188720000
1993-08-19,0.257,0.257,0.246,0.246,152129600
1993-08-20,0.248,0.25,0.241,0.25,99937600
1993-08-23,0.25,0.257,0.246,0.253,91179200
1993-08-24,0.252,0.257,0.248,0.25,101259200
1993-08-25,0.25,0.252,0.239,0.243,145768000
1993-08-26,0.243,0.243,0.237,0.24,176142400
1993-08-27,0.241,0.241,0.234,0.237,186569600
1993-08-30,0.237,0.237,0.231,0.232,273739200
1993-08-31,0.237,0.239,0.232,0.237,127870400
1993-09-01,0.237,0.239,0.23,0.233,225568000
1993-09-02,0.232,0.234,0.225,0.23,282262400
1993-09-03,0.232,0.232,0.225,0.23,162937600
1993-09-07,0.232,0.241,0.23,0.234,143539200
1993-09-08,0.234,0.241,0.232,0.239,226632000
1993-09-09,0.239,0.241,0.232,0.232,149531200
1993-09-10,0.234,0.234,0.227,0.234,134489600
1993-09-13,0.234,0.237,0.221,0.225,255785600
1993-09-14,0.217,0.223,0.214,0.217,276640000
1993-09-15,0.219,0.223,0.21,0.219,257723200
1993-09-16,0.217,0.223,0.217,0.221,85960000
1993-09-17,0.218,0.228,0.217,0.225,172032000
1993-09-20,0.225,0.228,0.221,0.222,111036800
1993-09-21,0.221,0.225,0.213,0.219,146496000
1993-09-22,0.217,0.228,0.217,0.228,110488000
1993-09-23,0.228,0.228,0.219,0.221,130950400
1993-09-24,0.223,0.225,0.219,0.223,76574400
1993-09-27,0.223,0.225,0.217,0.221,113176000
1993-09-28,0.221,0.223,0.217,0.221,94550400
1993-09-29,0.217,0.222,0.212,0.213,236745600
1993-09-30,0.214,0.214,0.205,0.209,274904000
1993-10-01,0.203,0.205,0.201,0.203,335988800
1993-10-04,0.202,0.205,0.196,0.203,192841600
1993-10-05,0.205,0.214,0.205,0.21,176310400
1993-10-06,0.212,0.214,0.209,0.211,175280000
1993-10-07,0.21,0.212,0.203,0.205,134904000
1993-10-08,0.208,0.208,0.199,0.202,139406400
1993-10-11,0.203,0.214,0.203,0.212,161145600
1993-10-12,0.214,0.223,0.212,0.214,306342400
1993-10-13,0.217,0.217,0.21,0.214,177004800
1993-10-14,0.214,0.219,0.21,0.212,160686400
1993-10-15,0.248,0.254,0.239,0.252,955248000
1993-10-18,0.25,0.257,0.248,0.253,332998400
1993-10-19,0.252,0.254,0.243,0.248,213572800
1993-10-20,0.25,0.252,0.243,0.248,138409600
1993-10-21,0.246,0.279,0.243,0.27,627110400
1993-10-22,0.272,0.281,0.266,0.27,396076800
1993-10-25,0.27,0.272,0.265,0.268,219128000
1993-10-26,0.266,0.268,0.259,0.266,222476800
1993-10-27,0.268,0.288,0.266,0.283,459065600
1993-10-28,0.283,0.288,0.277,0.277,244462400
1993-10-29,0.277,0.283,0.272,0.275,136864000
1993-11-01,0.275,0.281,0.27,0.281,105974400
1993-11-02,0.279,0.295,0.277,0.292,224246400
1993-11-03,0.295,0.295,0.277,0.282,176960000
1993-11-04,0.281,0.288,0.275,0.288,185371200
1993-11-05,0.285,0.288,0.275,0.285,378033600
1993-11-08,0.286,0.287,0.272,0.275,166992000
1993-11-09,0.277,0.279,0.266,0.269,171248000
1993-11-10,0.27,0.275,0.268,0.275,76977600
1993-11-11,0.275,0.286,0.272,0.28,142430400
1993-11-12,0.281,0.286,0.272,0.283,143662400
1993-11-15,0.281,0.292,0.281,0.286,157102400
1993-11-16,0.286,0.306,0.283,0.304,303083200
1993-11-17,0.304,0.312,0.292,0.299,302624000
1993-11-18,0.299,0.301,0.295,0.299,114408000
1993-11-19,0.295,0.299,0.29,0.295,122964800
1993-11-22,0.292,0.295,0.288,0.29,150606400
1993-11-23,0.29,0.295,0.279,0.295,186166400
1993-11-24,0.292,0.299,0.291,0.295,90440000
1993-11-26,0.292,0.295,0.288,0.291,43444800
1993-11-29,0.288,0.29,0.281,0.283,96712000
1993-11-30,0.283,0.291,0.281,0.281,112660800
1993-12-01,0.286,0.288,0.279,0.281,111216000
1993-12-02,0.283,0.286,0.277,0.283,100654400
1993-12-03,0.283,0.286,0.277,0.281,120467200
1993-12-06,0.281,0.29,0.279,0.288,156979200
1993-12-07,0.286,0.288,0.281,0.288,63851200
1993-12-08,0.286,0.288,0.281,0.285,39592000
1993-12-09,0.283,0.286,0.266,0.268,182761600
1993-12-10,0.27,0.272,0.248,0.252,497257600
1993-12-13,0.252,0.263,0.248,0.263,244328000
1993-12-14,0.261,0.266,0.259,0.26,293664000
1993-12-15,0.259,0.266,0.259,0.266,123883200
1993-12-16,0.263,0.266,0.259,0.262,126369600
1993-12-17,0.263,0.266,0.26,0.263,145152000
1993-12-20,0.261,0.266,0.252,0.254,189033600
1993-12-21,0.254,0.257,0.243,0.246,251126400
1993-12-22,0.243,0.254,0.241,0.25,181372800
1993-12-23,0.243,0.243,0.237,0.243,226956800
1993-12-27,0.248,0.257,0.243,0.254,159936000
1993-12-28,0.257,0.263,0.254,0.26,159499200
1993-12-29,0.261,0.261,0.254,0.254,107352000
1993-12-30,0.254,0.27,0.254,0.266,314552000
1993-12-31,0.266,0.27,0.261,0.261,160966400
1994-01-03,0.263,0.268,0.259,0.267,181529600
1994-01-04,0.27,0.281,0.268,0.281,285174400
1994-01-05,0.283,0.302,0.283,0.301,612136000
1994-01-06,0.301,0.304,0.29,0.292,366508800
1994-01-07,0.286,0.297,0.279,0.296,298793600
1994-01-10,0.295,0.302,0.292,0.3,201588800
1994-01-11,0.299,0.301,0.283,0.285,355398400
1994-01-12,0.288,0.288,0.272,0.272,439118400
1994-01-13,0.268,0.275,0.266,0.273,531596800
1994-01-14,0.275,0.283,0.272,0.277,214513600
1994-01-17,0.277,0.281,0.268,0.271,145712000
1994-01-18,0.27,0.27,0.259,0.262,362801600
1994-01-19,0.261,0.266,0.257,0.261,281590400
1994-01-20,0.263,0.275,0.263,0.267,268083200
1994-01-21,0.297,0.299,0.288,0.298,980134400
1994-01-24,0.297,0.315,0.297,0.312,692148800
1994-01-25,0.31,0.312,0.297,0.302,442332800
1994-01-26,0.301,0.304,0.297,0.299,165804800
1994-01-27,0.299,0.306,0.295,0.305,132249600
1994-01-28,0.306,0.31,0.301,0.304,136438400
1994-01-31,0.299,0.301,0.292,0.292,238380800
1994-02-01,0.295,0.299,0.288,0.297,156721600
1994-02-02,0.297,0.297,0.29,0.295,146451200
1994-02-03,0.295,0.3,0.29,0.299,137995200
1994-02-04,0.299,0.312,0.297,0.299,354009600
1994-02-07,0.299,0.331,0.299,0.326,725446400
1994-02-08,0.321,0.326,0.315,0.319,285387200
1994-02-09,0.319,0.326,0.315,0.324,186984000
1994-02-10,0.324,0.335,0.321,0.326,302030400
1994-02-11,0.324,0.335,0.324,0.33,164248000
1994-02-14,0.33,0.339,0.328,0.33,245548800
1994-02-15,0.328,0.335,0.324,0.331,129774400
1994-02-16,0.335,0.335,0.328,0.328,122024000
1994-02-17,0.333,0.338,0.324,0.33,145152000
1994-02-18,0.326,0.33,0.324,0.324,149072000
1994-02-22,0.324,0.335,0.319,0.333,214569600
1994-02-23,0.333,0.342,0.33,0.333,260534400
1994-02-24,0.33,0.333,0.324,0.327,197859200
1994-02-25,0.33,0.333,0.317,0.321,236824000
1994-02-28,0.324,0.33,0.321,0.326,123827200
1994-03-01,0.328,0.328,0.319,0.324,211870400
1994-03-02,0.315,0.324,0.31,0.318,294145600
1994-03-03,0.319,0.324,0.317,0.319,188473600
1994-03-04,0.321,0.335,0.319,0.328,226844800
1994-03-07,0.33,0.34,0.328,0.338,310396800
1994-03-08,0.339,0.339,0.328,0.33,186054400
1994-03-09,0.327,0.335,0.321,0.335,248539200
1994-03-10,0.333,0.336,0.328,0.333,143763200
1994-03-11,0.33,0.337,0.328,0.333,161840000
1994-03-14,0.344,0.344,0.337,0.34,441705600
1994-03-15,0.342,0.342,0.333,0.336,204545600
1994-03-16,0.335,0.337,0.326,0.328,147168000
1994-03-17,0.328,0.33,0.324,0.326,156228800
1994-03-18,0.328,0.328,0.319,0.325,223675200
1994-03-21,0.325,0.326,0.315,0.317,246512000
1994-03-22,0.315,0.317,0.308,0.312,242827200
1994-03-23,0.315,0.317,0.306,0.314,216686400
1994-03-24,0.314,0.315,0.304,0.309,188092800
1994-03-25,0.31,0.31,0.292,0.292,343638400
1994-03-28,0.295,0.304,0.292,0.297,282576000
1994-03-29,0.297,0.301,0.288,0.292,213516800
1994-03-30,0.29,0.297,0.283,0.29,169825600
1994-03-31,0.29,0.299,0.281,0.297,209059200
1994-04-04,0.288,0.297,0.283,0.297,168302400
1994-04-05,0.301,0.306,0.299,0.299,97899200
1994-04-06,0.304,0.304,0.292,0.299,129091200
1994-04-07,0.299,0.301,0.292,0.298,77369600
1994-04-08,0.301,0.304,0.297,0.299,176848000
1994-04-11,0.299,0.299,0.29,0.299,106825600
1994-04-12,0.298,0.298,0.283,0.286,136830400
1994-04-13,0.288,0.29,0.279,0.283,233139200
1994-04-14,0.272,0.283,0.268,0.281,221995200
1994-04-15,0.279,0.281,0.268,0.27,188350400
1994-04-18,0.272,0.272,0.261,0.265,230294400
1994-04-19,0.266,0.268,0.254,0.259,166252800
1994-04-20,0.261,0.268,0.25,0.252,281848000
1994-04-21,0.254,0.272,0.241,0.265,410536000
1994-04-22,0.279,0.286,0.254,0.266,697827200
1994-04-25,0.266,0.277,0.263,0.277,359240000
1994-04-26,0.281,0.281,0.277,0.279,164225600
1994-04-28,0.277,0.279,0.266,0.27,100475200
1994-04-29,0.268,0.272,0.266,0.268,94785600
1994-05-02,0.268,0.279,0.268,0.277,123222400
1994-05-03,0.277,0.279,0.263,0.27,132899200
1994-05-04,0.277,0.297,0.272,0.295,364156800
1994-05-05,0.297,0.301,0.288,0.294,288332800
1994-05-06,0.288,0.292,0.279,0.289,187779200
1994-05-09,0.288,0.29,0.275,0.279,140470400
1994-05-10,0.283,0.286,0.277,0.277,146843200
1994-05-11,0.277,0.281,0.266,0.27,145521600
1994-05-12,0.272,0.275,0.263,0.265,107105600
1994-05-13,0.266,0.272,0.261,0.268,92612800
1994-05-16,0.268,0.272,0.263,0.263,135385600
1994-05-17,0.266,0.266,0.257,0.262,180107200
1994-05-18,0.266,0.275,0.261,0.273,123860800
1994-05-19,0.275,0.29,0.272,0.287,273582400
1994-05-20,0.283,0.288,0.277,0.277,98145600
1994-05-23,0.277,0.279,0.268,0.272,119952000
1994-05-24,0.277,0.279,0.27,0.275,126448000
1994-05-25,0.27,0.283,0.268,0.279,136113600
1994-05-26,0.281,0.281,0.27,0.272,73035200
1994-05-27,0.27,0.275,0.263,0.267,108684800
1994-05-31,0.263,0.263,0.254,0.261,257398400
1994-06-01,0.254,0.256,0.249,0.252,385761600
1994-06-02,0.253,0.254,0.242,0.244,384921600
1994-06-03,0.242,0.25,0.239,0.247,353684800
1994-06-06,0.246,0.248,0.241,0.244,126033600
1994-06-07,0.243,0.248,0.243,0.246,140246400
1994-06-08,0.246,0.247,0.232,0.233,274164800
1994-06-09,0.229,0.241,0.228,0.241,293529600
1994-06-10,0.242,0.244,0.235,0.237,142732800
1994-06-13,0.235,0.243,0.235,0.241,92904000
1994-06-14,0.243,0.244,0.238,0.242,154358400
1994-06-15,0.241,0.25,0.24,0.248,159476800
1994-06-16,0.248,0.248,0.233,0.235,218220800
1994-06-17,0.232,0.239,0.231,0.237,224492800
1994-06-20,0.234,0.243,0.232,0.242,199897600
1994-06-21,0.24,0.243,0.23,0.232,243275200
1994-06-22,0.234,0.239,0.232,0.234,113859200
1994-06-23,0.234,0.234,0.222,0.224,203896000
1994-06-24,0.224,0.233,0.221,0.229,292857600
1994-06-27,0.225,0.234,0.22,0.234,255953600
1994-06-28,0.234,0.242,0.229,0.239,174227200
1994-06-29,0.239,0.242,0.231,0.233,135564800
1994-06-30,0.234,0.24,0.234,0.237,101729600
1994-07-01,0.235,0.237,0.227,0.23,179278400
1994-07-05,0.229,0.239,0.229,0.237,85848000
1994-07-06,0.234,0.237,0.232,0.233,97384000
1994-07-07,0.231,0.241,0.228,0.239,170150400
1994-07-08,0.237,0.247,0.237,0.242,208230400
1994-07-11,0.242,0.244,0.238,0.241,106422400
1994-07-12,0.241,0.254,0.235,0.253,242312000
1994-07-13,0.254,0.27,0.254,0.265,450262400
1994-07-14,0.265,0.266,0.252,0.256,180667200
1994-07-15,0.252,0.256,0.246,0.252,94964800
1994-07-18,0.251,0.259,0.25,0.253,76428800
1994-07-19,0.256,0.257,0.244,0.247,116368000
1994-07-20,0.244,0.247,0.235,0.238,217369600
1994-07-21,0.238,0.254,0.237,0.25,289475200
1994-07-22,0.282,0.285,0.268,0.277,786576000
1994-07-25,0.278,0.285,0.275,0.283,422654400
1994-07-26,0.283,0.286,0.278,0.28,188809600
1994-07-27,0.279,0.28,0.273,0.277,133784000
1994-07-28,0.277,0.287,0.276,0.285,245313600
1994-07-29,0.285,0.304,0.285,0.301,555766400
1994-08-01,0.3,0.301,0.292,0.298,229275200
1994-08-02,0.299,0.3,0.289,0.291,269561600
1994-08-03,0.292,0.297,0.287,0.296,226844800
1994-08-04,0.296,0.301,0.296,0.297,184755200
1994-08-05,0.294,0.298,0.294,0.297,87012800
1994-08-08,0.296,0.304,0.295,0.301,141276800
1994-08-09,0.299,0.302,0.296,0.3,78601600
1994-08-10,0.3,0.311,0.297,0.309,253568000
1994-08-11,0.306,0.314,0.302,0.306,298088000
1994-08-12,0.307,0.314,0.302,0.31,179648000
1994-08-15,0.31,0.312,0.306,0.309,120075200
1994-08-16,0.307,0.31,0.304,0.31,155736000
1994-08-17,0.311,0.316,0.309,0.312,286182400
1994-08-18,0.31,0.315,0.308,0.309,206259200
1994-08-19,0.31,0.312,0.306,0.311,130547200
1994-08-22,0.31,0.312,0.309,0.311,152420800
1994-08-23,0.311,0.32,0.31,0.312,214446400
1994-08-24,0.31,0.312,0.307,0.311,171584000
1994-08-25,0.306,0.325,0.306,0.313,298793600
1994-08-26,0.315,0.323,0.315,0.319,204198400
1994-08-29,0.319,0.323,0.315,0.316,152107200
1994-08-30,0.315,0.325,0.314,0.324,182078400
1994-08-31,0.321,0.334,0.319,0.323,351836800
1994-09-01,0.316,0.319,0.309,0.312,204288000
1994-09-02,0.315,0.317,0.312,0.316,101304000
1994-09-06,0.315,0.318,0.312,0.318,91425600
1994-09-07,0.318,0.327,0.316,0.323,203896000
1994-09-08,0.321,0.324,0.318,0.323,158838400
1994-09-09,0.319,0.321,0.316,0.319,157236800
1994-09-12,0.318,0.319,0.316,0.319,90540800
1994-09-13,0.319,0.324,0.318,0.32,104227200
1994-09-14,0.318,0.319,0.312,0.314,99086400
1994-09-15,0.314,0.323,0.314,0.321,258955200
1994-09-16,0.32,0.333,0.317,0.325,364145600
1994-09-19,0.325,0.328,0.317,0.317,174350400
1994-09-20,0.314,0.316,0.307,0.309,197254400
1994-09-21,0.308,0.309,0.301,0.305,234841600
1994-09-22,0.306,0.306,0.3,0.302,146238400
1994-09-23,0.302,0.308,0.302,0.303,132876800
1994-09-26,0.302,0.308,0.3,0.303,141702400
1994-09-27,0.301,0.305,0.298,0.302,109088000
1994-09-28,0.304,0.307,0.3,0.302,81267200
1994-09-29,0.301,0.307,0.298,0.305,109379200
1994-09-30,0.305,0.308,0.3,0.301,71702400
1994-10-03,0.3,0.301,0.29,0.296,129595200
1994-10-04,0.297,0.304,0.295,0.301,162388800
1994-10-05,0.3,0.34,0.298,0.338,709800000
1994-10-06,0.334,0.335,0.321,0.324,526915200
1994-10-07,0.323,0.331,0.317,0.33,364392000
1994-10-10,0.331,0.354,0.33,0.347,523409600
1994-10-11,0.369,0.374,0.352,0.354,842307200
1994-10-12,0.354,0.381,0.349,0.376,597318400
1994-10-13,0.381,0.383,0.363,0.367,525302400
1994-10-14,0.371,0.375,0.365,0.367,176052800
1994-10-17,0.365,0.371,0.347,0.355,303990400
1994-10-18,0.363,0.372,0.362,0.368,468686400
1994-10-19,0.366,0.376,0.366,0.368,351086400
1994-10-20,0.368,0.373,0.362,0.366,218142400
1994-10-21,0.364,0.382,0.364,0.381,322705600
1994-10-24,0.382,0.385,0.374,0.377,204500800
1994-10-25,0.372,0.381,0.371,0.381,301481600
1994-10-26,0.381,0.386,0.381,0.386,196772800
1994-10-27,0.386,0.391,0.379,0.382,159409600
1994-10-28,0.378,0.383,0.373,0.376,273324800
1994-10-31,0.375,0.387,0.371,0.386,355902400
1994-11-01,0.383,0.388,0.378,0.385,218097600
1994-11-02,0.385,0.386,0.369,0.369,218747200
1994-11-03,0.373,0.375,0.366,0.371,110521600
1994-11-04,0.371,0.372,0.357,0.36,192046400
1994-11-07,0.36,0.368,0.358,0.364,113041600
1994-11-08,0.363,0.381,0.359,0.377,348969600
1994-11-09,0.382,0.384,0.366,0.372,406336000
1994-11-10,0.373,0.374,0.366,0.369,152980800
1994-11-11,0.368,0.371,0.366,0.367,62272000
1994-11-14,0.368,0.382,0.368,0.379,139630400
1994-11-15,0.379,0.384,0.368,0.369,167619200
1994-11-16,0.364,0.371,0.363,0.366,187398400
1994-11-17,0.365,0.366,0.356,0.357,150438400
1994-11-18,0.357,0.362,0.354,0.357,147033600
1994-11-21,0.357,0.359,0.339,0.34,202596800
1994-11-22,0.337,0.349,0.333,0.334,224336000
1994-11-23,0.33,0.338,0.325,0.329,327812800
1994-11-25,0.329,0.337,0.328,0.337,84224000
1994-11-28,0.336,0.342,0.333,0.338,138678400
1994-11-29,0.339,0.344,0.337,0.342,144132800
1994-11-30,0.343,0.352,0.33,0.333,312032000
1994-12-01,0.33,0.336,0.321,0.323,309321600
1994-12-02,0.326,0.328,0.318,0.326,172256000
1994-12-05,0.326,0.334,0.323,0.332,180275200
1994-12-06,0.33,0.343,0.329,0.335,238089600
1994-12-07,0.335,0.338,0.322,0.327,137300800
1994-12-08,0.329,0.33,0.319,0.32,169859200
1994-12-09,0.32,0.325,0.31,0.324,260724800
1994-12-12,0.325,0.328,0.317,0.326,224078400
1994-12-13,0.327,0.33,0.324,0.325,119201600
1994-12-14,0.326,0.34,0.326,0.338,311427200
1994-12-15,0.339,0.343,0.329,0.331,227595200
1994-12-16,0.333,0.337,0.328,0.333,179782400
1994-12-19,0.333,0.352,0.333,0.349,332819200
1994-12-20,0.349,0.35,0.343,0.344,175145600
1994-12-21,0.338,0.344,0.335,0.343,157438400
1994-12-22,0.344,0.347,0.342,0.345,133078400
1994-12-23,0.344,0.352,0.344,0.347,93889600
1994-12-27,0.35,0.355,0.347,0.349,81916800
1994-12-28,0.349,0.35,0.342,0.349,89163200
1994-12-29,0.35,0.356,0.349,0.353,121340800
1994-12-30,0.352,0.356,0.346,0.348,73091200
1995-01-03,0.347,0.347,0.338,0.343,103868800
1995-01-04,0.345,0.354,0.345,0.352,158681600
1995-01-05,0.35,0.352,0.346,0.347,73640000
1995-01-06,0.372,0.385,0.367,0.375,1076622400
1995-01-09,0.372,0.374,0.366,0.368,274086400
1995-01-10,0.368,0.393,0.368,0.39,614790400
1995-01-11,0.391,0.429,0.381,0.417,873824000
1995-01-12,0.412,0.414,0.4,0.405,551779200
1995-01-13,0.412,0.412,0.396,0.401,351377600
1995-01-16,0.401,0.404,0.395,0.397,188977600
1995-01-17,0.397,0.406,0.394,0.402,330108800
1995-01-18,0.402,0.407,0.4,0.407,127657600
1995-01-19,0.406,0.411,0.402,0.41,314294400
1995-01-20,0.42,0.42,0.379,0.381,1000361600
1995-01-23,0.374,0.381,0.366,0.377,398540800
1995-01-24,0.377,0.378,0.369,0.372,218097600
1995-01-25,0.353,0.375,0.353,0.366,517070400
1995-01-26,0.365,0.371,0.35,0.353,246388800
1995-01-27,0.356,0.36,0.348,0.356,298569600
1995-01-30,0.358,0.362,0.356,0.358,230585600
1995-01-31,0.362,0.365,0.357,0.36,212777600
1995-02-01,0.364,0.364,0.356,0.358,158368000
1995-02-02,0.358,0.374,0.358,0.372,203582400
1995-02-03,0.375,0.376,0.36,0.362,319211200
1995-02-06,0.364,0.364,0.353,0.362,243028800
1995-02-07,0.36,0.366,0.357,0.364,201600000
1995-02-08,0.366,0.378,0.365,0.378,402864000
1995-02-09,0.376,0.392,0.376,0.39,475395200
1995-02-10,0.39,0.395,0.387,0.391,350963200
1995-02-13,0.388,0.397,0.386,0.391,283371200
1995-02-14,0.391,0.394,0.381,0.383,165614400
1995-02-15,0.386,0.388,0.379,0.38,184475200
1995-02-16,0.385,0.386,0.381,0.386,218780800
1995-02-17,0.383,0.384,0.379,0.379,121788800
1995-02-21,0.381,0.382,0.365,0.366,301582400
1995-02-22,0.363,0.366,0.358,0.364,293417600
1995-02-23,0.367,0.374,0.357,0.359,314708800
1995-02-24,0.358,0.36,0.344,0.348,568814400
1995-02-27,0.342,0.348,0.34,0.342,268811200
1995-02-28,0.344,0.356,0.339,0.353,222969600
1995-03-01,0.355,0.358,0.352,0.357,224448000
1995-03-02,0.358,0.364,0.355,0.357,268744000
1995-03-03,0.355,0.363,0.353,0.359,145768000
1995-03-06,0.355,0.357,0.353,0.355,132720000
1995-03-07,0.356,0.356,0.342,0.342,150785600
1995-03-08,0.346,0.358,0.337,0.353,364873600
1995-03-09,0.356,0.36,0.352,0.355,196683200
1995-03-10,0.354,0.36,0.352,0.353,137412800
1995-03-13,0.354,0.354,0.339,0.34,325752000
1995-03-14,0.342,0.342,0.308,0.312,727865600
1995-03-15,0.317,0.324,0.311,0.312,730968000
1995-03-16,0.315,0.321,0.312,0.315,316736000
1995-03-17,0.317,0.317,0.311,0.314,215644800
1995-03-20,0.314,0.318,0.312,0.315,189884800
1995-03-21,0.317,0.328,0.315,0.324,305368000
1995-03-22,0.324,0.353,0.324,0.34,479147200
1995-03-23,0.338,0.339,0.33,0.331,170094400
1995-03-24,0.334,0.338,0.333,0.337,128116800
1995-03-27,0.336,0.336,0.327,0.332,142800000
1995-03-28,0.324,0.324,0.305,0.307,689796800
1995-03-29,0.304,0.311,0.302,0.307,496876800
1995-03-30,0.309,0.317,0.308,0.316,273414400
1995-03-31,0.314,0.318,0.31,0.315,183243200
1995-04-03,0.317,0.319,0.314,0.317,154302400
1995-04-04,0.319,0.32,0.3,0.302,428198400
1995-04-05,0.305,0.31,0.301,0.31,264857600
1995-04-06,0.333,0.339,0.317,0.328,722825600
1995-04-07,0.33,0.331,0.324,0.328,295724800
1995-04-10,0.329,0.33,0.323,0.327,117801600
1995-04-11,0.328,0.338,0.327,0.337,214513600
1995-04-12,0.342,0.354,0.334,0.348,474712000
1995-04-13,0.35,0.35,0.338,0.342,174361600
1995-04-17,0.34,0.352,0.338,0.343,208812800
1995-04-18,0.344,0.345,0.335,0.335,231134400
1995-04-19,0.335,0.335,0.318,0.325,279428800
1995-04-20,0.331,0.344,0.327,0.336,329504000
1995-04-21,0.333,0.353,0.331,0.349,666624000
1995-04-24,0.348,0.354,0.344,0.348,272238400
1995-04-25,0.349,0.352,0.333,0.337,273638400
1995-04-26,0.336,0.346,0.334,0.342,230440000
1995-04-27,0.344,0.344,0.337,0.338,139865600
1995-04-28,0.339,0.343,0.335,0.342,195316800
1995-05-01,0.342,0.346,0.339,0.342,177956800
1995-05-02,0.342,0.343,0.335,0.34,120008000
1995-05-03,0.342,0.345,0.339,0.34,168784000
1995-05-04,0.342,0.356,0.339,0.344,303643200
1995-05-05,0.346,0.349,0.34,0.347,208006400
1995-05-08,0.356,0.366,0.355,0.362,386971200
1995-05-09,0.363,0.369,0.357,0.368,322929600
1995-05-10,0.371,0.374,0.364,0.37,275072000
1995-05-11,0.372,0.372,0.36,0.366,523622400
1995-05-12,0.365,0.39,0.362,0.39,647953600
1995-05-15,0.385,0.391,0.379,0.39,393355200
1995-05-16,0.385,0.396,0.379,0.391,332516800
1995-05-17,0.391,0.396,0.388,0.393,263144000
1995-05-18,0.394,0.394,0.386,0.387,371571200
1995-05-19,0.383,0.391,0.381,0.382,322593600
1995-05-22,0.379,0.394,0.377,0.394,371884800
1995-05-23,0.394,0.396,0.388,0.392,276662400
1995-05-24,0.391,0.395,0.383,0.388,264667200
1995-05-25,0.386,0.393,0.384,0.387,182862400
1995-05-26,0.384,0.385,0.377,0.381,114553600
1995-05-30,0.381,0.383,0.371,0.375,196380800
1995-05-31,0.376,0.376,0.366,0.371,159532800
1995-06-01,0.374,0.379,0.373,0.377,186726400
1995-06-02,0.374,0.378,0.371,0.376,105694400
1995-06-05,0.378,0.388,0.376,0.388,254654400
1995-06-06,0.39,0.396,0.388,0.393,315268800
1995-06-07,0.394,0.394,0.385,0.385,124521600
1995-06-08,0.387,0.387,0.376,0.383,136136000
1995-06-09,0.39,0.391,0.385,0.388,186625600
1995-06-12,0.393,0.397,0.392,0.394,212116800
1995-06-13,0.397,0.398,0.392,0.393,125944000
1995-06-14,0.392,0.392,0.387,0.39,118048000
1995-06-15,0.39,0.391,0.387,0.39,92758400
1995-06-16,0.392,0.393,0.388,0.392,89208000
1995-06-19,0.392,0.404,0.388,0.396,469537600
1995-06-20,0.411,0.426,0.411,0.423,738528000
1995-06-21,0.425,0.448,0.417,0.441,626012800
1995-06-22,0.438,0.443,0.434,0.439,473916800
1995-06-23,0.435,0.438,0.426,0.435,231963200
1995-06-26,0.431,0.433,0.425,0.43,152779200
1995-06-27,0.423,0.431,0.414,0.414,217100800
1995-06-28,0.411,0.424,0.405,0.416,266358400
1995-06-29,0.414,0.43,0.411,0.422,232556800
1995-06-30,0.422,0.427,0.412,0.415,165491200
1995-07-03,0.415,0.421,0.413,0.419,39390400
1995-07-05,0.419,0.427,0.415,0.415,177060800
1995-07-06,0.415,0.42,0.408,0.42,184094400
1995-07-07,0.419,0.44,0.417,0.434,387116800
1995-07-10,0.434,0.445,0.43,0.434,297931200
1995-07-11,0.426,0.434,0.42,0.421,214692800
1995-07-12,0.422,0.429,0.412,0.42,283808000
1995-07-13,0.423,0.435,0.421,0.425,352329600
1995-07-14,0.423,0.438,0.42,0.435,277928000
1995-07-17,0.436,0.444,0.434,0.438,226161600
1995-07-18,0.438,0.443,0.426,0.43,254632000
1995-07-19,0.42,0.429,0.402,0.406,521035200
1995-07-20,0.411,0.423,0.402,0.42,331273600
1995-07-21,0.384,0.401,0.384,0.391,757881600
1995-07-24,0.393,0.406,0.391,0.405,214625600
1995-07-25,0.411,0.414,0.407,0.408,263524800
1995-07-26,0.413,0.413,0.405,0.405,171449600
1995-07-27,0.406,0.424,0.406,0.418,325180800
1995-07-28,0.417,0.422,0.402,0.406,260937600
1995-07-31,0.406,0.407,0.4,0.402,158524800
1995-08-01,0.401,0.401,0.388,0.388,210918400
1995-08-02,0.392,0.402,0.391,0.396,275128000
1995-08-03,0.394,0.407,0.392,0.402,213931200
1995-08-04,0.402,0.403,0.391,0.395,192315200
1995-08-07,0.394,0.398,0.385,0.387,193760000
1995-08-08,0.39,0.391,0.378,0.379,234595200
1995-08-09,0.381,0.391,0.379,0.385,369017600
1995-08-10,0.385,0.386,0.381,0.382,164024000
1995-08-11,0.383,0.385,0.374,0.384,206931200
1995-08-14,0.384,0.391,0.383,0.387,167406400
1995-08-15,0.392,0.394,0.385,0.393,317867200
1995-08-16,0.393,0.397,0.39,0.397,292633600
1995-08-17,0.398,0.406,0.394,0.398,246892800
1995-08-18,0.401,0.403,0.391,0.401,241158400
1995-08-21,0.401,0.405,0.394,0.394,271779200
1995-08-22,0.396,0.403,0.394,0.4,217044800
1995-08-23,0.401,0.41,0.398,0.406,253803200
1995-08-24,0.407,0.413,0.406,0.408,287929600
1995-08-25,0.41,0.41,0.398,0.4,134344000
1995-08-28,0.401,0.402,0.384,0.384,243040000
1995-08-29,0.384,0.386,0.379,0.385,317060800
1995-08-30,0.386,0.391,0.385,0.387,153473600
1995-08-31,0.387,0.388,0.384,0.384,87864000
1995-09-01,0.384,0.388,0.383,0.383,98380800
1995-09-05,0.388,0.388,0.382,0.388,179972800
1995-09-06,0.392,0.394,0.388,0.391,200760000
1995-09-07,0.393,0.405,0.391,0.4,262326400
1995-09-08,0.4,0.401,0.397,0.4,174776000
1995-09-11,0.401,0.406,0.395,0.395,172491200
1995-09-12,0.397,0.401,0.381,0.383,326256000
1995-09-13,0.383,0.387,0.375,0.378,322750400
1995-09-14,0.369,0.372,0.355,0.357,550558400
1995-09-15,0.334,0.356,0.317,0.32,1211963200
1995-09-18,0.325,0.329,0.32,0.328,621488000
1995-09-19,0.328,0.331,0.323,0.328,490022400
1995-09-20,0.333,0.334,0.326,0.327,321809600
1995-09-21,0.326,0.335,0.325,0.33,347334400
1995-09-22,0.329,0.333,0.325,0.331,398641600
1995-09-25,0.342,0.342,0.334,0.335,315212800
1995-09-26,0.337,0.338,0.331,0.334,250902400
1995-09-27,0.335,0.335,0.31,0.324,451236800
1995-09-28,0.326,0.338,0.326,0.337,331184000
1995-09-29,0.339,0.342,0.329,0.333,283416000
1995-10-02,0.337,0.344,0.335,0.336,392000000
1995-10-03,0.34,0.344,0.331,0.336,289822400
1995-10-04,0.327,0.33,0.321,0.325,266772800
1995-10-05,0.324,0.327,0.32,0.326,244070400
1995-10-06,0.328,0.33,0.318,0.319,309041600
1995-10-09,0.316,0.319,0.307,0.311,372568000
1995-10-10,0.307,0.312,0.3,0.31,400265600
1995-10-11,0.315,0.318,0.305,0.311,332875200
1995-10-12,0.312,0.316,0.31,0.315,162052800
1995-10-13,0.319,0.329,0.317,0.321,235188800
1995-10-16,0.324,0.33,0.32,0.323,182067200
1995-10-17,0.326,0.329,0.32,0.327,178617600
1995-10-18,0.33,0.353,0.328,0.334,512400000
1995-10-19,0.32,0.323,0.31,0.31,944899200
1995-10-20,0.315,0.315,0.309,0.314,386332800
1995-10-23,0.314,0.314,0.31,0.314,197803200
1995-10-24,0.317,0.317,0.311,0.314,213494400
1995-10-25,0.315,0.316,0.31,0.31,133302400
1995-10-26,0.311,0.312,0.308,0.311,125865600
1995-10-27,0.311,0.311,0.305,0.31,154212800
1995-10-30,0.311,0.315,0.309,0.315,175638400
1995-10-31,0.315,0.327,0.314,0.324,289217600
1995-11-01,0.327,0.331,0.317,0.327,193233600
1995-11-02,0.329,0.329,0.324,0.327,152756800
1995-11-03,0.328,0.329,0.32,0.326,179435200
1995-11-06,0.326,0.346,0.325,0.34,311774400
1995-11-07,0.337,0.362,0.335,0.354,736388800
1995-11-08,0.355,0.366,0.346,0.347,358825600
1995-11-09,0.355,0.357,0.347,0.352,260108800
1995-11-10,0.352,0.359,0.347,0.355,223115200
1995-11-13,0.359,0.368,0.357,0.365,317374400
1995-11-14,0.366,0.379,0.366,0.371,407276800
1995-11-15,0.375,0.375,0.358,0.366,248136000
1995-11-16,0.365,0.371,0.353,0.357,226228800
1995-11-17,0.357,0.36,0.355,0.358,128531200
1995-11-20,0.359,0.359,0.344,0.345,148456000
1995-11-21,0.346,0.346,0.338,0.345,191609600
1995-11-22,0.345,0.35,0.344,0.345,98806400
1995-11-24,0.347,0.36,0.346,0.359,109950400
1995-11-27,0.363,0.363,0.352,0.352,115875200
1995-11-28,0.352,0.358,0.35,0.357,176288000
1995-11-29,0.358,0.358,0.348,0.35,105268800
1995-11-30,0.347,0.348,0.339,0.34,174854400
1995-12-01,0.339,0.342,0.331,0.336,204209600
1995-12-04,0.358,0.358,0.348,0.353,480681600
1995-12-05,0.344,0.356,0.342,0.353,363596800
1995-12-06,0.355,0.356,0.343,0.346,201107200
1995-12-07,0.346,0.346,0.338,0.344,141926400
1995-12-08,0.346,0.352,0.338,0.352,141355200
1995-12-11,0.353,0.354,0.343,0.345,111652800
1995-12-12,0.345,0.345,0.339,0.339,177553600
1995-12-13,0.342,0.348,0.328,0.343,684902400
1995-12-14,0.347,0.352,0.339,0.342,333502400
1995-12-15,0.317,0.327,0.307,0.315,726880000
1995-12-18,0.314,0.315,0.285,0.288,666534400
1995-12-19,0.292,0.297,0.288,0.292,430864000
1995-12-20,0.299,0.3,0.29,0.291,365736000
1995-12-21,0.292,0.292,0.282,0.29,332875200
1995-12-22,0.291,0.294,0.287,0.288,234662400
1995-12-26,0.29,0.29,0.283,0.286,139507200
1995-12-27,0.287,0.298,0.285,0.289,268564800
1995-12-28,0.287,0.292,0.285,0.286,249995200
1995-12-29,0.286,0.289,0.282,0.285,304136000
1996-01-02,0.288,0.288,0.283,0.287,139294400
1996-01-03,0.286,0.294,0.285,0.287,429833600
1996-01-04,0.289,0.289,0.28,0.282,300182400
1996-01-05,0.282,0.306,0.28,0.306,445928000
1996-01-08,0.308,0.317,0.304,0.309,121340800
1996-01-09,0.309,0.309,0.292,0.292,251216000
1996-01-10,0.29,0.31,0.288,0.306,365433600
1996-01-11,0.291,0.312,0.289,0.312,756739200
1996-01-12,0.31,0.31,0.297,0.302,401856000
1996-01-15,0.301,0.308,0.298,0.305,363081600
1996-01-16,0.307,0.31,0.3,0.309,352912000
1996-01-17,0.307,0.307,0.301,0.304,236409600
1996-01-18,0.294,0.298,0.271,0.285,698387200
1996-01-19,0.277,0.283,0.262,0.267,829225600
1996-01-22,0.266,0.277,0.261,0.272,499744000
1996-01-23,0.301,0.304,0.277,0.282,988288000
1996-01-24,0.287,0.288,0.283,0.288,655894400
1996-01-25,0.283,0.286,0.269,0.27,445200000
1996-01-26,0.271,0.279,0.256,0.273,735750400
1996-01-29,0.259,0.266,0.257,0.26,332595200
1996-01-30,0.241,0.251,0.24,0.244,622843200
1996-01-31,0.248,0.25,0.244,0.247,328059200
1996-02-01,0.246,0.253,0.246,0.253,333043200
1996-02-02,0.258,0.265,0.257,0.261,555979200
1996-02-05,0.265,0.266,0.259,0.261,318729600
1996-02-06,0.261,0.268,0.261,0.265,226217600
1996-02-07,0.266,0.266,0.248,0.252,360326400
1996-02-08,0.246,0.251,0.246,0.249,263166400
1996-02-09,0.249,0.254,0.247,0.248,205688000
1996-02-12,0.251,0.254,0.25,0.253,194275200
1996-02-13,0.25,0.258,0.249,0.251,228502400
1996-02-14,0.252,0.252,0.245,0.247,163184000
1996-02-15,0.247,0.251,0.244,0.25,122080000
1996-02-16,0.251,0.253,0.246,0.246,156441600
1996-02-20,0.25,0.263,0.25,0.259,376913600
1996-02-21,0.262,0.266,0.26,0.265,221838400
1996-02-22,0.268,0.269,0.265,0.267,184184000
1996-02-23,0.267,0.27,0.265,0.267,173286400
1996-02-26,0.268,0.269,0.263,0.263,118283200
1996-02-27,0.267,0.267,0.254,0.256,149161600
1996-02-28,0.258,0.258,0.247,0.248,187913600
1996-02-29,0.246,0.248,0.243,0.246,112884800
1996-03-01,0.247,0.247,0.238,0.24,231134400
1996-03-04,0.243,0.244,0.234,0.234,187555200
1996-03-05,0.237,0.239,0.234,0.238,118440000
1996-03-06,0.239,0.24,0.233,0.234,99052800
1996-03-07,0.234,0.235,0.227,0.23,260064000
1996-03-08,0.23,0.234,0.223,0.232,149004800
1996-03-11,0.234,0.235,0.23,0.231,127008000
1996-03-12,0.232,0.235,0.229,0.23,96152000
1996-03-13,0.231,0.233,0.229,0.23,99680000
1996-03-14,0.231,0.231,0.228,0.229,93363200
1996-03-15,0.232,0.232,0.228,0.231,101382400
1996-03-18,0.232,0.233,0.23,0.233,109132800
1996-03-19,0.235,0.237,0.229,0.23,124364800
1996-03-20,0.23,0.23,0.224,0.225,115987200
1996-03-21,0.228,0.228,0.223,0.224,109984000
1996-03-22,0.225,0.227,0.222,0.227,107564800
1996-03-25,0.228,0.23,0.214,0.214,164371200
1996-03-26,0.214,0.219,0.211,0.213,160798400
1996-03-27,0.208,0.225,0.205,0.225,429296000
1996-03-28,0.221,0.229,0.215,0.216,295892800
1996-03-29,0.217,0.221,0.212,0.219,166521600
1996-04-01,0.224,0.231,0.219,0.228,158636800
1996-04-02,0.229,0.229,0.222,0.223,101438400
1996-04-03,0.224,0.224,0.217,0.219,72240000
1996-04-04,0.22,0.22,0.214,0.215,86049600
1996-04-08,0.213,0.219,0.212,0.218,168828800
1996-04-09,0.222,0.237,0.218,0.232,235076800
1996-04-10,0.233,0.237,0.231,0.232,174764800
1996-04-11,0.233,0.234,0.228,0.23,98268800
1996-04-12,0.231,0.231,0.227,0.228,81435200
1996-04-15,0.228,0.23,0.223,0.23,154078400
1996-04-16,0.231,0.232,0.229,0.231,101416000
1996-04-17,0.231,0.232,0.224,0.225,85411200
1996-04-18,0.227,0.227,0.217,0.221,217246400
1996-04-19,0.22,0.224,0.22,0.224,101796800
1996-04-22,0.225,0.228,0.222,0.224,111115200
1996-04-23,0.224,0.225,0.22,0.221,169948800
1996-04-24,0.22,0.221,0.216,0.217,128340800
1996-04-25,0.218,0.222,0.215,0.222,174406400
1996-04-26,0.223,0.224,0.22,0.221,188865600
1996-04-29,0.223,0.223,0.219,0.221,121049600
1996-04-30,0.222,0.222,0.215,0.218,136662400
1996-05-01,0.218,0.221,0.215,0.218,112705600
1996-05-02,0.219,0.219,0.21,0.212,188305600
1996-05-03,0.215,0.215,0.21,0.213,108460800
1996-05-06,0.222,0.231,0.221,0.229,289486400
1996-05-07,0.235,0.244,0.234,0.24,353539200
1996-05-08,0.243,0.243,0.229,0.239,186793600
1996-05-09,0.235,0.237,0.23,0.233,98078400
1996-05-10,0.234,0.244,0.232,0.243,110588800
1996-05-13,0.242,0.247,0.238,0.242,187017600
1996-05-14,0.248,0.25,0.246,0.246,197624000
1996-05-15,0.249,0.258,0.248,0.254,292364800
1996-05-16,0.252,0.256,0.249,0.253,130076800
1996-05-17,0.253,0.253,0.246,0.247,123300800
1996-05-20,0.249,0.251,0.247,0.249,84515200
1996-05-21,0.25,0.251,0.242,0.242,114385600
1996-05-22,0.244,0.244,0.23,0.233,201880000
1996-05-23,0.233,0.238,0.23,0.234,124051200
1996-05-24,0.234,0.24,0.233,0.239,113243200
1996-05-28,0.239,0.243,0.235,0.235,101852800
1996-05-29,0.234,0.234,0.221,0.222,219520000
1996-05-30,0.222,0.23,0.221,0.228,103465600
1996-05-31,0.229,0.238,0.228,0.233,162646400
1996-06-03,0.231,0.232,0.221,0.221,125462400
1996-06-04,0.214,0.218,0.213,0.216,762238400
1996-06-05,0.227,0.228,0.217,0.224,510104000
1996-06-06,0.223,0.225,0.215,0.217,362096000
1996-06-07,0.214,0.218,0.21,0.218,267769600
1996-06-10,0.218,0.219,0.214,0.215,106366400
1996-06-11,0.217,0.217,0.214,0.214,153059200
1996-06-12,0.219,0.219,0.214,0.217,151916800
1996-06-13,0.218,0.223,0.214,0.22,191419200
1996-06-14,0.221,0.221,0.213,0.214,144961600
1996-06-17,0.215,0.215,0.211,0.211,112929600
1996-06-18,0.211,0.212,0.202,0.203,223227200
1996-06-19,0.206,0.209,0.202,0.206,134467200
1996-06-20,0.209,0.209,0.201,0.203,147089600
1996-06-21,0.204,0.204,0.2,0.202,161851200
1996-06-24,0.202,0.202,0.198,0.199,122763200
1996-06-25,0.198,0.199,0.182,0.184,246960000
1996-06-26,0.184,0.185,0.175,0.177,404331200
1996-06-27,0.179,0.188,0.176,0.184,229241600
1996-06-28,0.186,0.188,0.184,0.188,115684800
1996-07-01,0.189,0.192,0.188,0.192,131980800
1996-07-02,0.191,0.192,0.188,0.188,89006400
1996-07-03,0.182,0.182,0.173,0.173,288612800
1996-07-05,0.173,0.176,0.172,0.174,106153600
1996-07-08,0.175,0.177,0.17,0.171,188910400
1996-07-09,0.174,0.175,0.17,0.17,187824000
1996-07-10,0.171,0.174,0.167,0.167,169388800
1996-07-11,0.167,0.169,0.155,0.16,291155200
1996-07-12,0.164,0.164,0.154,0.161,268990400
1996-07-15,0.162,0.162,0.153,0.153,133224000
1996-07-16,0.155,0.155,0.143,0.151,289217600
1996-07-17,0.155,0.156,0.148,0.151,233598400
1996-07-18,0.192,0.194,0.182,0.186,897052800
1996-07-19,0.186,0.188,0.185,0.185,265977600
1996-07-22,0.186,0.186,0.179,0.181,152208000
1996-07-23,0.183,0.184,0.181,0.183,130121600
1996-07-24,0.179,0.188,0.177,0.186,264073600
1996-07-25,0.189,0.191,0.185,0.188,114430400
1996-07-26,0.192,0.196,0.189,0.196,123681600
1996-07-29,0.196,0.201,0.194,0.199,195697600
1996-07-30,0.202,0.203,0.19,0.191,189403200
1996-07-31,0.19,0.196,0.19,0.196,92780800
1996-08-01,0.196,0.196,0.189,0.19,110163200
1996-08-02,0.193,0.196,0.19,0.193,127948800
1996-08-05,0.193,0.195,0.186,0.188,101012800
1996-08-06,0.188,0.192,0.185,0.192,93587200
1996-08-07,0.194,0.202,0.193,0.2,248460800
1996-08-08,0.2,0.2,0.195,0.198,101516800
1996-08-09,0.199,0.209,0.198,0.206,230787200
1996-08-12,0.209,0.211,0.2,0.205,151345600
1996-08-13,0.204,0.206,0.2,0.201,103510400
1996-08-14,0.202,0.205,0.202,0.203,71859200
1996-08-15,0.202,0.203,0.199,0.199,107620800
1996-08-16,0.202,0.202,0.198,0.201,141758400
1996-08-19,0.2,0.211,0.2,0.211,226318400
1996-08-20,0.213,0.213,0.209,0.21,211758400
1996-08-21,0.21,0.211,0.204,0.205,113344000
1996-08-22,0.205,0.208,0.204,0.208,87684800
1996-08-23,0.205,0.214,0.205,0.213,203459200
1996-08-26,0.213,0.215,0.21,0.215,89678400
1996-08-27,0.215,0.223,0.214,0.222,289307200
1996-08-28,0.222,0.223,0.219,0.222,163598400
1996-08-29,0.222,0.222,0.218,0.219,106926400
1996-08-30,0.221,0.221,0.217,0.217,105728000
1996-09-03,0.215,0.218,0.213,0.215,68297600
1996-09-04,0.213,0.22,0.213,0.215,101449600
1996-09-05,0.21,0.212,0.204,0.204,279585600
1996-09-06,0.206,0.208,0.202,0.205,240833600
1996-09-09,0.202,0.203,0.195,0.196,148243200
1996-09-10,0.198,0.198,0.192,0.192,155713600
1996-09-11,0.192,0.194,0.188,0.189,147201600
1996-09-12,0.188,0.189,0.181,0.182,260915200
1996-09-13,0.182,0.19,0.182,0.188,166611200
1996-09-16,0.192,0.205,0.191,0.2,244652800
1996-09-17,0.204,0.206,0.201,0.205,209171200
1996-09-18,0.205,0.215,0.204,0.21,353360000
1996-09-19,0.211,0.211,0.209,0.209,119470400
1996-09-20,0.209,0.21,0.203,0.204,149150400
1996-09-23,0.204,0.204,0.2,0.2,45763200
1996-09-24,0.2,0.204,0.2,0.201,143785600
1996-09-25,0.201,0.202,0.196,0.2,109043200
1996-09-26,0.2,0.201,0.199,0.2,103286400
1996-09-27,0.199,0.2,0.198,0.199,81569600
1996-09-30,0.198,0.2,0.198,0.198,85444800
1996-10-01,0.196,0.221,0.196,0.22,539246400
1996-10-02,0.211,0.22,0.206,0.211,276819200
1996-10-03,0.211,0.212,0.2,0.2,227718400
1996-10-04,0.204,0.206,0.198,0.204,133459200
1996-10-07,0.205,0.209,0.204,0.206,95715200
1996-10-08,0.21,0.217,0.208,0.208,190433600
1996-10-09,0.209,0.211,0.204,0.205,85209600
1996-10-10,0.213,0.219,0.212,0.216,276696000
1996-10-11,0.218,0.22,0.214,0.217,120691200
1996-10-14,0.219,0.227,0.217,0.225,269684800
1996-10-15,0.23,0.231,0.223,0.225,363059200
1996-10-16,0.225,0.233,0.22,0.23,334745600
1996-10-17,0.246,0.248,0.235,0.235,1026625600
1996-10-18,0.237,0.238,0.232,0.237,382659200
1996-10-21,0.237,0.238,0.228,0.229,187611200
1996-10-22,0.229,0.229,0.217,0.222,213718400
1996-10-23,0.221,0.225,0.218,0.221,160059200
1996-10-24,0.223,0.223,0.219,0.221,84369600
1996-10-25,0.222,0.223,0.219,0.219,77560000
1996-10-28,0.224,0.224,0.219,0.219,119996800
1996-10-29,0.22,0.221,0.206,0.208,199628800
1996-10-30,0.21,0.214,0.204,0.204,257051200
1996-10-31,0.208,0.209,0.199,0.205,194219200
1996-11-01,0.209,0.217,0.206,0.217,211332800
1996-11-04,0.218,0.219,0.212,0.218,91268800
1996-11-05,0.219,0.231,0.219,0.228,378112000
1996-11-06,0.229,0.23,0.222,0.228,180308800
1996-11-07,0.227,0.232,0.225,0.231,155075200
1996-11-08,0.231,0.234,0.23,0.234,188708800
1996-11-11,0.235,0.235,0.231,0.232,92534400
1996-11-12,0.233,0.234,0.224,0.225,142956800
1996-11-13,0.227,0.231,0.223,0.228,83608000
1996-11-14,0.228,0.23,0.227,0.229,48529600
1996-11-15,0.231,0.232,0.223,0.223,130715200
1996-11-18,0.223,0.224,0.219,0.221,152835200
1996-11-19,0.222,0.224,0.22,0.222,124432000
1996-11-20,0.222,0.227,0.222,0.223,103096000
1996-11-21,0.222,0.223,0.218,0.219,70604800
1996-11-22,0.219,0.225,0.219,0.225,103980800
1996-11-25,0.227,0.228,0.223,0.223,78948800
1996-11-26,0.222,0.223,0.214,0.217,112985600
1996-11-27,0.215,0.22,0.215,0.219,89040000
1996-11-29,0.219,0.22,0.214,0.215,42291200
1996-12-02,0.215,0.224,0.213,0.224,174977600
1996-12-03,0.225,0.228,0.223,0.224,275531200
1996-12-04,0.224,0.227,0.222,0.223,190825600
1996-12-05,0.223,0.225,0.223,0.223,142139200
1996-12-06,0.218,0.227,0.214,0.224,229387200
1996-12-09,0.225,0.227,0.222,0.223,158648000
1996-12-10,0.222,0.223,0.217,0.219,184284800
1996-12-11,0.212,0.217,0.212,0.214,163363200
1996-12-12,0.215,0.217,0.213,0.213,87001600
1996-12-13,0.212,0.213,0.208,0.208,89096000
1996-12-16,0.21,0.21,0.201,0.202,149240000
1996-12-17,0.2,0.201,0.199,0.201,157248000
1996-12-18,0.203,0.206,0.202,0.206,205072000
1996-12-19,0.205,0.208,0.199,0.199,136886400
1996-12-20,0.201,0.211,0.191,0.21,546436800
1996-12-23,0.214,0.217,0.208,0.208,332304000
1996-12-24,0.208,0.209,0.204,0.206,57612800
1996-12-26,0.208,0.208,0.204,0.205,84884800
1996-12-27,0.204,0.212,0.204,0.206,136998400
1996-12-30,0.206,0.208,0.194,0.194,261800000
1996-12-31,0.191,0.192,0.185,0.186,383745600
1997-01-02,0.189,0.19,0.185,0.188,143113600
1997-01-03,0.189,0.199,0.188,0.194,119716800
1997-01-06,0.157,0.164,0.154,0.16,1882832000
1997-01-07,0.162,0.163,0.156,0.156,976931200
1997-01-08,0.163,0.164,0.155,0.157,1100131200
1997-01-09,0.158,0.16,0.156,0.158,446656000
1997-01-10,0.157,0.163,0.157,0.163,353718400
1997-01-13,0.165,0.165,0.162,0.162,305748800
1997-01-14,0.164,0.164,0.158,0.16,255774400
1997-01-15,0.161,0.161,0.153,0.154,433092800
1997-01-16,0.153,0.153,0.148,0.15,671305600
1997-01-17,0.15,0.153,0.148,0.15,325147200
1997-01-20,0.151,0.153,0.15,0.151,291625600
1997-01-21,0.152,0.154,0.151,0.154,284827200
1997-01-22,0.155,0.156,0.152,0.153,205620800
1997-01-23,0.154,0.155,0.153,0.154,172345600
1997-01-24,0.154,0.154,0.151,0.151,188283200
1997-01-27,0.153,0.154,0.148,0.148,214043200
1997-01-28,0.152,0.152,0.147,0.148,210560000
1997-01-29,0.148,0.15,0.147,0.148,151704000
1997-01-30,0.15,0.15,0.147,0.15,139932800
1997-01-31,0.148,0.148,0.147,0.148,199628800
1997-02-03,0.151,0.152,0.145,0.146,368110400
1997-02-04,0.145,0.146,0.135,0.137,712644800
1997-02-05,0.136,0.14,0.136,0.136,394486400
1997-02-06,0.136,0.144,0.136,0.143,399504000
1997-02-07,0.147,0.147,0.141,0.141,235267200
1997-02-10,0.144,0.144,0.14,0.14,185404800
1997-02-11,0.142,0.143,0.138,0.14,140078400
1997-02-12,0.141,0.142,0.138,0.141,176265600
1997-02-13,0.141,0.144,0.138,0.144,195832000
1997-02-14,0.145,0.146,0.143,0.146,237249600
1997-02-18,0.148,0.16,0.145,0.16,368278400
1997-02-19,0.16,0.16,0.153,0.157,241292800
1997-02-20,0.157,0.157,0.152,0.152,124947200
1997-02-21,0.151,0.152,0.143,0.146,211086400
1997-02-24,0.145,0.151,0.145,0.148,117588800
1997-02-25,0.152,0.155,0.151,0.151,138084800
1997-02-26,0.152,0.153,0.15,0.153,103174400
1997-02-27,0.152,0.153,0.15,0.152,102995200
1997-02-28,0.151,0.151,0.145,0.145,121878400
1997-03-03,0.147,0.147,0.143,0.144,130457600
1997-03-04,0.145,0.147,0.143,0.147,103196800
1997-03-05,0.148,0.152,0.147,0.152,96163200
1997-03-06,0.152,0.152,0.147,0.148,116289600
1997-03-07,0.15,0.15,0.146,0.147,70616000
1997-03-10,0.148,0.15,0.147,0.148,99187200
1997-03-11,0.148,0.148,0.143,0.146,98504000
1997-03-12,0.145,0.15,0.144,0.145,70996800
1997-03-13,0.146,0.146,0.144,0.146,105089600
1997-03-14,0.146,0.15,0.145,0.148,230417600
1997-03-17,0.145,0.147,0.143,0.147,192752000
1997-03-18,0.146,0.147,0.144,0.145,127075200
1997-03-19,0.146,0.146,0.142,0.144,208230400
1997-03-20,0.143,0.156,0.142,0.154,317038400
1997-03-21,0.156,0.156,0.146,0.148,136460800
1997-03-24,0.147,0.148,0.145,0.147,71220800
1997-03-25,0.148,0.148,0.144,0.147,112560000
1997-03-26,0.146,0.151,0.145,0.15,106836800
1997-03-27,0.156,0.172,0.154,0.166,1138905600
1997-03-31,0.166,0.173,0.154,0.163,970244800
1997-04-01,0.157,0.159,0.155,0.156,220259200
1997-04-02,0.16,0.161,0.157,0.161,222432000
1997-04-03,0.165,0.171,0.163,0.169,548856000
1997-04-04,0.171,0.175,0.17,0.172,475249600
1997-04-07,0.176,0.177,0.172,0.174,255259200
1997-04-08,0.175,0.175,0.166,0.171,193827200
1997-04-09,0.172,0.172,0.169,0.17,244988800
1997-04-10,0.17,0.171,0.165,0.169,116984000
1997-04-11,0.169,0.169,0.162,0.163,79564800
1997-04-14,0.164,0.169,0.161,0.167,112358400
1997-04-15,0.171,0.172,0.162,0.165,136046400
1997-04-16,0.166,0.17,0.164,0.166,86217600
1997-04-17,0.163,0.171,0.162,0.17,219464000
1997-04-18,0.171,0.171,0.164,0.164,141444800
1997-04-21,0.166,0.166,0.161,0.161,89152000
1997-04-22,0.162,0.165,0.16,0.165,94651200
1997-04-23,0.164,0.165,0.162,0.162,54488000
1997-04-24,0.165,0.165,0.158,0.16,74939200
1997-04-25,0.157,0.16,0.155,0.156,87382400
1997-04-28,0.158,0.16,0.156,0.157,46771200
1997-04-29,0.161,0.161,0.156,0.158,51755200
1997-04-30,0.152,0.154,0.15,0.152,257633600
1997-05-01,0.151,0.153,0.15,0.152,72340800
1997-05-02,0.152,0.153,0.15,0.152,101987200
1997-05-05,0.152,0.153,0.15,0.152,98492800
1997-05-06,0.152,0.153,0.15,0.151,83148800
1997-05-07,0.151,0.152,0.146,0.147,114217600
1997-05-08,0.148,0.153,0.147,0.152,82936000
1997-05-09,0.152,0.156,0.152,0.152,188372800
1997-05-12,0.154,0.157,0.152,0.157,164976000
1997-05-13,0.156,0.16,0.152,0.157,197019200
1997-05-14,0.16,0.161,0.156,0.158,135643200
1997-05-15,0.158,0.161,0.156,0.158,99008000
1997-05-16,0.156,0.157,0.154,0.154,93296000
1997-05-19,0.156,0.157,0.152,0.152,52259200
1997-05-20,0.152,0.156,0.15,0.154,84828800
1997-05-21,0.153,0.153,0.147,0.151,122248000
1997-05-22,0.15,0.151,0.147,0.148,76764800
1997-05-23,0.148,0.152,0.148,0.151,67032000
1997-05-27,0.15,0.155,0.15,0.154,82084800
1997-05-28,0.155,0.156,0.152,0.152,87539200
1997-05-29,0.153,0.153,0.148,0.148,111182400
1997-05-30,0.147,0.152,0.146,0.148,177329600
1997-06-02,0.152,0.152,0.15,0.151,41585600
1997-06-03,0.15,0.151,0.148,0.149,65240000
1997-06-04,0.148,0.15,0.147,0.148,80404800
1997-06-05,0.148,0.153,0.148,0.149,64612800
1997-06-06,0.148,0.15,0.147,0.15,52875200
1997-06-09,0.149,0.151,0.148,0.148,74804800
1997-06-10,0.15,0.15,0.143,0.145,139048000
1997-06-11,0.146,0.147,0.145,0.146,105403200
1997-06-12,0.146,0.146,0.143,0.143,78691200
1997-06-13,0.143,0.144,0.141,0.141,132070400
1997-06-16,0.142,0.142,0.137,0.138,134008000
1997-06-17,0.139,0.147,0.138,0.146,142251200
1997-06-18,0.144,0.145,0.141,0.142,109648000
1997-06-19,0.143,0.143,0.14,0.141,121027200
1997-06-20,0.14,0.141,0.138,0.139,110185600
1997-06-23,0.138,0.14,0.137,0.137,99545600
1997-06-24,0.138,0.139,0.136,0.137,111148800
1997-06-25,0.137,0.137,0.134,0.135,198632000
1997-06-26,0.135,0.135,0.131,0.131,381987200
1997-06-27,0.131,0.132,0.131,0.131,157953600
1997-06-30,0.132,0.132,0.125,0.127,171180800
1997-07-01,0.124,0.125,0.117,0.118,450676800
1997-07-02,0.118,0.119,0.116,0.117,249961600
1997-07-03,0.117,0.124,0.116,0.122,186782400
1997-07-07,0.124,0.127,0.123,0.123,191475200
1997-07-08,0.124,0.125,0.122,0.123,95692800
1997-07-09,0.123,0.124,0.122,0.122,142016000
1997-07-10,0.115,0.119,0.114,0.118,492508800
1997-07-11,0.119,0.138,0.119,0.136,734944000
1997-07-14,0.136,0.14,0.133,0.14,411006400
1997-07-15,0.141,0.143,0.14,0.142,418353600
1997-07-16,0.141,0.147,0.14,0.147,446252800
1997-07-17,0.152,0.162,0.147,0.156,746267200
1997-07-18,0.16,0.16,0.152,0.155,317564800
1997-07-21,0.157,0.158,0.143,0.144,354916800
1997-07-22,0.146,0.149,0.146,0.148,231336000
1997-07-23,0.15,0.151,0.143,0.144,141288000
1997-07-24,0.144,0.144,0.14,0.141,133492800
1997-07-25,0.142,0.148,0.141,0.145,217963200
1997-07-28,0.147,0.147,0.145,0.147,110510400
1997-07-29,0.147,0.148,0.146,0.147,71243200
1997-07-30,0.151,0.158,0.15,0.155,374304000
1997-07-31,0.155,0.158,0.154,0.156,263816000
1997-08-01,0.157,0.171,0.157,0.171,481913600
1997-08-04,0.171,0.177,0.171,0.176,611318400
1997-08-05,0.178,0.179,0.174,0.176,247128000
1997-08-06,0.225,0.248,0.223,0.235,4190480000
1997-08-07,0.257,0.264,0.253,0.261,3755438400
1997-08-08,0.248,0.253,0.233,0.239,1814164800
1997-08-11,0.235,0.236,0.21,0.219,1550998400
1997-08-12,0.215,0.217,0.195,0.197,1048398400
1997-08-13,0.199,0.213,0.182,0.211,1201424000
1997-08-14,0.211,0.217,0.203,0.205,434448000
1997-08-15,0.206,0.209,0.204,0.208,260960000
1997-08-18,0.208,0.212,0.203,0.211,217840000
1997-08-19,0.211,0.219,0.208,0.218,289161600
1997-08-20,0.218,0.224,0.216,0.22,324307200
1997-08-21,0.219,0.22,0.213,0.214,259280000
1997-08-22,0.209,0.214,0.209,0.211,227628800
1997-08-25,0.211,0.211,0.205,0.206,138633600
1997-08-26,0.202,0.205,0.198,0.199,226206400
1997-08-27,0.2,0.203,0.195,0.203,190635200
1997-08-28,0.198,0.201,0.196,0.196,95670400
1997-08-29,0.195,0.196,0.192,0.194,109670400
1997-09-02,0.196,0.201,0.196,0.2,186043200
1997-09-03,0.2,0.208,0.199,0.201,284132800
1997-09-04,0.201,0.204,0.199,0.201,122539200
1997-09-05,0.202,0.204,0.196,0.198,136707200
1997-09-08,0.199,0.199,0.191,0.192,175156800
1997-09-09,0.19,0.195,0.19,0.195,159028800
1997-09-10,0.194,0.206,0.194,0.205,274064000
1997-09-11,0.204,0.205,0.197,0.2,209876800
1997-09-12,0.198,0.199,0.191,0.197,113680000
1997-09-15,0.195,0.198,0.192,0.192,96913600
1997-09-16,0.197,0.198,0.194,0.196,134220800
1997-09-17,0.196,0.196,0.194,0.195,86766400
1997-09-18,0.192,0.201,0.192,0.199,169164800
1997-09-19,0.198,0.198,0.194,0.196,94931200
1997-09-22,0.198,0.206,0.196,0.204,200368000
1997-09-23,0.199,0.199,0.194,0.194,200536000
1997-09-24,0.194,0.194,0.191,0.192,222432000
1997-09-25,0.19,0.194,0.188,0.189,223384000
1997-09-26,0.192,0.196,0.189,0.19,208320000
1997-09-29,0.194,0.199,0.193,0.197,167238400
1997-09-30,0.196,0.199,0.194,0.194,140571200
1997-10-01,0.194,0.194,0.191,0.192,130468800
1997-10-02,0.191,0.196,0.191,0.196,135408000
1997-10-03,0.196,0.199,0.194,0.198,162232000
1997-10-06,0.198,0.199,0.194,0.196,93296000
1997-10-07,0.195,0.196,0.195,0.195,109289600
1997-10-08,0.194,0.195,0.19,0.192,108841600
1997-10-09,0.19,0.201,0.189,0.194,187331200
1997-10-10,0.192,0.203,0.192,0.203,270401600
1997-10-13,0.203,0.204,0.198,0.203,158625600
1997-10-14,0.203,0.203,0.198,0.203,165816000
1997-10-15,0.198,0.221,0.198,0.213,810868800
1997-10-16,0.189,0.197,0.186,0.192,739188800
1997-10-17,0.189,0.189,0.177,0.18,438670400
1997-10-20,0.18,0.18,0.166,0.167,411835200
1997-10-21,0.169,0.172,0.167,0.17,475272000
1997-10-22,0.17,0.172,0.165,0.166,151177600
1997-10-23,0.161,0.162,0.158,0.158,186782400
1997-10-24,0.162,0.164,0.147,0.148,388236800
1997-10-27,0.15,0.162,0.15,0.15,329358400
1997-10-28,0.143,0.165,0.142,0.162,343313600
1997-10-29,0.165,0.165,0.154,0.156,177587200
1997-10-30,0.152,0.157,0.147,0.147,188955200
1997-10-31,0.155,0.155,0.148,0.152,267086400
1997-11-03,0.157,0.158,0.152,0.155,126011200
1997-11-04,0.158,0.162,0.156,0.16,168593600
1997-11-05,0.163,0.166,0.161,0.164,387116800
1997-11-06,0.169,0.174,0.169,0.17,617086400
1997-11-07,0.169,0.179,0.167,0.176,795614400
1997-11-10,0.188,0.192,0.165,0.167,1398241600
1997-11-11,0.17,0.17,0.162,0.164,332483200
1997-11-12,0.161,0.165,0.157,0.157,208062400
1997-11-13,0.161,0.161,0.156,0.161,257521600
1997-11-14,0.163,0.165,0.161,0.165,135038400
1997-11-17,0.169,0.169,0.164,0.165,205027200
1997-11-18,0.165,0.165,0.161,0.161,146641600
1997-11-19,0.16,0.164,0.16,0.163,79587200
1997-11-20,0.162,0.166,0.162,0.165,128172800
1997-11-21,0.166,0.167,0.161,0.162,97776000
1997-11-24,0.157,0.161,0.156,0.157,157348800
1997-11-25,0.158,0.16,0.151,0.155,205430400
1997-11-26,0.155,0.158,0.154,0.156,60412800
1997-11-28,0.157,0.16,0.156,0.158,41316800
1997-12-01,0.158,0.16,0.154,0.158,87236800
1997-12-02,0.155,0.156,0.142,0.142,396816000
1997-12-03,0.143,0.144,0.14,0.141,343056000
1997-12-04,0.143,0.143,0.14,0.14,199640000
1997-12-05,0.139,0.143,0.139,0.141,221468800
1997-12-08,0.139,0.141,0.137,0.139,133582400
1997-12-09,0.138,0.14,0.134,0.136,243051200
1997-12-10,0.134,0.134,0.129,0.132,194880000
1997-12-11,0.129,0.13,0.124,0.13,256939200
1997-12-12,0.132,0.133,0.125,0.126,160563200
1997-12-15,0.126,0.127,0.123,0.124,165894400
1997-12-16,0.125,0.128,0.125,0.128,185628800
1997-12-17,0.128,0.13,0.124,0.124,265294400
1997-12-18,0.125,0.125,0.123,0.123,202048000
1997-12-19,0.121,0.124,0.118,0.122,190612800
1997-12-22,0.124,0.125,0.118,0.119,159476800
1997-12-23,0.117,0.119,0.116,0.116,458830400
1997-12-24,0.116,0.118,0.116,0.117,97832000
1997-12-26,0.117,0.119,0.116,0.119,107878400
1997-12-29,0.119,0.12,0.115,0.117,278196800
1997-12-30,0.116,0.12,0.114,0.118,342507200
1997-12-31,0.117,0.122,0.116,0.117,406358400
1998-01-02,0.122,0.145,0.121,0.145,718110400
1998-01-05,0.147,0.148,0.136,0.142,651873600
1998-01-06,0.142,0.179,0.132,0.169,1812473600
1998-01-07,0.168,0.17,0.155,0.156,1041622400
1998-01-08,0.156,0.166,0.151,0.162,774020800
1998-01-09,0.162,0.173,0.156,0.162,886547200
1998-01-12,0.156,0.166,0.153,0.163,516398400
1998-01-13,0.166,0.175,0.165,0.174,636854400
1998-01-14,0.177,0.178,0.172,0.176,589265600
1998-01-15,0.171,0.176,0.166,0.171,559272000
1998-01-16,0.174,0.174,0.167,0.168,246355200
1998-01-20,0.17,0.172,0.166,0.17,241561600
1998-01-21,0.167,0.17,0.166,0.169,190209600
1998-01-22,0.167,0.176,0.166,0.172,329728000
1998-01-23,0.173,0.176,0.172,0.174,233161600
1998-01-26,0.174,0.175,0.168,0.174,146440000
1998-01-27,0.171,0.176,0.17,0.171,112235200
1998-01-28,0.171,0.173,0.166,0.171,151121600
1998-01-29,0.169,0.171,0.165,0.165,211881600
1998-01-30,0.164,0.169,0.163,0.164,162444800
1998-02-02,0.165,0.165,0.155,0.158,636742400
1998-02-03,0.158,0.166,0.158,0.164,402617600
1998-02-04,0.161,0.165,0.161,0.163,170195200
1998-02-05,0.163,0.165,0.161,0.164,238268800
1998-02-06,0.164,0.167,0.163,0.165,202339200
1998-02-09,0.164,0.174,0.164,0.171,494670400
1998-02-10,0.171,0.175,0.17,0.174,422016000
1998-02-11,0.174,0.174,0.169,0.17,211668800
1998-02-12,0.171,0.174,0.17,0.173,203750400
1998-02-13,0.171,0.177,0.17,0.174,207995200
1998-02-17,0.174,0.176,0.174,0.175,182750400
1998-02-18,0.175,0.185,0.175,0.184,494592000
1998-02-19,0.186,0.187,0.179,0.182,399660800
1998-02-20,0.183,0.184,0.177,0.179,325416000
1998-02-23,0.18,0.193,0.179,0.19,477489600
1998-02-24,0.19,0.191,0.185,0.19,456590400
1998-02-25,0.19,0.203,0.187,0.199,712667200
1998-02-26,0.199,0.21,0.195,0.21,595134400
1998-02-27,0.208,0.213,0.201,0.211,519601600
1998-03-02,0.21,0.21,0.199,0.203,400444800
1998-03-03,0.195,0.207,0.193,0.206,334073600
1998-03-04,0.204,0.221,0.204,0.218,817824000
1998-03-05,0.208,0.217,0.206,0.215,675124800
1998-03-06,0.213,0.219,0.209,0.218,666467200
1998-03-09,0.212,0.217,0.201,0.203,574929600
1998-03-10,0.205,0.219,0.205,0.215,712902400
1998-03-11,0.224,0.234,0.219,0.233,1214337600
1998-03-12,0.233,0.241,0.228,0.241,744363200
1998-03-13,0.243,0.243,0.234,0.242,566160000
1998-03-16,0.242,0.243,0.234,0.238,402360000
1998-03-17,0.237,0.238,0.231,0.235,410256000
1998-03-18,0.232,0.241,0.232,0.241,276998400
1998-03-19,0.24,0.241,0.237,0.239,160059200
1998-03-20,0.238,0.24,0.232,0.235,215476800
1998-03-23,0.232,0.234,0.22,0.233,414736000
1998-03-24,0.235,0.25,0.234,0.25,675931200
1998-03-25,0.247,0.248,0.235,0.242,387374400
1998-03-26,0.239,0.241,0.236,0.237,202966400
1998-03-27,0.238,0.244,0.235,0.241,255595200
1998-03-30,0.239,0.246,0.239,0.245,250700800
1998-03-31,0.245,0.248,0.243,0.246,266896000
1998-04-01,0.245,0.248,0.242,0.246,186883200
1998-04-02,0.244,0.245,0.241,0.244,194308800
1998-04-03,0.242,0.243,0.239,0.242,203067200
1998-04-06,0.241,0.241,0.234,0.234,347592000
1998-04-07,0.23,0.232,0.222,0.228,292700800
1998-04-08,0.225,0.227,0.22,0.223,225198400
1998-04-09,0.224,0.231,0.223,0.229,170307200
1998-04-13,0.229,0.238,0.223,0.236,288299200
1998-04-14,0.235,0.243,0.235,0.241,327846400
1998-04-15,0.243,0.246,0.238,0.245,557513600
1998-04-16,0.261,0.265,0.252,0.256,1837953600
1998-04-17,0.255,0.256,0.247,0.249,592166400
1998-04-20,0.247,0.263,0.246,0.259,517776000
1998-04-21,0.259,0.26,0.254,0.259,348028800
1998-04-22,0.257,0.259,0.246,0.246,284950400
1998-04-23,0.245,0.259,0.243,0.247,475294400
1998-04-24,0.248,0.252,0.246,0.249,215544000
1998-04-27,0.239,0.248,0.239,0.248,409796800
1998-04-28,0.249,0.25,0.234,0.241,237171200
1998-04-29,0.241,0.245,0.239,0.241,189537600
1998-04-30,0.244,0.247,0.242,0.244,179950400
1998-05-01,0.246,0.252,0.24,0.25,184072000
1998-05-04,0.258,0.263,0.258,0.259,571144000
1998-05-05,0.261,0.267,0.26,0.265,419283200
1998-05-06,0.267,0.272,0.261,0.271,897008000
1998-05-07,0.273,0.273,0.267,0.27,552899200
1998-05-08,0.268,0.272,0.267,0.272,270816000
1998-05-11,0.276,0.282,0.275,0.276,665022400
1998-05-12,0.273,0.275,0.267,0.269,257812800
1998-05-13,0.268,0.275,0.265,0.272,314417600
1998-05-14,0.271,0.272,0.266,0.268,162680000
1998-05-15,0.268,0.271,0.261,0.264,272585600
1998-05-18,0.262,0.264,0.253,0.254,232388800
1998-05-19,0.258,0.263,0.257,0.262,218265600
1998-05-20,0.265,0.267,0.257,0.264,190176000
1998-05-21,0.264,0.265,0.256,0.258,130995200
1998-05-22,0.257,0.257,0.244,0.249,266593600
1998-05-26,0.251,0.252,0.238,0.238,311774400
1998-05-27,0.229,0.239,0.229,0.239,370193600
1998-05-28,0.239,0.249,0.239,0.245,298491200
1998-05-29,0.246,0.246,0.236,0.238,216720000
1998-06-01,0.237,0.247,0.229,0.234,319692800
1998-06-02,0.236,0.244,0.232,0.24,179300800
1998-06-03,0.242,0.243,0.234,0.235,145140800
1998-06-04,0.238,0.24,0.23,0.239,156139200
1998-06-05,0.24,0.243,0.235,0.24,123323200
1998-06-08,0.241,0.247,0.239,0.243,126627200
1998-06-09,0.244,0.254,0.244,0.252,275744000
1998-06-10,0.25,0.259,0.247,0.251,229230400
1998-06-11,0.252,0.256,0.248,0.248,180118400
1998-06-12,0.247,0.252,0.244,0.251,223854400
1998-06-15,0.243,0.252,0.243,0.246,136662400
1998-06-16,0.247,0.251,0.244,0.25,129684800
1998-06-17,0.25,0.255,0.249,0.251,187174400
1998-06-18,0.248,0.251,0.243,0.244,119996800
1998-06-19,0.244,0.245,0.239,0.242,137558400
1998-06-22,0.241,0.246,0.239,0.244,134568000
1998-06-23,0.245,0.251,0.243,0.248,231056000
1998-06-24,0.248,0.256,0.244,0.252,273795200
1998-06-25,0.255,0.257,0.253,0.255,191811200
1998-06-26,0.254,0.256,0.248,0.252,111115200
1998-06-29,0.252,0.257,0.251,0.256,166185600
1998-06-30,0.256,0.257,0.251,0.256,131062400
1998-07-01,0.258,0.268,0.254,0.267,314115200
1998-07-02,0.265,0.268,0.259,0.259,298110400
1998-07-06,0.263,0.271,0.26,0.271,270950400
1998-07-07,0.271,0.276,0.268,0.272,241472000
1998-07-08,0.275,0.294,0.274,0.291,932814400
1998-07-09,0.294,0.3,0.281,0.283,566608000
1998-07-10,0.287,0.291,0.283,0.286,302523200
1998-07-13,0.285,0.305,0.285,0.303,715388800
1998-07-14,0.303,0.304,0.296,0.299,548531200
1998-07-15,0.301,0.31,0.299,0.307,594966400
1998-07-16,0.338,0.34,0.319,0.335,2561350400
1998-07-17,0.333,0.333,0.323,0.329,629552000
1998-07-20,0.326,0.327,0.317,0.324,383891200
1998-07-21,0.323,0.33,0.318,0.318,329504000
1998-07-22,0.312,0.318,0.306,0.312,280728000
1998-07-23,0.311,0.318,0.31,0.312,253131200
1998-07-24,0.316,0.317,0.302,0.31,271286400
1998-07-27,0.306,0.311,0.297,0.307,214233600
1998-07-28,0.304,0.309,0.295,0.3,225377600
1998-07-29,0.301,0.32,0.301,0.314,447720000
1998-07-30,0.32,0.328,0.317,0.326,362297600
1998-07-31,0.327,0.328,0.308,0.309,183108800
1998-08-03,0.306,0.318,0.297,0.314,301761600
1998-08-04,0.317,0.321,0.304,0.305,293921600
1998-08-05,0.301,0.321,0.299,0.321,454081600
1998-08-06,0.313,0.329,0.311,0.329,438614400
1998-08-07,0.332,0.334,0.321,0.326,298020800
1998-08-10,0.324,0.34,0.324,0.339,488600000
1998-08-11,0.337,0.366,0.334,0.348,1759475200
1998-08-12,0.355,0.366,0.353,0.358,689774400
1998-08-13,0.357,0.364,0.352,0.352,390779200
1998-08-14,0.363,0.364,0.353,0.362,450777600
1998-08-17,0.366,0.382,0.356,0.374,930876800
1998-08-18,0.379,0.387,0.377,0.38,605953600
1998-08-19,0.388,0.391,0.366,0.366,485990400
1998-08-20,0.366,0.367,0.359,0.363,391921600
1998-08-21,0.357,0.389,0.348,0.384,813377600
1998-08-24,0.388,0.388,0.358,0.368,610176000
1998-08-25,0.378,0.378,0.36,0.364,495566400
1998-08-26,0.356,0.367,0.353,0.36,406481600
1998-08-27,0.35,0.35,0.318,0.335,1114243200
1998-08-28,0.331,0.344,0.305,0.305,932254400
1998-08-31,0.31,0.311,0.277,0.278,868224000
1998-09-01,0.28,0.316,0.273,0.305,869075200
1998-09-02,0.317,0.334,0.315,0.318,843001600
1998-09-03,0.312,0.314,0.304,0.309,409752000
1998-09-04,0.317,0.325,0.301,0.314,377272000
1998-09-08,0.339,0.342,0.328,0.342,402796800
1998-09-09,0.34,0.34,0.33,0.334,354692800
1998-09-10,0.324,0.342,0.319,0.34,526881600
1998-09-11,0.344,0.354,0.329,0.336,352284800
1998-09-14,0.342,0.347,0.331,0.332,247072000
1998-09-15,0.328,0.344,0.326,0.341,433652800
1998-09-16,0.345,0.346,0.33,0.333,258876800
1998-09-17,0.322,0.331,0.32,0.321,269292800
1998-09-18,0.322,0.328,0.318,0.328,305076800
1998-09-21,0.319,0.33,0.315,0.33,295870400
1998-09-22,0.331,0.336,0.325,0.33,257936000
1998-09-23,0.333,0.343,0.326,0.342,287918400
1998-09-24,0.338,0.353,0.337,0.344,482843200
1998-09-25,0.341,0.35,0.336,0.346,228289600
1998-09-28,0.355,0.359,0.339,0.349,405417600
1998-09-29,0.349,0.357,0.34,0.353,305132800
1998-09-30,0.346,0.35,0.339,0.34,167182400
1998-10-01,0.328,0.339,0.316,0.319,370216000
1998-10-02,0.317,0.324,0.305,0.313,475574400
1998-10-05,0.304,0.309,0.281,0.287,551880000
1998-10-06,0.301,0.306,0.29,0.291,399862400
1998-10-07,0.289,0.297,0.285,0.285,473356800
1998-10-08,0.277,0.278,0.254,0.275,689214400
1998-10-09,0.283,0.315,0.275,0.314,668236800
1998-10-12,0.335,0.343,0.326,0.334,622899200
1998-10-13,0.34,0.35,0.321,0.346,941628800
1998-10-14,0.355,0.369,0.329,0.334,2280017600
1998-10-15,0.324,0.333,0.317,0.327,840672000
1998-10-16,0.331,0.34,0.326,0.328,615563200
1998-10-19,0.328,0.34,0.32,0.335,475776000
1998-10-20,0.339,0.341,0.321,0.322,382088000
1998-10-21,0.328,0.334,0.319,0.331,430617600
1998-10-22,0.329,0.336,0.324,0.328,317374400
1998-10-23,0.328,0.329,0.314,0.317,355980800
1998-10-26,0.322,0.337,0.317,0.334,475843200
1998-10-27,0.339,0.348,0.313,0.315,538193600
1998-10-28,0.315,0.33,0.314,0.329,363708800
1998-10-29,0.325,0.334,0.32,0.325,344579200
1998-10-30,0.329,0.335,0.324,0.331,317643200
1998-11-02,0.335,0.337,0.333,0.336,253769600
1998-11-03,0.334,0.342,0.333,0.338,370451200
1998-11-04,0.344,0.349,0.34,0.345,627883200
1998-11-05,0.343,0.352,0.34,0.341,607118400
1998-11-06,0.338,0.342,0.333,0.34,797339200
1998-11-09,0.336,0.34,0.317,0.327,660788800
1998-11-10,0.323,0.324,0.312,0.314,883982400
1998-11-11,0.319,0.32,0.292,0.3,948505600
1998-11-12,0.296,0.307,0.294,0.304,595100800
1998-11-13,0.312,0.322,0.31,0.319,791817600
1998-11-16,0.321,0.328,0.316,0.321,384529600
1998-11-17,0.319,0.32,0.31,0.311,210728000
1998-11-18,0.314,0.321,0.311,0.316,329660800
1998-11-19,0.317,0.332,0.316,0.319,346528000
1998-11-20,0.325,0.328,0.31,0.315,399224000
1998-11-23,0.318,0.329,0.314,0.324,577953600
1998-11-24,0.323,0.328,0.319,0.321,319748800
1998-11-25,0.32,0.322,0.312,0.314,303800000
1998-11-27,0.313,0.314,0.31,0.313,153104000
1998-11-30,0.309,0.311,0.283,0.285,561489600
1998-12-01,0.286,0.311,0.282,0.305,865737600
1998-12-02,0.305,0.329,0.299,0.321,962483200
1998-12-03,0.324,0.326,0.3,0.301,626046400
1998-12-04,0.306,0.307,0.286,0.292,721369600
1998-12-07,0.298,0.301,0.292,0.301,566596800
1998-12-08,0.303,0.303,0.286,0.286,680108800
1998-12-09,0.292,0.294,0.282,0.286,592916800
1998-12-10,0.292,0.294,0.285,0.286,391249600
1998-12-11,0.288,0.304,0.286,0.301,689998400
1998-12-14,0.294,0.297,0.288,0.29,501446400
1998-12-15,0.292,0.3,0.292,0.3,264712000
1998-12-16,0.301,0.305,0.291,0.293,374348800
1998-12-17,0.294,0.301,0.292,0.299,330612800
1998-12-18,0.298,0.316,0.297,0.314,791492800
1998-12-21,0.316,0.318,0.306,0.313,357448000
1998-12-22,0.325,0.34,0.321,0.339,1150800000
1998-12-23,0.345,0.362,0.343,0.355,1235035200
1998-12-24,0.356,0.357,0.35,0.35,199987200
1998-12-28,0.348,0.367,0.348,0.365,725312000
1998-12-29,0.367,0.371,0.359,0.364,387352000
1998-12-30,0.358,0.367,0.357,0.358,237361600
1998-12-31,0.362,0.369,0.353,0.366,271689600
1999-01-04,0.376,0.377,0.357,0.368,952884800
1999-01-05,0.374,0.392,0.371,0.387,1410113600
1999-01-06,0.394,0.394,0.366,0.373,1348569600
1999-01-07,0.377,0.402,0.376,0.402,1429019200
1999-01-08,0.416,0.419,0.393,0.402,678832000
1999-01-11,0.408,0.411,0.401,0.41,560974400
1999-01-12,0.414,0.416,0.394,0.412,820736000
1999-01-13,0.383,0.422,0.377,0.415,1047816000
1999-01-14,0.406,0.411,0.367,0.369,1723859200
1999-01-15,0.373,0.376,0.357,0.369,1006006400
1999-01-19,0.374,0.378,0.36,0.365,534889600
1999-01-20,0.367,0.375,0.362,0.362,778120000
1999-01-21,0.361,0.362,0.335,0.347,600488000
1999-01-22,0.336,0.353,0.331,0.346,345766400
1999-01-25,0.35,0.353,0.347,0.352,385336000
1999-01-26,0.357,0.365,0.354,0.362,560044800
1999-01-27,0.366,0.369,0.357,0.358,364952000
1999-01-28,0.365,0.368,0.36,0.365,336280000
1999-01-29,0.368,0.371,0.357,0.368,242715200
1999-02-01,0.372,0.374,0.36,0.366,278913600
1999-02-02,0.36,0.364,0.348,0.35,307160000
1999-02-03,0.348,0.362,0.346,0.359,338744000
1999-02-04,0.359,0.359,0.337,0.338,463780800
1999-02-05,0.342,0.343,0.317,0.324,777201600
1999-02-08,0.328,0.339,0.324,0.337,468227200
1999-02-09,0.339,0.349,0.331,0.332,701153600
1999-02-10,0.329,0.345,0.321,0.342,563628800
1999-02-11,0.346,0.355,0.344,0.354,565196800
1999-02-12,0.349,0.349,0.33,0.336,428904000
1999-02-16,0.347,0.347,0.338,0.342,300227200
1999-02-17,0.34,0.345,0.33,0.33,296060800
1999-02-18,0.335,0.338,0.318,0.321,500169600
1999-02-19,0.324,0.336,0.323,0.332,361692800
1999-02-22,0.334,0.347,0.333,0.343,298670400
1999-02-23,0.344,0.353,0.339,0.343,322179200
1999-02-24,0.347,0.348,0.334,0.334,212755200
1999-02-25,0.333,0.336,0.326,0.33,264600000
1999-02-26,0.326,0.33,0.308,0.311,667251200
1999-03-01,0.311,0.311,0.3,0.301,487827200
1999-03-02,0.305,0.315,0.301,0.309,683054400
1999-03-03,0.31,0.314,0.299,0.305,293350400
1999-03-04,0.308,0.308,0.289,0.299,367270400
1999-03-05,0.306,0.306,0.289,0.296,468036800
1999-03-08,0.297,0.31,0.296,0.307,550670400
1999-03-09,0.306,0.307,0.299,0.305,319692800
1999-03-10,0.305,0.305,0.29,0.291,546280000
1999-03-11,0.288,0.302,0.286,0.287,473659200
1999-03-12,0.289,0.299,0.289,0.296,271398400
1999-03-15,0.297,0.312,0.297,0.304,352161600
1999-03-16,0.312,0.318,0.312,0.317,399828800
1999-03-17,0.321,0.322,0.303,0.304,366318400
1999-03-18,0.307,0.318,0.306,0.317,227080000
1999-03-19,0.321,0.321,0.294,0.299,536502400
1999-03-22,0.304,0.314,0.294,0.313,593611200
1999-03-23,0.307,0.307,0.292,0.295,415553600
1999-03-24,0.297,0.301,0.29,0.301,400153600
1999-03-25,0.307,0.311,0.298,0.302,399963200
1999-03-26,0.301,0.302,0.295,0.297,253836800
1999-03-29,0.299,0.316,0.299,0.316,568870400
1999-03-30,0.312,0.325,0.312,0.32,554523200
1999-03-31,0.325,0.331,0.32,0.321,422352000
1999-04-01,0.322,0.328,0.319,0.322,262057600
1999-04-05,0.321,0.338,0.321,0.331,460936000
1999-04-06,0.329,0.342,0.329,0.339,628588800
1999-04-07,0.34,0.342,0.325,0.331,411812800
1999-04-08,0.329,0.331,0.321,0.329,296408000
1999-04-09,0.324,0.333,0.321,0.328,268542400
1999-04-12,0.312,0.329,0.311,0.324,395819200
1999-04-13,0.324,0.329,0.308,0.309,412384000
1999-04-14,0.315,0.331,0.312,0.317,681027200
1999-04-15,0.316,0.323,0.306,0.319,1734476800
1999-04-16,0.32,0.322,0.315,0.316,502219200
1999-04-19,0.319,0.321,0.299,0.302,921816000
1999-04-20,0.302,0.31,0.299,0.304,523857600
1999-04-21,0.304,0.307,0.299,0.307,351400000
1999-04-22,0.313,0.327,0.313,0.325,740174400
1999-04-23,0.324,0.352,0.324,0.35,1046841600
1999-04-26,0.353,0.368,0.35,0.366,927931200
1999-04-27,0.384,0.409,0.384,0.408,2106048000
1999-04-28,0.398,0.408,0.39,0.393,954990400
1999-04-29,0.386,0.396,0.373,0.384,789308800
1999-04-30,0.393,0.421,0.393,0.411,1472329600
1999-05-03,0.411,0.446,0.408,0.443,1470436800
1999-05-04,0.431,0.434,0.412,0.415,811238400
1999-05-05,0.414,0.42,0.398,0.42,579297600
1999-05-06,0.416,0.419,0.393,0.397,433148800
1999-05-07,0.398,0.41,0.382,0.41,434716800
1999-05-10,0.417,0.419,0.398,0.404,392996800
1999-05-11,0.401,0.412,0.389,0.4,458595200
1999-05-12,0.401,0.415,0.394,0.415,395124800
1999-05-13,0.415,0.418,0.406,0.412,295523200
1999-05-14,0.403,0.409,0.396,0.396,226632000
1999-05-17,0.391,0.399,0.384,0.396,210761600
1999-05-18,0.4,0.411,0.396,0.404,418376000
1999-05-19,0.406,0.408,0.388,0.403,298278400
1999-05-20,0.406,0.408,0.379,0.379,417715200
1999-05-21,0.384,0.396,0.38,0.392,463187200
1999-05-24,0.39,0.396,0.374,0.374,260926400
1999-05-25,0.371,0.379,0.366,0.371,366508800
1999-05-26,0.373,0.396,0.368,0.393,437550400
1999-05-27,0.386,0.391,0.381,0.388,336761600
1999-05-28,0.387,0.396,0.385,0.393,201129600
1999-06-01,0.402,0.405,0.396,0.4,461025600
1999-06-02,0.397,0.428,0.393,0.416,521057600
1999-06-03,0.419,0.429,0.418,0.424,488510400
1999-06-04,0.425,0.43,0.422,0.43,368681600
1999-06-07,0.43,0.438,0.424,0.437,418286400
1999-06-08,0.435,0.436,0.425,0.426,313656000
1999-06-09,0.424,0.433,0.424,0.432,353785600
1999-06-10,0.427,0.431,0.422,0.43,317049600
1999-06-11,0.43,0.433,0.413,0.415,185046400
1999-06-14,0.415,0.416,0.403,0.406,157080000
1999-06-15,0.403,0.417,0.403,0.411,130390400
1999-06-16,0.414,0.429,0.414,0.428,225019200
1999-06-17,0.425,0.429,0.408,0.414,224403200
1999-06-18,0.405,0.422,0.403,0.421,208062400
1999-06-21,0.42,0.422,0.411,0.415,135150400
1999-06-22,0.414,0.419,0.405,0.405,151076800
1999-06-23,0.402,0.403,0.389,0.39,531496000
1999-06-24,0.39,0.39,0.377,0.378,433361600
1999-06-25,0.379,0.381,0.376,0.377,294134400
1999-06-28,0.379,0.383,0.378,0.38,277692800
1999-06-29,0.381,0.407,0.381,0.405,380385600
1999-06-30,0.408,0.419,0.401,0.414,343268800
1999-07-01,0.414,0.416,0.404,0.405,149217600
1999-07-02,0.407,0.419,0.403,0.414,123681600
1999-07-06,0.41,0.425,0.409,0.423,453812800
1999-07-07,0.423,0.453,0.42,0.445,1099156800
1999-07-08,0.456,0.492,0.454,0.487,1625041600
1999-07-09,0.487,0.497,0.473,0.497,608697600
1999-07-12,0.496,0.497,0.484,0.487,303912000
1999-07-13,0.478,0.484,0.472,0.479,283259200
1999-07-14,0.487,0.506,0.487,0.499,624556800
1999-07-15,0.499,0.499,0.458,0.475,1691804800
1999-07-16,0.479,0.487,0.473,0.474,411499200
1999-07-19,0.482,0.498,0.467,0.486,561299200
1999-07-20,0.487,0.496,0.471,0.472,442075200
1999-07-21,0.483,0.495,0.472,0.483,718166400
1999-07-22,0.479,0.481,0.456,0.468,406728000
1999-07-23,0.472,0.48,0.47,0.476,229051200
1999-07-26,0.472,0.473,0.454,0.455,351187200
1999-07-27,0.47,0.482,0.469,0.479,395908800
1999-07-28,0.481,0.494,0.473,0.485,328910400
1999-07-29,0.477,0.493,0.474,0.481,275475200
1999-07-30,0.487,0.501,0.487,0.497,383140800
1999-08-02,0.497,0.518,0.496,0.498,362443200
1999-08-03,0.507,0.513,0.479,0.493,368379200
1999-08-04,0.493,0.499,0.475,0.48,371425600
1999-08-05,0.478,0.49,0.465,0.489,322537600
1999-08-06,0.483,0.494,0.478,0.483,435556800
1999-08-09,0.485,0.493,0.484,0.486,233284800
1999-08-10,0.482,0.5,0.479,0.494,416225600
1999-08-11,0.5,0.533,0.499,0.533,850337600
1999-08-12,0.527,0.548,0.523,0.536,666108800
1999-08-13,0.541,0.554,0.535,0.536,298435200
1999-08-16,0.534,0.542,0.531,0.54,276931200
1999-08-17,0.539,0.539,0.526,0.539,320936000
1999-08-18,0.536,0.554,0.532,0.537,468574400
1999-08-19,0.534,0.54,0.523,0.525,550020800
1999-08-20,0.529,0.53,0.52,0.528,327947200
1999-08-23,0.53,0.548,0.53,0.542,355566400
1999-08-24,0.539,0.542,0.535,0.539,502264000
1999-08-25,0.542,0.549,0.537,0.548,295164800
1999-08-26,0.546,0.564,0.546,0.555,404488000
1999-08-27,0.56,0.58,0.56,0.578,446835200
1999-08-30,0.58,0.58,0.554,0.554,336593600
1999-08-31,0.559,0.588,0.554,0.583,634547200
1999-09-01,0.598,0.614,0.589,0.613,788625600
1999-09-02,0.604,0.638,0.597,0.63,895148800
1999-09-03,0.642,0.672,0.629,0.656,1635267200
1999-09-07,0.658,0.696,0.656,0.682,984793600
1999-09-08,0.68,0.694,0.665,0.665,762204800
1999-09-09,0.674,0.678,0.66,0.675,534083200
1999-09-10,0.679,0.694,0.667,0.691,458763200
1999-09-13,0.688,0.688,0.668,0.67,252000000
1999-09-14,0.667,0.701,0.667,0.695,388292800
1999-09-15,0.704,0.706,0.672,0.673,359576000
1999-09-16,0.679,0.697,0.66,0.686,441884800
1999-09-17,0.69,0.694,0.681,0.687,277278400
1999-09-20,0.688,0.715,0.686,0.706,456668800
1999-09-21,0.653,0.654,0.616,0.618,3357558400
1999-09-22,0.623,0.64,0.616,0.628,1123169600
1999-09-23,0.635,0.636,0.562,0.565,1143755200
1999-09-24,0.566,0.598,0.562,0.58,1179875200
1999-09-27,0.593,0.596,0.546,0.547,948192000
1999-09-28,0.549,0.554,0.513,0.532,1414963200
1999-09-29,0.538,0.547,0.518,0.527,657283200
1999-09-30,0.532,0.573,0.529,0.565,908084800
1999-10-01,0.555,0.557,0.531,0.551,614790400
1999-10-04,0.557,0.579,0.557,0.576,459356800
1999-10-05,0.586,0.608,0.578,0.607,814206400
1999-10-06,0.619,0.622,0.598,0.6,804272000
1999-10-07,0.611,0.613,0.579,0.593,605886400
1999-10-08,0.591,0.592,0.567,0.585,382804800
1999-10-11,0.589,0.609,0.589,0.595,263121600
1999-10-12,0.606,0.622,0.598,0.604,563752000
1999-10-13,0.595,0.621,0.569,0.572,636731200
1999-10-14,0.618,0.655,0.616,0.653,1898803200
1999-10-15,0.635,0.677,0.627,0.666,1173177600
1999-10-18,0.66,0.663,0.635,0.654,776406400
1999-10-19,0.64,0.67,0.611,0.612,1022582400
1999-10-20,0.625,0.672,0.625,0.671,1081404800
1999-10-21,0.648,0.688,0.646,0.68,793452800
1999-10-22,0.689,0.69,0.655,0.66,419507200
1999-10-25,0.663,0.68,0.658,0.665,326592000
1999-10-26,0.669,0.674,0.655,0.67,361435200
1999-10-27,0.664,0.684,0.656,0.682,443072000
1999-10-28,0.688,0.705,0.679,0.695,504089600
1999-10-29,0.704,0.724,0.704,0.715,523051200
1999-11-01,0.714,0.72,0.691,0.693,278577600
1999-11-02,0.696,0.729,0.69,0.717,399235200
1999-11-03,0.729,0.743,0.723,0.728,328462400
1999-11-04,0.733,0.762,0.72,0.747,379086400
1999-11-05,0.756,0.789,0.75,0.789,416808000
1999-11-08,0.783,0.873,0.775,0.86,950924800
1999-11-09,0.843,0.844,0.786,0.8,809177600
1999-11-10,0.788,0.833,0.787,0.816,577897600
1999-11-11,0.818,0.827,0.802,0.824,269875200
1999-11-12,0.821,0.821,0.78,0.809,279059200
1999-11-15,0.8,0.829,0.79,0.799,259907200
1999-11-16,0.804,0.819,0.79,0.814,233856000
1999-11-17,0.81,0.846,0.804,0.806,364571200
1999-11-18,0.813,0.814,0.79,0.8,364784000
1999-11-19,0.799,0.829,0.786,0.825,312513600
1999-11-22,0.819,0.819,0.797,0.809,202361600
1999-11-23,0.819,0.85,0.79,0.829,543312000
1999-11-24,0.83,0.848,0.819,0.845,215107200
1999-11-26,0.846,0.853,0.84,0.849,132070400
1999-11-29,0.842,0.891,0.833,0.844,464161600
1999-11-30,0.876,0.926,0.869,0.874,843180800
1999-12-01,0.902,0.933,0.893,0.92,618564800
1999-12-02,0.921,0.988,0.908,0.984,567358400
1999-12-03,1.002,1.032,0.999,1.027,647920000
1999-12-06,1.023,1.047,0.995,1.036,466782400
1999-12-07,1.041,1.054,1.018,1.052,445020800
1999-12-08,1.038,1.052,0.978,0.983,412350400
1999-12-09,0.991,0.991,0.901,0.94,855198400
1999-12-10,0.94,0.975,0.884,0.92,637761600
1999-12-13,0.914,0.915,0.883,0.884,529961600
1999-12-14,0.878,0.891,0.846,0.847,435870400
1999-12-15,0.833,0.868,0.813,0.866,622977600
1999-12-16,0.875,0.878,0.839,0.878,463825600
1999-12-17,0.901,0.911,0.879,0.893,495006400
1999-12-20,0.889,0.89,0.863,0.875,283987200
1999-12-21,0.877,0.92,0.874,0.915,307596800
1999-12-22,0.919,0.934,0.882,0.892,327073600
1999-12-23,0.909,0.931,0.902,0.924,229532800
1999-12-27,0.932,0.932,0.886,0.887,168392000
1999-12-28,0.885,0.89,0.848,0.877,247576000
1999-12-29,0.864,0.912,0.853,0.899,284502400
1999-12-30,0.912,0.93,0.89,0.896,207144000
1999-12-31,0.901,0.919,0.888,0.918,163811200
2000-01-03,0.936,1.004,0.908,0.999,535796800
2000-01-04,0.967,0.988,0.903,0.915,512377600
2000-01-05,0.926,0.987,0.92,0.929,778321600
2000-01-06,0.948,0.955,0.848,0.848,767972800
2000-01-07,0.862,0.902,0.853,0.888,460734400
2000-01-10,0.911,0.913,0.846,0.873,505064000
2000-01-11,0.857,0.887,0.808,0.828,441548800
2000-01-12,0.848,0.853,0.772,0.778,976068800
2000-01-13,0.844,0.882,0.826,0.864,1032684800
2000-01-14,0.893,0.913,0.887,0.897,390376000
2000-01-18,0.902,0.946,0.897,0.928,459177600
2000-01-19,0.943,0.971,0.923,0.951,597643200
2000-01-20,1.031,1.085,1.013,1.013,1831132800
2000-01-21,1.02,1.02,0.984,0.994,495924800
2000-01-24,0.968,1.007,0.939,0.949,440876800
2000-01-25,0.938,1.01,0.914,1.002,497145600
2000-01-26,0.982,1.02,0.98,0.984,367158400
2000-01-27,0.972,1.009,0.955,0.982,340144000
2000-01-28,0.966,0.99,0.898,0.907,423348800
2000-01-31,0.902,0.927,0.844,0.926,701680000
2000-02-01,0.929,0.938,0.893,0.895,318035200
2000-02-02,0.9,0.912,0.866,0.882,464195200
2000-02-03,0.896,0.931,0.895,0.922,475193600
2000-02-04,0.928,0.982,0.925,0.964,425320000
2000-02-07,0.964,1.02,0.946,1.018,441067200
2000-02-08,1.018,1.037,0.993,1.026,408643200
2000-02-09,1.019,1.046,1.004,1.006,299364800
2000-02-10,1.008,1.017,0.982,1.013,302982400
2000-02-11,1.015,1.019,0.967,0.971,212251200
2000-02-14,0.976,1.035,0.97,1.034,367539200
2000-02-15,1.029,1.071,1.028,1.062,485744000
2000-02-16,1.051,1.055,1.001,1.019,378246400
2000-02-17,1.028,1.031,1.01,1.026,289497600
2000-02-18,1.023,1.03,0.99,0.993,233441600
2000-02-22,0.983,1.044,0.953,1.016,422296000
2000-02-23,1.011,1.062,0.991,1.038,473099200
2000-02-24,1.047,1.064,0.998,1.029,376432000
2000-02-25,1.025,1.045,0.983,0.985,249144000
2000-02-28,0.983,1.027,0.968,1.011,328328000
2000-02-29,1.014,1.047,1.005,1.023,368961600
2000-03-01,1.059,1.179,1.058,1.164,1077003200
2000-03-02,1.134,1.142,1.078,1.089,311259200
2000-03-03,1.115,1.145,1.071,1.143,323366400
2000-03-06,1.125,1.153,1.116,1.122,210560000
2000-03-07,1.129,1.138,1.081,1.097,273011200
2000-03-08,1.097,1.107,1.059,1.089,271230400
2000-03-09,1.079,1.116,1.056,1.092,276718400
2000-03-10,1.086,1.142,1.08,1.123,248606400
2000-03-13,1.09,1.129,1.067,1.083,303956800
2000-03-14,1.082,1.109,1.018,1.02,428579200
2000-03-15,1.032,1.074,1.019,1.038,443609600
2000-03-16,1.047,1.089,1.022,1.085,378100800
2000-03-17,1.073,1.116,1.068,1.116,305043200
2000-03-20,1.103,1.127,1.093,1.098,204489600
2000-03-21,1.094,1.221,1.086,1.205,524328000
2000-03-22,1.186,1.289,1.175,1.287,567996800
2000-03-23,1.268,1.343,1.25,1.262,562564800
2000-03-24,1.272,1.285,1.21,1.238,446913600
2000-03-27,1.229,1.292,1.222,1.246,279182400
2000-03-28,1.225,1.268,1.224,1.242,202966400
2000-03-29,1.244,1.245,1.195,1.214,239836800
2000-03-30,1.193,1.229,1.12,1.123,414400000
2000-03-31,1.138,1.225,1.125,1.213,404633600
2000-04-03,1.21,1.246,1.156,1.19,328563200
2000-04-04,1.184,1.188,1.042,1.137,660329600
2000-04-05,1.129,1.186,1.107,1.164,457665600
2000-04-06,1.166,1.201,1.1,1.118,259627200
2000-04-07,1.136,1.177,1.121,1.176,242435200
2000-04-10,1.176,1.185,1.114,1.116,212262400
2000-04-11,1.103,1.115,1.054,1.066,541822400
2000-04-12,1.062,1.062,0.936,0.975,941136000
2000-04-13,0.996,1.071,0.969,1.016,529827200
2000-04-14,0.976,1.054,0.973,0.999,667620800
2000-04-17,0.978,1.107,0.974,1.106,409561600
2000-04-18,1.103,1.133,1.066,1.133,390924800
2000-04-19,1.127,1.163,1.069,1.081,520150400
2000-04-20,1.104,1.114,1.045,1.061,722120000
2000-04-24,1.027,1.076,1.025,1.076,443620800
2000-04-25,1.09,1.15,1.09,1.146,391641600
2000-04-26,1.131,1.143,1.071,1.083,366912000
2000-04-27,1.046,1.134,1.041,1.132,326603200
2000-04-28,1.135,1.138,1.083,1.108,249580800
2000-05-01,1.115,1.117,1.088,1.11,226195200
2000-05-02,1.1,1.127,1.049,1.052,236432000
2000-05-03,1.062,1.083,0.997,1.027,489798400
2000-05-04,1.028,1.029,0.987,0.988,399515200
2000-05-05,0.989,1.025,0.989,1.01,284076800
2000-05-08,1.001,1.015,0.982,0.983,184900800
2000-05-09,0.985,0.993,0.936,0.941,327140800
2000-05-10,0.929,0.938,0.882,0.887,535091200
2000-05-11,0.905,0.931,0.884,0.918,499744000
2000-05-12,0.946,0.987,0.935,0.961,306913600
2000-05-15,0.965,0.965,0.894,0.902,678932800
2000-05-16,0.933,0.974,0.917,0.944,440451200
2000-05-17,0.925,0.926,0.896,0.905,398092800
2000-05-18,0.92,0.937,0.898,0.9,373777600
2000-05-19,0.886,0.886,0.834,0.839,740667200
2000-05-22,0.837,0.837,0.768,0.803,755507200
2000-05-23,0.808,0.834,0.765,0.766,517585600
2000-05-24,0.77,0.801,0.741,0.783,678462400
2000-05-25,0.79,0.827,0.768,0.779,406750400
2000-05-26,0.786,0.802,0.761,0.771,181148800
2000-05-30,0.782,0.787,0.73,0.782,713059200
2000-05-31,0.776,0.815,0.748,0.75,433507200
2000-06-01,0.73,0.8,0.718,0.796,903840000
2000-06-02,0.837,0.891,0.795,0.826,792848000
2000-06-05,0.833,0.85,0.801,0.815,323668800
2000-06-06,0.821,0.864,0.806,0.829,525481600
2000-06-07,0.836,0.866,0.818,0.862,337019200
2000-06-08,0.872,0.879,0.831,0.847,238526400
2000-06-09,0.864,0.874,0.843,0.855,252358400
2000-06-12,0.86,0.861,0.811,0.814,290337600
2000-06-13,0.814,0.845,0.787,0.844,351456000
2000-06-14,0.845,0.859,0.805,0.807,277446400
2000-06-15,0.815,0.834,0.795,0.825,248572800
2000-06-16,0.835,0.837,0.795,0.814,303564800
2000-06-19,0.809,0.874,0.802,0.863,394004800
2000-06-20,0.879,0.928,0.878,0.904,501390400
2000-06-21,0.902,1.017,0.898,0.993,490000000
2000-06-22,0.996,1.029,0.956,0.96,467712000
2000-06-23,0.96,0.975,0.907,0.923,204965600
2000-06-26,0.938,0.978,0.931,0.967,185354400
2000-06-27,0.96,0.991,0.922,0.924,203470400
2000-06-28,0.952,0.989,0.92,0.972,286428800
2000-06-29,0.948,0.963,0.912,0.915,203660800
2000-06-30,0.943,0.981,0.923,0.935,323097600
2000-07-03,0.931,0.97,0.931,0.952,70828800
2000-07-05,0.951,0.985,0.906,0.922,265216000
2000-07-06,0.938,0.945,0.886,0.925,309545600
2000-07-07,0.939,0.979,0.931,0.972,263603200
2000-07-10,0.966,1.04,0.96,1.02,397796000
2000-07-11,1.018,1.058,0.99,1.017,357896000
2000-07-12,1.038,1.052,1.007,1.051,225433600
2000-07-13,1.045,1.083,0.978,1.009,445659200
2000-07-14,1.02,1.054,1.016,1.03,190276800
2000-07-17,1.04,1.05,1.02,1.041,260002400
2000-07-18,1.045,1.051,1.016,1.022,318404800
2000-07-19,0.985,1.015,0.924,0.941,457872800
2000-07-20,0.982,1.019,0.967,0.984,465572800
2000-07-21,0.971,0.993,0.945,0.956,196235200
2000-07-24,0.939,0.944,0.848,0.869,412171200
2000-07-25,0.898,0.904,0.876,0.894,211607200
2000-07-26,0.89,0.915,0.879,0.894,210470400
2000-07-27,0.893,0.951,0.891,0.929,294985600
2000-07-28,0.934,0.938,0.837,0.863,237893600
2000-07-31,0.878,0.922,0.871,0.907,155299200
2000-08-01,0.898,0.914,0.879,0.881,137284000
2000-08-02,0.875,0.892,0.843,0.844,162355200
2000-08-03,0.814,0.858,0.79,0.857,339897600
2000-08-04,0.883,0.915,0.827,0.846,263121600
2000-08-07,0.855,0.876,0.843,0.856,187348000
2000-08-08,0.856,0.857,0.827,0.835,176674400
2000-08-09,0.859,0.865,0.844,0.848,379640800
2000-08-10,0.857,0.865,0.846,0.849,251714400
2000-08-11,0.836,0.857,0.814,0.852,238056000
2000-08-14,0.85,0.852,0.827,0.84,156660000
2000-08-15,0.844,0.856,0.83,0.834,114200800
2000-08-16,0.837,0.875,0.836,0.866,143673600
2000-08-17,0.864,0.936,0.863,0.919,270900000
2000-08-18,0.917,0.925,0.891,0.893,190176000
2000-08-21,0.897,0.921,0.886,0.902,134467200
2000-08-22,0.904,0.943,0.9,0.923,276802400
2000-08-23,0.919,0.978,0.912,0.97,236863200
2000-08-24,0.976,1.011,0.953,1.002,310766400
2000-08-25,1.009,1.027,1.007,1.015,334460000
2000-08-28,1.022,1.054,1.019,1.037,359004800
2000-08-29,1.033,1.061,1.03,1.057,267030400
2000-08-30,1.054,1.071,1.048,1.062,285392800
2000-08-31,1.053,1.098,1.052,1.088,419596800
2000-09-01,1.095,1.136,1.092,1.133,256872000
2000-09-05,1.119,1.145,1.112,1.115,298642400
2000-09-06,1.096,1.114,1.031,1.044,355404000
2000-09-07,1.056,1.117,1.04,1.107,217464800
2000-09-08,1.1,1.1,1.045,1.051,195518400
2000-09-11,1.048,1.078,1.038,1.044,187381600
2000-09-12,1.024,1.073,1.018,1.031,187997600
2000-09-13,1.013,1.062,1.013,1.036,305984000
2000-09-14,1.046,1.065,1.015,1.015,426552000
2000-09-15,1.031,1.039,0.969,0.986,394514400
2000-09-18,0.987,1.085,0.983,1.083,424536000
2000-09-19,1.067,1.08,1.046,1.07,271510400
2000-09-20,1.061,1.097,1.046,1.09,227388000
2000-09-21,1.045,1.065,0.987,1.012,510490400
2000-09-22,0.898,0.936,0.893,0.932,726700800
2000-09-25,0.942,0.991,0.93,0.955,435551200
2000-09-26,0.952,0.978,0.917,0.919,290936800
2000-09-27,0.924,0.942,0.862,0.874,402259200
2000-09-28,0.881,0.961,0.859,0.955,979585600
2000-09-29,0.503,0.518,0.453,0.46,7421640800
2000-10-02,0.477,0.478,0.42,0.433,2424788800
2000-10-03,0.445,0.446,0.396,0.398,2038120000
2000-10-04,0.4,0.424,0.391,0.422,1466024000
2000-10-05,0.42,0.438,0.393,0.394,873006400
2000-10-06,0.405,0.41,0.375,0.396,612656800
2000-10-09,0.404,0.408,0.377,0.388,597564800
2000-10-10,0.386,0.401,0.366,0.373,691101600
2000-10-11,0.359,0.375,0.342,0.35,1198422400
2000-10-12,0.363,0.372,0.348,0.357,1191064000
2000-10-13,0.362,0.395,0.357,0.394,1247752800
2000-10-16,0.398,0.415,0.382,0.384,820176000
2000-10-17,0.387,0.392,0.352,0.359,601720000
2000-10-18,0.347,0.376,0.335,0.359,834265600
2000-10-19,0.342,0.354,0.327,0.338,1506724800
2000-10-20,0.34,0.364,0.338,0.348,791263200
2000-10-23,0.362,0.367,0.347,0.364,551292000
2000-10-24,0.369,0.373,0.336,0.337,804451200
2000-10-25,0.34,0.343,0.329,0.33,663969600
2000-10-26,0.336,0.337,0.312,0.33,721851200
2000-10-27,0.337,0.343,0.319,0.331,744503200
2000-10-30,0.342,0.356,0.335,0.345,639189600
2000-10-31,0.353,0.362,0.344,0.349,885880800
2000-11-01,0.347,0.373,0.347,0.366,575366400
2000-11-02,0.377,0.401,0.376,0.398,590693600
2000-11-03,0.411,0.411,0.392,0.397,515821600
2000-11-06,0.401,0.404,0.373,0.383,393478400
2000-11-07,0.384,0.39,0.372,0.381,301963200
2000-11-08,0.382,0.383,0.354,0.358,422088800
2000-11-09,0.355,0.366,0.34,0.36,476834400
2000-11-10,0.346,0.355,0.34,0.34,422251200
2000-11-13,0.335,0.357,0.326,0.346,431816000
2000-11-14,0.356,0.366,0.349,0.362,409001600
2000-11-15,0.358,0.36,0.344,0.355,282357600
2000-11-16,0.348,0.354,0.337,0.339,239372000
2000-11-17,0.343,0.344,0.326,0.33,446180000
2000-11-20,0.332,0.348,0.326,0.338,408066400
2000-11-21,0.343,0.348,0.335,0.336,301952000
2000-11-22,0.336,0.342,0.328,0.33,280532000
2000-11-24,0.337,0.348,0.336,0.345,160932800
2000-11-27,0.355,0.356,0.33,0.334,258792800
2000-11-28,0.334,0.339,0.32,0.322,269124800
2000-11-29,0.323,0.327,0.308,0.314,492150400
2000-11-30,0.298,0.304,0.288,0.295,809597600
2000-12-01,0.304,0.312,0.3,0.305,385705600
2000-12-04,0.307,0.307,0.294,0.298,371520800
2000-12-05,0.302,0.311,0.292,0.304,613978400
2000-12-06,0.261,0.268,0.25,0.256,1374464000
2000-12-07,0.258,0.266,0.25,0.256,408917600
2000-12-08,0.265,0.273,0.258,0.269,435624000
2000-12-11,0.271,0.275,0.266,0.271,332511200
2000-12-12,0.272,0.286,0.268,0.275,386260000
2000-12-13,0.278,0.278,0.266,0.268,344887200
2000-12-14,0.268,0.272,0.258,0.258,263317600
2000-12-15,0.26,0.262,0.25,0.251,513945600
2000-12-18,0.26,0.261,0.249,0.254,325808000
2000-12-19,0.257,0.272,0.25,0.25,374007200
2000-12-20,0.246,0.261,0.243,0.257,565331200
2000-12-21,0.254,0.268,0.248,0.251,366844800
2000-12-22,0.252,0.268,0.252,0.268,318052000
2000-12-26,0.266,0.268,0.254,0.262,216815200
2000-12-27,0.256,0.265,0.253,0.265,325466400
2000-12-28,0.257,0.267,0.256,0.265,305177600
2000-12-29,0.262,0.268,0.259,0.266,630336000
2001-01-02,0.266,0.272,0.26,0.266,452312000
2001-01-03,0.259,0.298,0.258,0.292,817073600
2001-01-04,0.324,0.33,0.3,0.305,739396000
2001-01-05,0.302,0.31,0.287,0.292,412356000
2001-01-08,0.302,0.303,0.285,0.296,373699200
2001-01-09,0.3,0.315,0.296,0.307,588929600
2001-01-10,0.298,0.304,0.287,0.296,580781600
2001-01-11,0.29,0.33,0.29,0.321,803734400
2001-01-12,0.319,0.321,0.305,0.307,423376800
2001-01-16,0.311,0.326,0.304,0.306,306118400
2001-01-17,0.314,0.314,0.295,0.3,840873600
2001-01-18,0.318,0.335,0.315,0.334,1227010400
2001-01-19,0.347,0.349,0.334,0.348,776664000
2001-01-22,0.34,0.35,0.329,0.344,519327200
2001-01-23,0.345,0.374,0.34,0.366,879530400
2001-01-24,0.368,0.369,0.349,0.366,717091200
2001-01-25,0.367,0.367,0.353,0.356,489708800
2001-01-26,0.348,0.354,0.34,0.349,482820800
2001-01-29,0.349,0.388,0.349,0.387,855528800
2001-01-30,0.385,0.393,0.373,0.388,692423200
2001-01-31,0.384,0.402,0.383,0.386,730704800
2001-02-01,0.369,0.384,0.366,0.377,369695200
2001-02-02,0.377,0.392,0.366,0.368,427341600
2001-02-05,0.366,0.367,0.353,0.36,286115200
2001-02-06,0.36,0.382,0.357,0.377,462711200
2001-02-07,0.369,0.373,0.354,0.371,393887200
2001-02-08,0.367,0.376,0.36,0.371,604128000
2001-02-09,0.366,0.372,0.334,0.342,590083200
2001-02-12,0.34,0.357,0.336,0.352,274120000
2001-02-13,0.356,0.365,0.339,0.342,237070400
2001-02-14,0.343,0.35,0.33,0.348,309120000
2001-02-15,0.352,0.367,0.352,0.358,311416000
2001-02-16,0.339,0.348,0.335,0.339,263911200
2001-02-20,0.343,0.347,0.325,0.327,314893600
2001-02-21,0.326,0.356,0.326,0.337,390258400
2001-02-22,0.34,0.346,0.321,0.336,431961600
2001-02-23,0.333,0.337,0.326,0.336,293865600
2001-02-26,0.34,0.352,0.331,0.348,206438400
2001-02-27,0.344,0.347,0.334,0.346,348516000
2001-02-28,0.346,0.347,0.324,0.326,508233600
2001-03-01,0.318,0.335,0.307,0.335,330461600
2001-03-02,0.327,0.365,0.326,0.344,406201600
2001-03-05,0.346,0.366,0.344,0.364,324172800
2001-03-06,0.37,0.394,0.369,0.384,731802400
2001-03-07,0.381,0.386,0.371,0.379,419540800
2001-03-08,0.369,0.377,0.365,0.372,204859200
2001-03-09,0.368,0.369,0.357,0.362,299135200
2001-03-12,0.352,0.355,0.324,0.333,391020000
2001-03-13,0.337,0.349,0.325,0.349,443329600
2001-03-14,0.33,0.366,0.329,0.365,477775200
2001-03-15,0.373,0.382,0.352,0.352,529317600
2001-03-16,0.339,0.363,0.337,0.35,470316000
2001-03-19,0.353,0.368,0.348,0.367,356008800
2001-03-20,0.37,0.374,0.352,0.352,499206400
2001-03-21,0.353,0.373,0.346,0.359,371375200
2001-03-22,0.364,0.388,0.36,0.386,723301600
2001-03-23,0.394,0.421,0.393,0.411,944888000
2001-03-26,0.413,0.424,0.377,0.389,734451200
2001-03-27,0.392,0.412,0.391,0.408,543821600
2001-03-28,0.394,0.402,0.384,0.396,584662400
2001-03-29,0.389,0.419,0.384,0.402,613065600
2001-03-30,0.403,0.406,0.381,0.394,400349600
2001-04-02,0.394,0.405,0.382,0.386,340911200
2001-04-03,0.381,0.382,0.359,0.361,368687200
2001-04-04,0.353,0.362,0.335,0.348,685484800
2001-04-05,0.368,0.402,0.357,0.373,446762400
2001-04-06,0.371,0.376,0.355,0.368,324889600
2001-04-09,0.369,0.381,0.358,0.367,266582400
2001-04-10,0.373,0.405,0.371,0.394,457374400
2001-04-11,0.41,0.411,0.38,0.389,334096000
2001-04-12,0.382,0.411,0.378,0.4,298933600
2001-04-16,0.394,0.4,0.373,0.383,285224800
2001-04-17,0.379,0.379,0.35,0.364,685199200
2001-04-18,0.385,0.43,0.376,0.407,1100842400
2001-04-19,0.456,0.46,0.421,0.459,1873670400
2001-04-20,0.445,0.458,0.439,0.447,693403200
2001-04-23,0.435,0.446,0.429,0.433,541525600
2001-04-24,0.434,0.442,0.42,0.429,377137600
2001-04-25,0.432,0.444,0.421,0.441,330780800
2001-04-26,0.449,0.466,0.441,0.441,799696800
2001-04-27,0.45,0.469,0.442,0.468,453012000
2001-04-30,0.477,0.484,0.444,0.455,494776800
2001-05-01,0.454,0.473,0.45,0.463,427252000
2001-05-02,0.47,0.477,0.46,0.475,368524800
2001-05-03,0.464,0.469,0.442,0.446,301543200
2001-05-04,0.433,0.462,0.428,0.46,281052800
2001-05-07,0.458,0.46,0.444,0.446,276550400
2001-05-08,0.453,0.454,0.428,0.439,315436800
2001-05-09,0.431,0.438,0.423,0.428,324889600
2001-05-10,0.432,0.438,0.41,0.411,288976800
2001-05-11,0.411,0.419,0.406,0.408,203044800
2001-05-14,0.409,0.423,0.406,0.416,309220800
2001-05-15,0.417,0.455,0.411,0.414,237025600
2001-05-16,0.415,0.438,0.408,0.43,322330400
2001-05-17,0.433,0.434,0.415,0.421,332119200
2001-05-18,0.417,0.422,0.413,0.42,159051200
2001-05-21,0.422,0.427,0.412,0.421,460997600
2001-05-22,0.429,0.431,0.418,0.42,412916000
2001-05-23,0.424,0.424,0.408,0.415,281041600
2001-05-24,0.416,0.416,0.404,0.414,271756800
2001-05-25,0.414,0.416,0.402,0.406,158743200
2001-05-29,0.399,0.402,0.372,0.383,515989600
2001-05-30,0.371,0.371,0.345,0.353,777078400
2001-05-31,0.354,0.361,0.348,0.356,442892800
2001-06-01,0.359,0.377,0.357,0.373,456075200
2001-06-04,0.376,0.377,0.365,0.369,281920800
2001-06-05,0.371,0.377,0.363,0.374,471794400
2001-06-06,0.374,0.374,0.363,0.37,223176800
2001-06-07,0.37,0.387,0.365,0.387,325180800
2001-06-08,0.387,0.387,0.37,0.381,342624800
2001-06-11,0.376,0.376,0.356,0.358,294000000
2001-06-12,0.353,0.369,0.353,0.363,303794400
2001-06-13,0.382,0.388,0.358,0.366,511487200
2001-06-14,0.358,0.365,0.353,0.355,297348800
2001-06-15,0.359,0.371,0.346,0.365,454624800
2001-06-18,0.364,0.372,0.357,0.363,345912000
2001-06-19,0.372,0.382,0.357,0.361,321087200
2001-06-20,0.357,0.39,0.357,0.387,431620000
2001-06-21,0.385,0.411,0.377,0.402,341331200
2001-06-22,0.401,0.411,0.389,0.398,286025600
2001-06-25,0.402,0.429,0.401,0.428,439549600
2001-06-26,0.417,0.424,0.411,0.424,272781600
2001-06-27,0.426,0.429,0.402,0.417,374130400
2001-06-28,0.412,0.427,0.41,0.42,348409600
2001-06-29,0.423,0.448,0.414,0.415,515390400
2001-07-02,0.422,0.433,0.413,0.427,230048000
2001-07-03,0.42,0.432,0.42,0.426,112543200
2001-07-05,0.421,0.424,0.411,0.414,152292000
2001-07-06,0.406,0.41,0.388,0.393,302920800
2001-07-09,0.394,0.411,0.387,0.405,337467200
2001-07-10,0.41,0.412,0.372,0.377,395270400
2001-07-11,0.376,0.403,0.375,0.403,470506400
2001-07-12,0.416,0.443,0.416,0.435,614801600
2001-07-13,0.431,0.447,0.426,0.444,454742400
2001-07-16,0.444,0.448,0.427,0.428,278667200
2001-07-17,0.428,0.45,0.411,0.448,647830400
2001-07-18,0.389,0.407,0.365,0.371,1137012800
2001-07-19,0.379,0.382,0.353,0.356,861140000
2001-07-20,0.352,0.358,0.348,0.357,444584000
2001-07-23,0.359,0.366,0.348,0.349,241360000
2001-07-24,0.346,0.356,0.334,0.341,348376000
2001-07-25,0.341,0.345,0.321,0.33,443878400
2001-07-26,0.33,0.336,0.319,0.332,369140800
2001-07-27,0.335,0.344,0.33,0.339,334135200
2001-07-30,0.341,0.346,0.331,0.338,243359200
2001-07-31,0.344,0.347,0.331,0.336,235026400
2001-08-01,0.339,0.353,0.338,0.34,304136000
2001-08-02,0.351,0.355,0.344,0.354,252089600
2001-08-03,0.355,0.355,0.339,0.348,186054400
2001-08-06,0.34,0.351,0.339,0.342,99652000
2001-08-07,0.345,0.351,0.339,0.344,168548800
2001-08-08,0.344,0.352,0.331,0.338,276169600
2001-08-09,0.339,0.342,0.334,0.34,200664800
2001-08-10,0.34,0.345,0.332,0.34,186961600
2001-08-13,0.341,0.345,0.335,0.341,147996800
2001-08-14,0.343,0.346,0.333,0.334,228950400
2001-08-15,0.335,0.338,0.325,0.329,289279200
2001-08-16,0.326,0.335,0.321,0.333,288092000
2001-08-17,0.321,0.329,0.321,0.323,208426400
2001-08-20,0.324,0.326,0.318,0.324,252302400
2001-08-21,0.324,0.324,0.316,0.32,185701600
2001-08-22,0.32,0.326,0.314,0.325,173975200
2001-08-23,0.325,0.327,0.314,0.318,217078400
2001-08-24,0.321,0.333,0.315,0.332,290332000
2001-08-27,0.332,0.345,0.324,0.338,175644000
2001-08-28,0.338,0.342,0.329,0.329,171735200
2001-08-29,0.329,0.336,0.318,0.318,239971200
2001-08-30,0.317,0.325,0.309,0.318,368692800
2001-08-31,0.317,0.332,0.315,0.331,216904800
2001-09-04,0.33,0.341,0.325,0.326,348213600
2001-09-05,0.326,0.338,0.324,0.331,360057600
2001-09-06,0.329,0.338,0.315,0.316,282368800
2001-09-07,0.312,0.323,0.307,0.309,241830400
2001-09-10,0.304,0.312,0.302,0.31,308845600
2001-09-17,0.286,0.305,0.281,0.303,458007200
2001-09-18,0.302,0.316,0.289,0.291,327101600
2001-09-19,0.295,0.305,0.279,0.304,373318400
2001-09-20,0.291,0.303,0.277,0.28,411174400
2001-09-21,0.264,0.29,0.262,0.281,570516800
2001-09-24,0.288,0.301,0.285,0.294,294537600
2001-09-25,0.288,0.29,0.274,0.278,374404800
2001-09-26,0.282,0.284,0.267,0.271,493796800
2001-09-27,0.272,0.281,0.271,0.277,322240800
2001-09-28,0.281,0.284,0.275,0.277,365108800
2001-10-01,0.277,0.286,0.272,0.278,208208000
2001-10-02,0.276,0.283,0.266,0.269,235883200
2001-10-03,0.267,0.274,0.265,0.268,683043200
2001-10-04,0.274,0.29,0.268,0.284,401122400
2001-10-05,0.275,0.288,0.268,0.288,342686400
2001-10-08,0.278,0.292,0.277,0.289,207984000
2001-10-09,0.287,0.289,0.279,0.286,174025600
2001-10-10,0.287,0.301,0.285,0.3,307759200
2001-10-11,0.302,0.317,0.301,0.317,334163200
2001-10-12,0.309,0.323,0.301,0.322,287812000
2001-10-15,0.321,0.328,0.321,0.321,318752000
2001-10-16,0.323,0.325,0.317,0.322,202949600
2001-10-17,0.327,0.329,0.303,0.303,285538400
2001-10-18,0.309,0.326,0.309,0.321,612572800
2001-10-19,0.32,0.329,0.319,0.327,166790400
2001-10-22,0.325,0.341,0.323,0.34,391938400
2001-10-23,0.341,0.347,0.319,0.324,684980800
2001-10-24,0.322,0.341,0.317,0.338,374427200
2001-10-25,0.329,0.344,0.324,0.343,254951200
2001-10-26,0.337,0.344,0.333,0.333,278964000
2001-10-29,0.332,0.333,0.314,0.315,239181600
2001-10-30,0.31,0.321,0.305,0.314,276763200
2001-10-31,0.317,0.329,0.311,0.314,273750400
2001-11-01,0.315,0.335,0.308,0.332,312995200
2001-11-02,0.331,0.337,0.324,0.332,197204000
2001-11-05,0.336,0.344,0.332,0.341,235793600
2001-11-06,0.339,0.35,0.331,0.349,316019200
2001-11-07,0.347,0.359,0.345,0.35,382989600
2001-11-08,0.351,0.355,0.332,0.334,342143200
2001-11-09,0.332,0.344,0.331,0.334,134293600
2001-11-12,0.333,0.342,0.321,0.335,201499200
2001-11-13,0.341,0.346,0.334,0.346,224672000
2001-11-14,0.35,0.355,0.342,0.35,221149600
2001-11-15,0.347,0.355,0.343,0.347,213029600
2001-11-16,0.344,0.344,0.329,0.339,230664000
2001-11-19,0.339,0.358,0.339,0.357,332589600
2001-11-20,0.354,0.361,0.348,0.349,276584000
2001-11-21,0.35,0.354,0.344,0.351,201583200
2001-11-23,0.352,0.356,0.349,0.354,60004000
2001-11-26,0.356,0.385,0.355,0.382,460689600
2001-11-27,0.379,0.384,0.366,0.375,268553600
2001-11-28,0.372,0.379,0.364,0.367,250611200
2001-11-29,0.368,0.37,0.361,0.365,202764800
2001-11-30,0.366,0.383,0.362,0.38,303912000
2001-12-03,0.376,0.38,0.368,0.376,181165600
2001-12-04,0.376,0.403,0.37,0.4,380419200
2001-12-05,0.399,0.429,0.396,0.424,568579200
2001-12-06,0.419,0.42,0.395,0.407,338934400
2001-12-07,0.401,0.406,0.393,0.403,203515200
2001-12-10,0.398,0.411,0.397,0.403,170010400
2001-12-11,0.405,0.408,0.387,0.389,205475200
2001-12-12,0.391,0.391,0.379,0.384,192460800
2001-12-13,0.384,0.385,0.366,0.375,197842400
2001-12-14,0.37,0.372,0.359,0.364,189884800
2001-12-17,0.364,0.375,0.361,0.368,173712000
2001-12-18,0.373,0.381,0.361,0.375,235239200
2001-12-19,0.368,0.387,0.366,0.386,289956800
2001-12-20,0.382,0.383,0.368,0.369,220864000
2001-12-21,0.375,0.385,0.371,0.375,256334400
2001-12-24,0.373,0.383,0.373,0.381,50629600
2001-12-26,0.381,0.398,0.377,0.384,146400800
2001-12-27,0.385,0.397,0.385,0.394,191508800
2001-12-28,0.392,0.411,0.392,0.401,299124000
2001-12-31,0.402,0.405,0.39,0.391,137782400
2002-01-02,0.394,0.416,0.392,0.416,529496800
2002-01-03,0.411,0.424,0.407,0.421,612007200
2002-01-04,0.417,0.428,0.411,0.423,409976000
2002-01-07,0.424,0.429,0.406,0.409,444584000
2002-01-08,0.406,0.412,0.401,0.404,450038400
2002-01-09,0.407,0.409,0.38,0.387,327835200
2002-01-10,0.379,0.383,0.362,0.379,452737600
2002-01-11,0.382,0.39,0.368,0.376,348801600
2002-01-14,0.375,0.382,0.373,0.378,415996000
2002-01-15,0.381,0.389,0.379,0.387,290320800
2002-01-16,0.382,0.382,0.366,0.371,566893600
2002-01-17,0.392,0.406,0.391,0.401,660576000
2002-01-18,0.393,0.404,0.392,0.396,338811200
2002-01-22,0.398,0.399,0.39,0.39,327314400
2002-01-23,0.389,0.411,0.386,0.411,443279200
2002-01-24,0.409,0.42,0.409,0.414,344002400
2002-01-25,0.409,0.418,0.405,0.415,185914400
2002-01-28,0.418,0.421,0.406,0.416,186446400
2002-01-29,0.415,0.42,0.408,0.412,240324000
2002-01-30,0.412,0.431,0.41,0.43,471576000
2002-01-31,0.431,0.442,0.431,0.441,468445600
2002-02-01,0.435,0.446,0.435,0.436,398305600
2002-02-04,0.434,0.456,0.432,0.453,522373600
2002-02-05,0.448,0.464,0.448,0.454,456887200
2002-02-06,0.457,0.464,0.431,0.441,597576000
2002-02-07,0.44,0.452,0.43,0.434,347832800
2002-02-08,0.436,0.44,0.417,0.429,355331200
2002-02-11,0.427,0.446,0.424,0.446,398602400
2002-02-12,0.44,0.447,0.437,0.441,224280000
2002-02-13,0.442,0.451,0.44,0.447,312872000
2002-02-14,0.447,0.451,0.435,0.439,260170400
2002-02-15,0.438,0.446,0.426,0.427,260187200
2002-02-19,0.424,0.426,0.401,0.404,390258400
2002-02-20,0.407,0.414,0.399,0.413,285443200
2002-02-21,0.409,0.411,0.383,0.384,446751200
2002-02-22,0.387,0.41,0.384,0.406,406476000
2002-02-25,0.408,0.441,0.399,0.425,426848800
2002-02-26,0.427,0.435,0.415,0.423,260131200
2002-02-27,0.428,0.433,0.374,0.392,1030159200
2002-02-28,0.396,0.403,0.381,0.387,456937600
2002-03-01,0.392,0.42,0.39,0.419,348992000
2002-03-04,0.415,0.439,0.406,0.434,348258400
2002-03-05,0.431,0.436,0.418,0.42,274702400
2002-03-06,0.419,0.435,0.409,0.43,226206400
2002-03-07,0.43,0.438,0.422,0.435,258249600
2002-03-08,0.442,0.448,0.434,0.44,269774400
2002-03-11,0.439,0.449,0.43,0.447,262785600
2002-03-12,0.438,0.442,0.43,0.441,254055200
2002-03-13,0.435,0.444,0.431,0.437,200765600
2002-03-14,0.434,0.439,0.426,0.436,217296800
2002-03-15,0.437,0.446,0.433,0.446,240900800
2002-03-18,0.446,0.447,0.434,0.442,304556000
2002-03-19,0.441,0.452,0.434,0.444,242345600
2002-03-20,0.44,0.449,0.438,0.445,294319200
2002-03-21,0.426,0.434,0.415,0.433,616352800
2002-03-22,0.433,0.439,0.426,0.43,202193600
2002-03-25,0.43,0.43,0.415,0.417,262830400
2002-03-26,0.414,0.422,0.411,0.419,257840800
2002-03-27,0.417,0.424,0.415,0.419,127702400
2002-03-28,0.423,0.426,0.419,0.423,108455200
2002-04-01,0.417,0.441,0.416,0.437,199046400
2002-04-02,0.429,0.434,0.426,0.43,203795200
2002-04-03,0.429,0.437,0.421,0.424,214530400
2002-04-04,0.423,0.447,0.423,0.445,338497600
2002-04-05,0.446,0.45,0.43,0.442,278348000
2002-04-08,0.431,0.441,0.425,0.439,261514400
2002-04-09,0.439,0.446,0.429,0.43,191531200
2002-04-10,0.432,0.446,0.429,0.44,224980000
2002-04-11,0.447,0.45,0.442,0.444,407254400
2002-04-12,0.447,0.449,0.439,0.447,320241600
2002-04-15,0.447,0.449,0.443,0.446,299370400
2002-04-16,0.449,0.464,0.449,0.46,614577600
2002-04-17,0.463,0.467,0.453,0.466,396250400
2002-04-18,0.455,0.456,0.444,0.454,401710400
2002-04-19,0.455,0.455,0.445,0.446,375407200
2002-04-22,0.444,0.445,0.433,0.438,269427200
2002-04-23,0.438,0.442,0.43,0.433,233469600
2002-04-24,0.434,0.438,0.423,0.424,140448000
2002-04-25,0.421,0.435,0.421,0.431,194202400
2002-04-26,0.434,0.435,0.411,0.411,304981600
2002-04-29,0.414,0.43,0.412,0.428,272288800
2002-04-30,0.427,0.435,0.424,0.433,280963200
2002-05-01,0.434,0.434,0.417,0.428,214704000
2002-05-02,0.425,0.435,0.421,0.423,239344000
2002-05-03,0.421,0.429,0.418,0.42,230781600
2002-05-06,0.417,0.42,0.401,0.404,249664800
2002-05-07,0.41,0.41,0.395,0.401,242748800
2002-05-08,0.414,0.438,0.411,0.435,436682400
2002-05-09,0.433,0.435,0.425,0.432,224616000
2002-05-10,0.434,0.434,0.41,0.416,235396000
2002-05-13,0.42,0.43,0.41,0.428,265608000
2002-05-14,0.437,0.459,0.433,0.457,526506400
2002-05-15,0.453,0.464,0.444,0.451,335826400
2002-05-16,0.447,0.454,0.442,0.45,227052000
2002-05-17,0.455,0.46,0.439,0.447,236493600
2002-05-20,0.439,0.445,0.438,0.442,269914400
2002-05-21,0.443,0.446,0.418,0.419,280991200
2002-05-22,0.417,0.435,0.416,0.434,290875200
2002-05-23,0.437,0.451,0.43,0.45,369398400
2002-05-24,0.446,0.446,0.428,0.431,166174400
2002-05-28,0.423,0.432,0.418,0.428,149716000
2002-05-29,0.427,0.436,0.419,0.428,221793600
2002-05-30,0.424,0.435,0.42,0.432,196375200
2002-05-31,0.43,0.433,0.416,0.416,365495200
2002-06-03,0.418,0.419,0.403,0.409,235110400
2002-06-04,0.409,0.411,0.396,0.407,347821600
2002-06-05,0.408,0.408,0.399,0.406,277082400
2002-06-06,0.41,0.415,0.394,0.396,259996800
2002-06-07,0.389,0.392,0.374,0.382,612376800
2002-06-10,0.384,0.39,0.381,0.384,277575200
2002-06-11,0.386,0.387,0.364,0.365,349496000
2002-06-12,0.364,0.371,0.356,0.359,528718400
2002-06-13,0.357,0.358,0.346,0.349,352083200
2002-06-14,0.344,0.364,0.323,0.359,424900000
2002-06-17,0.361,0.368,0.354,0.367,324609600
2002-06-18,0.365,0.368,0.357,0.36,353360000
2002-06-19,0.31,0.314,0.301,0.306,1709467200
2002-06-20,0.307,0.314,0.301,0.306,396636800
2002-06-21,0.303,0.312,0.3,0.301,445177600
2002-06-24,0.299,0.317,0.298,0.308,431933600
2002-06-25,0.311,0.316,0.301,0.306,301201600
2002-06-26,0.3,0.309,0.285,0.296,558952800
2002-06-27,0.3,0.308,0.293,0.305,251658400
2002-06-28,0.305,0.318,0.304,0.316,269858400
2002-07-01,0.316,0.319,0.304,0.305,222689600
2002-07-02,0.304,0.306,0.301,0.303,305188800
2002-07-03,0.3,0.316,0.299,0.313,199029600
2002-07-05,0.316,0.335,0.316,0.335,161649600
2002-07-08,0.331,0.332,0.316,0.322,211204000
2002-07-09,0.323,0.327,0.312,0.313,226749600
2002-07-10,0.316,0.324,0.308,0.309,206880800
2002-07-11,0.308,0.328,0.303,0.327,373676800
2002-07-12,0.331,0.336,0.308,0.313,443492000
2002-07-15,0.311,0.332,0.3,0.326,295993600
2002-07-16,0.324,0.332,0.314,0.319,446768000
2002-07-17,0.288,0.289,0.271,0.279,1215485600
2002-07-18,0.277,0.278,0.263,0.268,559462400
2002-07-19,0.262,0.271,0.259,0.267,385207200
2002-07-22,0.263,0.271,0.261,0.266,430897600
2002-07-23,0.266,0.27,0.258,0.258,399890400
2002-07-24,0.256,0.272,0.254,0.271,406593600
2002-07-25,0.267,0.267,0.25,0.256,479354400
2002-07-26,0.258,0.259,0.246,0.256,207704000
2002-07-29,0.259,0.27,0.257,0.268,274960000
2002-07-30,0.265,0.277,0.26,0.276,354838400
2002-07-31,0.275,0.275,0.266,0.273,310699200
2002-08-01,0.27,0.275,0.263,0.264,228956000
2002-08-02,0.263,0.268,0.254,0.258,179060000
2002-08-05,0.259,0.262,0.249,0.25,204024800
2002-08-06,0.254,0.272,0.251,0.263,272053600
2002-08-07,0.269,0.274,0.256,0.268,333474400
2002-08-08,0.264,0.275,0.264,0.273,227348800
2002-08-09,0.272,0.272,0.263,0.268,205716000
2002-08-12,0.266,0.268,0.262,0.268,179765600
2002-08-13,0.266,0.272,0.26,0.261,269869600
2002-08-14,0.262,0.274,0.26,0.271,399084000
2002-08-15,0.272,0.281,0.268,0.279,322078400
2002-08-16,0.276,0.287,0.273,0.282,245224000
2002-08-19,0.282,0.29,0.281,0.285,216557600
2002-08-20,0.285,0.287,0.277,0.284,186625600
2002-08-21,0.286,0.29,0.276,0.288,202428800
2002-08-22,0.289,0.29,0.28,0.285,258311200
2002-08-23,0.284,0.284,0.276,0.281,163245600
2002-08-26,0.285,0.285,0.271,0.277,189968800
2002-08-27,0.281,0.281,0.263,0.265,262231200
2002-08-28,0.264,0.27,0.262,0.262,247973600
2002-08-29,0.262,0.269,0.259,0.262,164169600
2002-08-30,0.263,0.27,0.26,0.263,193519200
2002-09-03,0.259,0.26,0.251,0.251,276936800
2002-09-04,0.254,0.264,0.253,0.259,420660800
2002-09-05,0.254,0.256,0.251,0.253,226178400
2002-09-06,0.259,0.262,0.254,0.257,181591200
2002-09-09,0.255,0.259,0.253,0.257,158244800
2002-09-10,0.257,0.259,0.252,0.256,249468800
2002-09-11,0.256,0.261,0.253,0.255,202412000
2002-09-12,0.254,0.259,0.252,0.252,269830400
2002-09-13,0.252,0.256,0.251,0.253,282951200
2002-09-16,0.252,0.261,0.252,0.259,286641600
2002-09-17,0.26,0.268,0.26,0.264,427996800
2002-09-18,0.262,0.269,0.259,0.268,328641600
2002-09-19,0.263,0.264,0.259,0.26,205945600
2002-09-20,0.261,0.267,0.259,0.266,352788800
2002-09-23,0.264,0.267,0.258,0.265,263709600
2002-09-24,0.257,0.265,0.257,0.261,250661600
2002-09-25,0.262,0.271,0.262,0.267,254682400
2002-09-26,0.27,0.271,0.26,0.262,208644800
2002-09-27,0.259,0.265,0.259,0.263,206152800
2002-09-30,0.257,0.26,0.252,0.259,237697600
2002-10-01,0.261,0.261,0.25,0.259,342423200
2002-10-02,0.256,0.261,0.252,0.253,229348000
2002-10-03,0.253,0.261,0.251,0.255,217896000
2002-10-04,0.256,0.257,0.25,0.251,190825600
2002-10-07,0.249,0.254,0.246,0.246,244697600
2002-10-08,0.248,0.249,0.239,0.244,453644800
2002-10-09,0.242,0.247,0.239,0.243,356686400
2002-10-10,0.243,0.254,0.243,0.252,321574400
2002-10-11,0.254,0.264,0.252,0.259,294677600
2002-10-14,0.26,0.268,0.258,0.264,194404000
2002-10-15,0.272,0.272,0.264,0.271,405518400
2002-10-16,0.265,0.27,0.248,0.26,307624800
2002-10-17,0.254,0.257,0.25,0.252,469296800
2002-10-18,0.25,0.256,0.249,0.256,288299200
2002-10-21,0.255,0.261,0.25,0.26,238520800
2002-10-22,0.258,0.266,0.255,0.262,218148000
2002-10-23,0.261,0.268,0.259,0.266,209036800
2002-10-24,0.268,0.272,0.26,0.262,174748000
2002-10-25,0.262,0.276,0.261,0.275,279070400
2002-10-28,0.278,0.285,0.272,0.279,349300000
2002-10-29,0.278,0.284,0.267,0.276,259179200
2002-10-30,0.277,0.292,0.276,0.285,270676000
2002-10-31,0.286,0.294,0.284,0.287,295836800
2002-11-01,0.285,0.295,0.284,0.292,189828800
2002-11-04,0.295,0.31,0.292,0.302,376818400
2002-11-05,0.299,0.303,0.292,0.302,210694400
2002-11-06,0.305,0.309,0.298,0.308,216389600
2002-11-07,0.303,0.305,0.282,0.286,336179200
2002-11-08,0.286,0.289,0.277,0.283,190064000
2002-11-11,0.281,0.284,0.27,0.271,152975200
2002-11-12,0.274,0.286,0.273,0.279,223792800
2002-11-13,0.277,0.287,0.273,0.278,231739200
2002-11-14,0.284,0.293,0.282,0.291,141713600
2002-11-15,0.29,0.29,0.281,0.285,160994400
2002-11-18,0.289,0.289,0.277,0.279,164578400
2002-11-19,0.278,0.281,0.268,0.273,210952000
2002-11-20,0.273,0.28,0.272,0.277,208740000
2002-11-21,0.284,0.294,0.281,0.292,418482400
2002-11-22,0.287,0.291,0.284,0.286,227858400
2002-11-25,0.286,0.288,0.281,0.285,199427200
2002-11-26,0.283,0.284,0.273,0.275,240262400
2002-11-27,0.279,0.283,0.276,0.281,286798400
2002-11-29,0.282,0.284,0.275,0.277,143432800
2002-12-02,0.284,0.287,0.268,0.271,398742400
2002-12-03,0.271,0.274,0.27,0.271,227869600
2002-12-04,0.271,0.271,0.259,0.267,325757600
2002-12-05,0.268,0.269,0.259,0.261,243398400
2002-12-06,0.262,0.271,0.259,0.267,245358400
2002-12-09,0.267,0.267,0.262,0.263,236084800
2002-12-10,0.263,0.276,0.263,0.273,308610400
2002-12-11,0.273,0.277,0.269,0.277,253500800
2002-12-12,0.277,0.278,0.268,0.271,149340800
2002-12-13,0.27,0.271,0.262,0.264,164780000
2002-12-16,0.264,0.27,0.261,0.265,251624800
2002-12-17,0.265,0.271,0.262,0.269,222661600
2002-12-18,0.264,0.265,0.259,0.26,150701600
2002-12-19,0.259,0.266,0.252,0.254,347519200
2002-12-20,0.255,0.26,0.246,0.252,318096800
2002-12-23,0.253,0.26,0.252,0.259,125826400
2002-12-24,0.258,0.258,0.255,0.256,39340000
2002-12-26,0.257,0.264,0.255,0.257,85422400
2002-12-27,0.256,0.257,0.25,0.251,80035200
2002-12-30,0.251,0.253,0.247,0.251,155041600
2002-12-31,0.25,0.256,0.249,0.256,200726400
2003-01-02,0.256,0.266,0.256,0.264,181428800
2003-01-03,0.264,0.267,0.261,0.266,147453600
2003-01-06,0.268,0.275,0.266,0.266,390532800
2003-01-07,0.264,0.268,0.258,0.265,342344800
2003-01-08,0.26,0.263,0.258,0.26,229644800
2003-01-09,0.261,0.266,0.259,0.262,215252800
2003-01-10,0.26,0.265,0.259,0.263,175100800
2003-01-13,0.266,0.266,0.256,0.261,178942400
2003-01-14,0.262,0.265,0.259,0.261,186860800
2003-01-15,0.261,0.262,0.255,0.258,371128800
2003-01-16,0.254,0.264,0.254,0.261,559070400
2003-01-17,0.26,0.26,0.251,0.252,266761600
2003-01-21,0.254,0.257,0.25,0.25,253456000
2003-01-22,0.25,0.253,0.246,0.248,215140800
2003-01-23,0.251,0.256,0.249,0.253,228256000
2003-01-24,0.254,0.254,0.242,0.246,305468800
2003-01-27,0.244,0.259,0.244,0.252,391406400
2003-01-28,0.254,0.262,0.253,0.26,286255200
2003-01-29,0.26,0.27,0.255,0.267,373044000
2003-01-30,0.268,0.269,0.255,0.256,407058400
2003-01-31,0.253,0.26,0.251,0.256,341224800
2003-02-03,0.257,0.266,0.256,0.262,264784800
2003-02-04,0.258,0.262,0.256,0.261,317413600
2003-02-05,0.263,0.267,0.258,0.258,221614400
2003-02-06,0.256,0.261,0.254,0.258,179149600
2003-02-07,0.26,0.261,0.251,0.253,269701600
2003-02-10,0.255,0.26,0.251,0.256,167888000
2003-02-11,0.259,0.261,0.254,0.256,164780000
2003-02-12,0.255,0.261,0.255,0.257,228687200
2003-02-13,0.257,0.261,0.254,0.26,208493600
2003-02-14,0.261,0.263,0.256,0.262,243297600
2003-02-18,0.263,0.273,0.263,0.273,290897600
2003-02-19,0.269,0.271,0.262,0.265,240368800
2003-02-20,0.265,0.267,0.263,0.264,224352800
2003-02-21,0.265,0.269,0.262,0.268,157444000
2003-02-24,0.265,0.268,0.246,0.263,180252800
2003-02-25,0.262,0.269,0.26,0.268,188641600
2003-02-26,0.268,0.268,0.259,0.259,217095200
2003-02-27,0.26,0.268,0.259,0.265,154341600
2003-02-28,0.265,0.269,0.264,0.268,195098400
2003-03-03,0.268,0.271,0.26,0.262,203761600
2003-03-04,0.263,0.264,0.258,0.26,126414400
2003-03-05,0.261,0.264,0.259,0.261,126683200
2003-03-06,0.26,0.261,0.257,0.26,99859200
2003-03-07,0.258,0.263,0.256,0.259,200984000
2003-03-10,0.259,0.262,0.255,0.257,134573600
2003-03-11,0.256,0.259,0.252,0.254,161190400
2003-03-12,0.253,0.257,0.251,0.254,222560800
2003-03-13,0.258,0.264,0.253,0.263,335445600
2003-03-14,0.262,0.268,0.261,0.264,153098400
2003-03-17,0.266,0.269,0.263,0.268,399912800
2003-03-18,0.268,0.269,0.265,0.268,229980800
2003-03-19,0.269,0.271,0.264,0.267,141316000
2003-03-20,0.267,0.268,0.261,0.266,163178400
2003-03-21,0.269,0.271,0.265,0.268,297948000
2003-03-24,0.262,0.264,0.256,0.257,161100800
2003-03-25,0.257,0.265,0.257,0.26,167697600
2003-03-26,0.26,0.26,0.255,0.257,178343200
2003-03-27,0.256,0.262,0.256,0.259,122393600
2003-03-28,0.257,0.261,0.257,0.26,145303200
2003-03-31,0.256,0.259,0.251,0.252,256659200
2003-04-01,0.254,0.256,0.251,0.253,154341600
2003-04-02,0.256,0.262,0.255,0.261,171371200
2003-04-03,0.26,0.262,0.256,0.258,145712000
2003-04-04,0.259,0.262,0.257,0.257,146020000
2003-04-07,0.265,0.267,0.257,0.259,196862400
2003-04-08,0.259,0.262,0.256,0.258,128934400
2003-04-09,0.259,0.261,0.252,0.253,146725600
2003-04-10,0.254,0.257,0.254,0.257,107100000
2003-04-11,0.251,0.258,0.231,0.236,1392708800
2003-04-14,0.245,0.246,0.241,0.243,502958400
2003-04-15,0.243,0.243,0.237,0.239,303968000
2003-04-16,0.232,0.244,0.231,0.236,1016176000
2003-04-17,0.236,0.237,0.227,0.234,616257600
2003-04-21,0.234,0.236,0.232,0.235,152320000
2003-04-22,0.235,0.243,0.234,0.241,300568800
2003-04-23,0.242,0.243,0.239,0.243,209680800
2003-04-24,0.241,0.243,0.232,0.24,325108000
2003-04-25,0.24,0.243,0.236,0.238,205318400
2003-04-28,0.241,0.249,0.24,0.248,636798400
2003-04-29,0.25,0.253,0.243,0.251,458236800
2003-04-30,0.249,0.256,0.247,0.254,458175200
2003-05-01,0.254,0.257,0.25,0.256,342759200
2003-05-02,0.258,0.261,0.256,0.258,321182400
2003-05-05,0.264,0.301,0.263,0.287,1555708000
2003-05-06,0.288,0.32,0.287,0.312,1514492000
2003-05-07,0.309,0.326,0.306,0.315,1054379200
2003-05-08,0.316,0.323,0.309,0.321,687736000
2003-05-09,0.327,0.329,0.319,0.327,588386400
2003-05-12,0.324,0.335,0.324,0.331,419372800
2003-05-13,0.329,0.339,0.321,0.333,446796000
2003-05-14,0.336,0.336,0.329,0.331,355488000
2003-05-15,0.332,0.337,0.33,0.334,284995200
2003-05-16,0.332,0.339,0.326,0.336,341628000
2003-05-19,0.331,0.333,0.322,0.323,445888800
2003-05-20,0.323,0.324,0.314,0.318,416220000
2003-05-21,0.318,0.323,0.316,0.319,305009600
2003-05-22,0.319,0.329,0.317,0.326,178460800
2003-05-23,0.325,0.33,0.321,0.327,206718400
2003-05-27,0.321,0.338,0.32,0.337,290130400
2003-05-28,0.33,0.333,0.324,0.326,339679200
2003-05-29,0.327,0.33,0.32,0.323,333765600
2003-05-30,0.324,0.325,0.313,0.321,382748800
2003-06-02,0.323,0.327,0.308,0.312,418588800
2003-06-03,0.311,0.316,0.304,0.309,360858400
2003-06-04,0.309,0.318,0.306,0.314,271202400
2003-06-05,0.312,0.317,0.309,0.315,205497600
2003-06-06,0.317,0.322,0.306,0.306,241388000
2003-06-09,0.303,0.304,0.297,0.3,259952000
2003-06-10,0.302,0.309,0.299,0.307,176646400
2003-06-11,0.306,0.313,0.3,0.312,225114400
2003-06-12,0.313,0.319,0.312,0.317,252588000
2003-06-13,0.317,0.321,0.306,0.311,191245600
2003-06-16,0.314,0.326,0.312,0.326,238526400
2003-06-17,0.329,0.33,0.321,0.325,177464000
2003-06-18,0.329,0.348,0.327,0.341,454983200
2003-06-19,0.346,0.35,0.335,0.342,381528000
2003-06-20,0.346,0.35,0.338,0.343,356546400
2003-06-23,0.345,0.352,0.335,0.34,307361600
2003-06-24,0.348,0.351,0.334,0.335,514382400
2003-06-25,0.337,0.346,0.334,0.341,329812000
2003-06-26,0.334,0.345,0.334,0.344,161705600
2003-06-27,0.345,0.345,0.33,0.334,365792000
2003-06-30,0.334,0.343,0.332,0.34,222152000
2003-07-01,0.337,0.343,0.331,0.341,180992000
2003-07-02,0.34,0.346,0.34,0.344,325298400
2003-07-03,0.339,0.349,0.339,0.342,137771200
2003-07-07,0.344,0.36,0.342,0.355,286272000
2003-07-08,0.349,0.366,0.348,0.364,256737600
2003-07-09,0.361,0.365,0.355,0.355,213645600
2003-07-10,0.355,0.356,0.346,0.35,170934400
2003-07-11,0.351,0.357,0.349,0.354,136858400
2003-07-14,0.357,0.364,0.355,0.355,188406400
2003-07-15,0.357,0.361,0.347,0.35,206645600
2003-07-16,0.357,0.357,0.346,0.355,250930400
2003-07-17,0.361,0.374,0.359,0.373,751212000
2003-07-18,0.373,0.378,0.364,0.373,298838400
2003-07-21,0.369,0.371,0.363,0.368,183808800
2003-07-22,0.373,0.374,0.366,0.371,198424800
2003-07-23,0.374,0.374,0.365,0.371,143035200
2003-07-24,0.376,0.384,0.364,0.366,229236000
2003-07-25,0.364,0.385,0.364,0.385,216686400
2003-07-28,0.384,0.384,0.373,0.375,170357600
2003-07-29,0.375,0.376,0.366,0.37,197120000
2003-07-30,0.371,0.373,0.36,0.362,173594400
2003-07-31,0.37,0.381,0.367,0.376,301464800
2003-08-01,0.375,0.38,0.369,0.37,149604000
2003-08-04,0.367,0.384,0.362,0.379,230115200
2003-08-05,0.381,0.382,0.359,0.364,249440800
2003-08-06,0.358,0.36,0.348,0.351,245464800
2003-08-07,0.352,0.359,0.347,0.356,174378400
2003-08-08,0.359,0.359,0.35,0.351,137659200
2003-08-11,0.354,0.356,0.348,0.351,137228000
2003-08-12,0.353,0.354,0.347,0.352,164438400
2003-08-13,0.355,0.363,0.35,0.36,284099200
2003-08-14,0.361,0.363,0.356,0.357,192780000
2003-08-15,0.357,0.358,0.351,0.352,125865600
2003-08-18,0.355,0.364,0.352,0.363,192774400
2003-08-19,0.364,0.365,0.357,0.363,133688800
2003-08-20,0.36,0.38,0.36,0.375,273212800
2003-08-21,0.376,0.388,0.374,0.387,255326400
2003-08-22,0.389,0.393,0.369,0.373,250264000
2003-08-25,0.371,0.373,0.366,0.373,137782400
2003-08-26,0.371,0.376,0.363,0.376,164959200
2003-08-27,0.373,0.384,0.369,0.384,225702400
2003-08-28,0.381,0.397,0.381,0.396,319625600
2003-08-29,0.396,0.408,0.394,0.404,263155200
2003-09-02,0.405,0.409,0.4,0.408,242132800
2003-09-03,0.407,0.416,0.406,0.41,268828000
2003-09-04,0.414,0.415,0.407,0.408,199780000
2003-09-05,0.406,0.413,0.4,0.402,240133600
2003-09-08,0.401,0.407,0.401,0.406,167244000
2003-09-09,0.402,0.405,0.395,0.399,180370400
2003-09-10,0.397,0.404,0.395,0.396,224890400
2003-09-11,0.397,0.407,0.395,0.403,213684800
2003-09-12,0.402,0.413,0.398,0.412,179989600
2003-09-15,0.407,0.409,0.395,0.397,226844800
2003-09-16,0.397,0.405,0.396,0.399,269007200
2003-09-17,0.399,0.4,0.39,0.395,289396800
2003-09-18,0.395,0.411,0.392,0.409,252907200
2003-09-19,0.409,0.412,0.401,0.403,205956800
2003-09-22,0.396,0.402,0.391,0.394,179821600
2003-09-23,0.393,0.401,0.391,0.401,132451200
2003-09-24,0.397,0.398,0.376,0.381,301285600
2003-09-25,0.381,0.382,0.362,0.365,574380800
2003-09-26,0.363,0.387,0.36,0.369,347250400
2003-09-29,0.384,0.387,0.369,0.38,365702400
2003-09-30,0.377,0.379,0.365,0.37,285426400
2003-10-01,0.37,0.377,0.361,0.371,236112800
2003-10-02,0.371,0.371,0.362,0.367,204058400
2003-10-03,0.375,0.39,0.373,0.387,299600000
2003-10-06,0.387,0.399,0.385,0.398,268329600
2003-10-07,0.394,0.418,0.391,0.415,418174400
2003-10-08,0.415,0.42,0.406,0.412,428668800
2003-10-09,0.416,0.423,0.407,0.419,347748800
2003-10-10,0.42,0.425,0.417,0.423,174837600
2003-10-13,0.424,0.436,0.424,0.435,279865600
2003-10-14,0.434,0.442,0.432,0.438,275419200
2003-10-15,0.444,0.447,0.439,0.443,610103200
2003-10-16,0.425,0.426,0.4,0.415,975682400
2003-10-17,0.417,0.419,0.401,0.406,359811200
2003-10-20,0.404,0.417,0.4,0.415,279132000
2003-10-21,0.416,0.418,0.406,0.414,176461600
2003-10-22,0.41,0.414,0.405,0.406,161599200
2003-10-23,0.406,0.413,0.403,0.411,165211200
2003-10-24,0.403,0.408,0.397,0.404,219856000
2003-10-27,0.406,0.409,0.402,0.404,162013600
2003-10-28,0.403,0.424,0.4,0.424,251714400
2003-10-29,0.42,0.427,0.417,0.423,267080800
2003-10-30,0.428,0.429,0.408,0.412,260556800
2003-10-31,0.416,0.417,0.407,0.409,218153600
2003-11-03,0.408,0.416,0.407,0.413,302842400
2003-11-04,0.412,0.412,0.403,0.409,249233600
2003-11-05,0.407,0.413,0.401,0.411,322470400
2003-11-06,0.409,0.413,0.404,0.413,397073600
2003-11-07,0.414,0.415,0.401,0.402,210145600
2003-11-10,0.401,0.404,0.39,0.391,234276000
2003-11-11,0.391,0.393,0.384,0.385,215073600
2003-11-12,0.384,0.406,0.384,0.399,300003200
2003-11-13,0.394,0.403,0.391,0.4,212772000
2003-11-14,0.401,0.404,0.38,0.383,237048000
2003-11-17,0.381,0.382,0.374,0.377,228256000
2003-11-18,0.379,0.381,0.363,0.364,267192800
2003-11-19,0.367,0.369,0.362,0.365,344584800
2003-11-20,0.359,0.376,0.359,0.364,239590400
2003-11-21,0.363,0.368,0.354,0.362,241836000
2003-11-24,0.366,0.38,0.365,0.378,381824800
2003-11-25,0.379,0.379,0.368,0.369,268654400
2003-11-26,0.373,0.378,0.362,0.37,245128800
2003-11-28,0.371,0.376,0.366,0.373,76098400
2003-12-01,0.376,0.39,0.375,0.388,361536000
2003-12-02,0.386,0.391,0.382,0.385,205296000
2003-12-03,0.385,0.39,0.374,0.376,191296000
2003-12-04,0.374,0.378,0.371,0.378,177940000
2003-12-05,0.373,0.378,0.37,0.372,186177600
2003-12-08,0.371,0.376,0.364,0.376,148237600
2003-12-09,0.378,0.379,0.364,0.365,135144800
2003-12-10,0.365,0.368,0.356,0.364,271336800
2003-12-11,0.362,0.381,0.361,0.379,183136800
2003-12-12,0.381,0.381,0.37,0.373,192673600
2003-12-15,0.384,0.384,0.358,0.36,388908800
2003-12-16,0.361,0.366,0.357,0.359,373956800
2003-12-17,0.359,0.359,0.353,0.355,274260000
2003-12-18,0.355,0.36,0.355,0.358,330915200
2003-12-19,0.361,0.365,0.35,0.352,453560800
2003-12-22,0.351,0.355,0.344,0.354,377064800
2003-12-23,0.356,0.356,0.35,0.354,308498400
2003-12-24,0.352,0.368,0.351,0.364,177475200
2003-12-26,0.363,0.373,0.363,0.371,103695200
2003-12-29,0.373,0.378,0.373,0.378,233458400
2003-12-30,0.378,0.384,0.378,0.38,204853600
2003-12-31,0.381,0.384,0.378,0.382,174451200
2004-01-02,0.385,0.388,0.378,0.38,144642400
2004-01-05,0.382,0.4,0.382,0.396,395018400
2004-01-06,0.397,0.4,0.388,0.394,509348000
2004-01-07,0.395,0.408,0.392,0.403,586874400
2004-01-08,0.408,0.424,0.404,0.417,460303200
2004-01-09,0.415,0.431,0.407,0.411,427459200
2004-01-12,0.415,0.429,0.412,0.424,487547200
2004-01-13,0.441,0.444,0.426,0.431,679016800
2004-01-14,0.436,0.438,0.425,0.432,620043200
2004-01-15,0.409,0.418,0.402,0.408,1018208800
2004-01-16,0.409,0.411,0.404,0.406,372820000
2004-01-20,0.405,0.407,0.397,0.406,315946400
2004-01-21,0.405,0.41,0.401,0.404,226660000
2004-01-22,0.403,0.408,0.396,0.396,205004800
2004-01-23,0.4,0.406,0.397,0.403,227169600
2004-01-26,0.401,0.412,0.401,0.411,271269600
2004-01-27,0.411,0.415,0.407,0.412,307070400
2004-01-28,0.408,0.417,0.4,0.402,275402400
2004-01-29,0.404,0.407,0.396,0.405,212699200
2004-01-30,0.404,0.408,0.4,0.403,185298400
2004-02-02,0.401,0.407,0.394,0.399,287431200
2004-02-03,0.398,0.4,0.393,0.398,180812800
2004-02-04,0.393,0.394,0.387,0.389,305552800
2004-02-05,0.39,0.409,0.389,0.4,352844800
2004-02-06,0.401,0.409,0.4,0.406,193340000
2004-02-09,0.404,0.408,0.402,0.405,188260800
2004-02-10,0.404,0.413,0.401,0.41,255343200
2004-02-11,0.412,0.426,0.412,0.425,348544000
2004-02-12,0.422,0.428,0.421,0.424,183988000
2004-02-13,0.426,0.43,0.408,0.411,315980000
2004-02-17,0.412,0.419,0.412,0.414,170956800
2004-02-18,0.414,0.419,0.412,0.415,141635200
2004-02-19,0.417,0.422,0.4,0.401,323080800
2004-02-20,0.402,0.402,0.397,0.4,277603200
2004-02-23,0.399,0.401,0.391,0.396,194079200
2004-02-24,0.395,0.406,0.393,0.399,259056000
2004-02-25,0.398,0.409,0.397,0.407,276276000
2004-02-26,0.409,0.414,0.407,0.411,198408000
2004-02-27,0.41,0.429,0.41,0.427,468837600
2004-03-01,0.43,0.434,0.426,0.429,321680800
2004-03-02,0.429,0.43,0.424,0.425,256687200
2004-03-03,0.421,0.432,0.421,0.427,225131200
2004-03-04,0.427,0.45,0.427,0.449,660223200
2004-03-05,0.446,0.491,0.445,0.477,1540599200
2004-03-08,0.475,0.478,0.461,0.464,522872000
2004-03-09,0.463,0.486,0.46,0.484,618363200
2004-03-10,0.483,0.502,0.481,0.494,1006964000
2004-03-11,0.487,0.501,0.484,0.485,595851200
2004-03-12,0.488,0.496,0.485,0.492,329224000
2004-03-15,0.483,0.488,0.469,0.472,481717600
2004-03-16,0.474,0.475,0.453,0.461,605432800
2004-03-17,0.464,0.471,0.46,0.468,411432000
2004-03-18,0.463,0.465,0.457,0.458,321081600
2004-03-19,0.456,0.481,0.456,0.462,408576000
2004-03-22,0.453,0.467,0.451,0.462,419031200
2004-03-23,0.462,0.464,0.45,0.452,385515200
2004-03-24,0.451,0.46,0.451,0.455,428215200
2004-03-25,0.467,0.481,0.462,0.48,566445600
2004-03-26,0.482,0.489,0.481,0.483,419893600
2004-03-29,0.489,0.5,0.486,0.498,350728000
2004-03-30,0.495,0.499,0.488,0.499,359676800
2004-03-31,0.499,0.5,0.481,0.483,390773600
2004-04-01,0.48,0.487,0.475,0.484,318332000
2004-04-02,0.496,0.499,0.486,0.491,274478400
2004-04-05,0.491,0.507,0.49,0.506,385672000
2004-04-06,0.495,0.503,0.49,0.497,257992000
2004-04-07,0.493,0.495,0.481,0.488,255119200
2004-04-08,0.498,0.5,0.486,0.492,240917600
2004-04-12,0.491,0.502,0.491,0.501,230540800
2004-04-13,0.5,0.501,0.479,0.481,436396800
2004-04-14,0.477,0.483,0.47,0.476,639732800
2004-04-15,0.515,0.528,0.503,0.523,1761446400
2004-04-16,0.521,0.523,0.509,0.521,402931200
2004-04-19,0.502,0.513,0.497,0.506,712353600
2004-04-20,0.504,0.507,0.492,0.495,354519200
2004-04-21,0.493,0.502,0.489,0.495,325875200
2004-04-22,0.492,0.503,0.484,0.496,344584800
2004-04-23,0.495,0.5,0.483,0.495,315828800
2004-04-26,0.493,0.494,0.482,0.484,231128800
2004-04-27,0.486,0.49,0.477,0.481,283864000
2004-04-28,0.479,0.482,0.47,0.472,231168000
2004-04-29,0.472,0.482,0.464,0.478,460790400
2004-04-30,0.477,0.481,0.455,0.46,466502400
2004-05-03,0.464,0.47,0.46,0.466,297634400
2004-05-04,0.464,0.474,0.455,0.467,279983200
2004-05-05,0.468,0.478,0.464,0.476,238106400
2004-05-06,0.471,0.478,0.463,0.475,263558400
2004-05-07,0.474,0.492,0.474,0.476,419036800
2004-05-10,0.469,0.475,0.463,0.469,249978400
2004-05-11,0.471,0.486,0.471,0.485,305172000
2004-05-12,0.478,0.488,0.469,0.488,245420000
2004-05-13,0.484,0.495,0.48,0.486,229852000
2004-05-14,0.487,0.488,0.472,0.483,257801600
2004-05-17,0.477,0.483,0.471,0.476,300445600
2004-05-18,0.482,0.487,0.479,0.483,206063200
2004-05-19,0.489,0.491,0.472,0.473,375592000
2004-05-20,0.476,0.482,0.473,0.477,196296800
2004-05-21,0.48,0.486,0.477,0.484,179894400
2004-05-24,0.487,0.498,0.484,0.488,235603200
2004-05-25,0.491,0.509,0.487,0.507,319978400
2004-05-26,0.506,0.514,0.5,0.509,322168000
2004-05-27,0.508,0.511,0.497,0.503,235972800
2004-05-28,0.501,0.505,0.496,0.501,145717600
2004-06-01,0.496,0.504,0.493,0.501,182134400
2004-06-02,0.501,0.521,0.496,0.516,318712800
2004-06-03,0.513,0.518,0.505,0.507,250930400
2004-06-04,0.51,0.522,0.509,0.514,399112000
2004-06-07,0.519,0.535,0.514,0.532,295876000
2004-06-08,0.536,0.544,0.533,0.542,415620800
2004-06-09,0.537,0.548,0.536,0.539,349204800
2004-06-10,0.539,0.553,0.539,0.549,257577600
2004-06-14,0.547,0.548,0.527,0.538,243986400
2004-06-15,0.545,0.556,0.54,0.548,444634400
2004-06-16,0.548,0.595,0.545,0.585,909641600
2004-06-17,0.581,0.592,0.575,0.586,551320000
2004-06-18,0.583,0.597,0.579,0.588,406252000
2004-06-21,0.591,0.598,0.574,0.577,390213600
2004-06-22,0.577,0.591,0.577,0.589,360511200
2004-06-23,0.589,0.604,0.587,0.602,390868800
2004-06-24,0.598,0.602,0.589,0.592,252515200
2004-06-25,0.591,0.602,0.589,0.602,323428000
2004-06-28,0.61,0.611,0.575,0.58,521096800
2004-06-29,0.573,0.589,0.561,0.58,590553600
2004-06-30,0.581,0.589,0.569,0.581,373044000
2004-07-01,0.573,0.58,0.57,0.577,341941600
2004-07-02,0.544,0.557,0.531,0.555,910683200
2004-07-06,0.558,0.561,0.55,0.553,348980800
2004-07-07,0.551,0.56,0.538,0.543,397992000
2004-07-08,0.538,0.548,0.535,0.538,233380000
2004-07-09,0.541,0.545,0.536,0.536,208863200
2004-07-12,0.536,0.536,0.517,0.52,511621600
2004-07-13,0.522,0.529,0.518,0.522,316176000
2004-07-14,0.515,0.535,0.513,0.528,835800000
2004-07-15,0.583,0.601,0.573,0.588,1767724000
2004-07-16,0.586,0.588,0.574,0.575,488381600
2004-07-19,0.572,0.575,0.565,0.571,533170400
2004-07-20,0.571,0.575,0.563,0.575,323747200
2004-07-21,0.579,0.584,0.56,0.565,301257600
2004-07-22,0.558,0.567,0.555,0.566,334118400
2004-07-23,0.563,0.567,0.544,0.548,273571200
2004-07-26,0.551,0.562,0.55,0.558,393932000
2004-07-27,0.568,0.585,0.564,0.579,425006400
2004-07-28,0.577,0.579,0.556,0.576,285051200
2004-07-29,0.58,0.586,0.574,0.583,222157600
2004-07-30,0.583,0.589,0.571,0.577,243023200
2004-08-02,0.557,0.575,0.556,0.564,365092000
2004-08-03,0.562,0.566,0.556,0.559,211629600
2004-08-04,0.557,0.574,0.557,0.568,276488800
2004-08-05,0.568,0.577,0.558,0.561,244501600
2004-08-06,0.552,0.555,0.53,0.532,492290400
2004-08-09,0.533,0.544,0.532,0.541,290847200
2004-08-10,0.543,0.563,0.542,0.563,351036000
2004-08-11,0.555,0.556,0.54,0.554,322392000
2004-08-12,0.544,0.551,0.541,0.542,226200800
2004-08-13,0.546,0.559,0.543,0.551,328048000
2004-08-16,0.554,0.566,0.547,0.55,435674400
2004-08-17,0.546,0.556,0.542,0.551,323019200
2004-08-18,0.545,0.569,0.544,0.567,364655200
2004-08-19,0.563,0.569,0.542,0.548,388920000
2004-08-20,0.548,0.553,0.544,0.55,316780800
2004-08-23,0.551,0.558,0.546,0.555,254660000
2004-08-24,0.558,0.571,0.557,0.571,374136000
2004-08-25,0.569,0.592,0.567,0.59,505618400
2004-08-26,0.59,0.628,0.585,0.619,955858400
2004-08-27,0.619,0.621,0.607,0.613,388813600
2004-08-30,0.607,0.62,0.606,0.609,218142400
2004-08-31,0.608,0.624,0.607,0.616,376560800
2004-09-01,0.613,0.643,0.611,0.64,515726400
2004-09-02,0.634,0.639,0.622,0.637,406324800
2004-09-03,0.625,0.641,0.625,0.629,293468000
2004-09-07,0.632,0.646,0.629,0.639,301957600
2004-09-08,0.637,0.653,0.637,0.649,343526400
2004-09-09,0.645,0.648,0.63,0.637,461339200
2004-09-10,0.637,0.647,0.633,0.641,328014400
2004-09-13,0.641,0.644,0.631,0.636,281976800
2004-09-14,0.629,0.635,0.621,0.634,254822400
2004-09-15,0.631,0.634,0.621,0.629,232668800
2004-09-16,0.629,0.656,0.626,0.649,501916800
2004-09-17,0.653,0.668,0.65,0.663,502308800
2004-09-20,0.659,0.678,0.658,0.673,245000000
2004-09-21,0.674,0.694,0.669,0.679,386652000
2004-09-22,0.68,0.681,0.657,0.659,401688000
2004-09-23,0.661,0.67,0.659,0.666,397404000
2004-09-24,0.669,0.679,0.663,0.666,369488000
2004-09-27,0.66,0.678,0.658,0.67,397516000
2004-09-28,0.669,0.684,0.669,0.679,353186400
2004-09-29,0.677,0.694,0.675,0.691,273509600
2004-09-30,0.696,0.701,0.687,0.692,425012000
2004-10-01,0.699,0.7,0.689,0.691,465404800
2004-10-04,0.7,0.7,0.692,0.693,574084000
2004-10-05,0.689,0.708,0.686,0.703,406162400
2004-10-06,0.705,0.728,0.705,0.726,446303200
2004-10-07,0.724,0.731,0.705,0.707,426148800
2004-10-08,0.706,0.71,0.694,0.697,359228800
2004-10-11,0.693,0.697,0.682,0.689,323870400
2004-10-12,0.688,0.689,0.672,0.684,460191200
2004-10-13,0.694,0.71,0.692,0.71,1163008000
2004-10-14,0.771,0.817,0.76,0.803,2768427200
2004-10-15,0.801,0.814,0.789,0.812,1031128000
2004-10-18,0.798,0.853,0.798,0.853,1200752000
2004-10-19,0.859,0.863,0.845,0.847,801992800
2004-10-20,0.842,0.85,0.833,0.848,605108000
2004-10-21,0.848,0.859,0.846,0.856,724505600
2004-10-22,0.849,0.851,0.84,0.847,483067200
2004-10-25,0.843,0.854,0.841,0.849,392644000
2004-10-26,0.847,0.858,0.839,0.857,594361600
2004-10-27,0.866,0.904,0.86,0.898,1193494400
2004-10-28,0.892,0.933,0.884,0.932,864264800
2004-10-29,0.926,0.95,0.925,0.936,810219200
2004-11-01,0.938,0.951,0.929,0.937,602050400
2004-11-02,0.936,0.966,0.936,0.955,729988000
2004-11-03,0.971,1.002,0.964,0.988,1204173600
2004-11-04,0.983,0.992,0.971,0.972,928625600
2004-11-05,0.98,0.982,0.929,0.977,1205047200
2004-11-08,0.969,0.99,0.962,0.971,526920800
2004-11-09,0.968,0.974,0.953,0.965,475764800
2004-11-10,0.963,0.989,0.963,0.978,508676000
2004-11-11,0.981,0.99,0.968,0.988,407299200
2004-11-12,0.982,0.994,0.979,0.991,395701600
2004-11-15,0.986,0.99,0.97,0.986,376045600
2004-11-16,0.985,0.986,0.973,0.981,295103200
2004-11-17,0.986,0.99,0.968,0.98,397751200
2004-11-18,0.97,0.99,0.969,0.989,459149600
2004-11-19,0.991,1.016,0.973,0.985,765279200
2004-11-22,1.104,1.143,1.034,1.096,2568210400
2004-11-23,1.112,1.115,1.09,1.094,911450400
2004-11-24,1.102,1.164,1.099,1.144,1390788000
2004-11-26,1.167,1.174,1.149,1.153,550144000
2004-11-29,1.231,1.242,1.204,1.222,1712916800
2004-11-30,1.228,1.228,1.197,1.197,1028518400
2004-12-01,1.211,1.213,1.183,1.211,800553600
2004-12-02,1.181,1.195,1.155,1.164,987442400
2004-12-03,1.152,1.161,1.103,1.119,1238848800
2004-12-06,1.147,1.183,1.124,1.175,1247920800
2004-12-07,1.177,1.192,1.117,1.123,1056899200
2004-12-08,1.126,1.151,1.108,1.13,691902400
2004-12-09,1.122,1.15,1.108,1.143,741501600
2004-12-10,1.161,1.179,1.155,1.163,775773600
2004-12-13,1.172,1.177,1.154,1.159,395040800
2004-12-14,1.168,1.176,1.161,1.166,415721600
2004-12-15,1.165,1.169,1.155,1.165,398361600
2004-12-16,1.181,1.205,1.179,1.189,1126115200
2004-12-17,1.194,1.197,1.159,1.161,783496000
2004-12-20,1.169,1.179,1.103,1.12,1168126400
2004-12-21,1.135,1.139,1.1,1.137,1064414400
2004-12-22,1.137,1.149,1.132,1.138,565829600
2004-12-23,1.138,1.147,1.136,1.143,245929600
2004-12-27,1.157,1.163,1.123,1.128,559490400
2004-12-28,1.13,1.147,1.108,1.146,611755200
2004-12-29,1.139,1.16,1.135,1.151,449562400
2004-12-30,1.157,1.161,1.147,1.157,345340800
2004-12-31,1.159,1.161,1.143,1.15,278588800
2005-01-03,1.157,1.163,1.118,1.13,691992000
2005-01-04,1.139,1.169,1.124,1.142,1096810400
2005-01-05,1.151,1.165,1.144,1.152,680433600
2005-01-06,1.155,1.159,1.131,1.153,705555200
2005-01-07,1.161,1.243,1.156,1.237,2227450400
2005-01-10,1.247,1.263,1.212,1.231,1725309600
2005-01-11,1.219,1.235,1.145,1.153,2611627200
2005-01-12,1.169,1.177,1.13,1.169,1919702400
2005-01-13,1.316,1.329,1.245,1.246,3164716800
2005-01-14,1.254,1.281,1.236,1.254,1770742400
2005-01-18,1.247,1.263,1.21,1.262,1006460000
2005-01-19,1.259,1.276,1.246,1.248,751895200
2005-01-20,1.244,1.273,1.241,1.258,914922400
2005-01-21,1.273,1.279,1.25,1.259,911332800
2005-01-24,1.268,1.282,1.26,1.264,841629600
2005-01-25,1.274,1.301,1.267,1.287,969231200
2005-01-26,1.298,1.299,1.272,1.29,739496800
2005-01-27,1.289,1.302,1.278,1.297,496227200
2005-01-28,1.297,1.321,1.294,1.321,801612000
2005-01-31,1.332,1.391,1.331,1.373,1681097600
2005-02-01,1.376,1.389,1.367,1.384,678395200
2005-02-02,1.392,1.427,1.387,1.422,1020062400
2005-02-03,1.413,1.418,1.381,1.389,731651200
2005-02-04,1.391,1.409,1.384,1.408,563556000
2005-02-07,1.409,1.417,1.384,1.41,524456800
2005-02-08,1.412,1.453,1.407,1.445,890019200
2005-02-09,1.447,1.464,1.395,1.406,1191456000
2005-02-10,1.406,1.416,1.369,1.399,1093019200
2005-02-11,1.426,1.46,1.41,1.45,1201054400
2005-02-14,1.477,1.514,1.465,1.511,1271463200
2005-02-15,1.548,1.591,1.536,1.579,2312217600
2005-02-16,1.574,1.611,1.56,1.609,1639243200
2005-02-17,1.619,1.623,1.562,1.568,1518473600
2005-02-18,1.567,1.569,1.54,1.55,1163254400
2005-02-22,1.541,1.577,1.523,1.523,1219293600
2005-02-23,1.549,1.579,1.528,1.576,1345181600
2005-02-24,1.58,1.595,1.567,1.588,1519028000
2005-02-25,1.6,1.606,1.575,1.589,915510400
2005-02-28,1.596,1.612,1.57,1.602,651610400
2005-03-01,1.607,1.611,1.577,1.589,468188000
2005-03-02,1.58,1.603,1.574,1.576,458161200
2005-03-03,1.585,1.586,1.472,1.492,1411653600
2005-03-04,1.527,1.536,1.495,1.529,756618800
2005-03-07,1.529,1.545,1.513,1.527,450632000
2005-03-08,1.496,1.506,1.432,1.447,1021451200
2005-03-09,1.416,1.439,1.387,1.405,1322465200
2005-03-10,1.412,1.438,1.396,1.423,777109200
2005-03-11,1.436,1.45,1.421,1.438,632830800
2005-03-14,1.447,1.457,1.411,1.44,605385200
2005-03-15,1.451,1.469,1.438,1.463,508608800
2005-03-16,1.472,1.511,1.456,1.471,697813200
2005-03-17,1.483,1.531,1.476,1.509,801920000
2005-03-18,1.548,1.551,1.518,1.534,940150400
2005-03-21,1.546,1.57,1.531,1.561,541128000
2005-03-22,1.561,1.57,1.524,1.53,551415200
2005-03-23,1.516,1.55,1.501,1.52,609823200
2005-03-24,1.533,1.536,1.518,1.518,352704800
2005-03-28,1.527,1.534,1.517,1.519,275410800
2005-03-29,1.52,1.53,1.482,1.491,461356000
2005-03-30,1.503,1.529,1.494,1.529,394959600
2005-03-31,1.516,1.519,1.485,1.488,636134800
2005-04-01,1.503,1.506,1.449,1.46,641284000
2005-04-04,1.464,1.475,1.434,1.467,580014400
2005-04-05,1.472,1.509,1.467,1.496,556239600
2005-04-06,1.514,1.529,1.505,1.512,414825600
2005-04-07,1.512,1.562,1.509,1.556,506987600
2005-04-08,1.561,1.587,1.555,1.562,649950000
2005-04-11,1.577,1.58,1.497,1.497,821662800
2005-04-12,1.518,1.543,1.5,1.524,981061200
2005-04-13,1.534,1.535,1.442,1.466,1371946800
2005-04-14,1.386,1.413,1.316,1.331,2753192400
2005-04-15,1.308,1.33,1.26,1.263,1728087200
2005-04-18,1.25,1.296,1.214,1.272,1327177600
2005-04-19,1.307,1.337,1.281,1.325,1081642800
2005-04-20,1.345,1.348,1.266,1.268,945131600
2005-04-21,1.3,1.329,1.282,1.328,759592400
2005-04-22,1.316,1.321,1.246,1.268,839129200
2005-04-25,1.303,1.322,1.29,1.321,746460400
2005-04-26,1.314,1.34,1.29,1.293,810507600
2005-04-27,1.282,1.299,1.268,1.284,613888800
2005-04-28,1.296,1.298,1.259,1.269,575106000
2005-04-29,1.291,1.294,1.258,1.288,671630400
2005-05-02,1.293,1.309,1.286,1.301,465920000
2005-05-03,1.3,1.312,1.287,1.293,496739600
2005-05-04,1.29,1.329,1.289,1.327,448176400
2005-05-05,1.33,1.331,1.303,1.31,387366000
2005-05-06,1.317,1.333,1.314,1.33,326247600
2005-05-09,1.331,1.337,1.312,1.32,355695200
2005-05-10,1.312,1.33,1.298,1.301,440263600
2005-05-11,1.257,1.274,1.183,1.272,2041981200
2005-05-12,1.265,1.271,1.214,1.219,970242000
2005-05-13,1.221,1.258,1.217,1.242,702713200
2005-05-16,1.234,1.275,1.233,1.27,474294800
2005-05-17,1.255,1.266,1.234,1.263,588344400
2005-05-18,1.266,1.341,1.25,1.28,636722800
2005-05-19,1.278,1.346,1.278,1.341,793161600
2005-05-20,1.33,1.345,1.328,1.341,452650800
2005-05-23,1.352,1.425,1.352,1.42,1042574400
2005-05-24,1.409,1.428,1.394,1.418,593460000
2005-05-25,1.411,1.427,1.404,1.421,396006800
2005-05-26,1.426,1.462,1.426,1.455,525520800
2005-05-27,1.451,1.457,1.429,1.449,316008000
2005-05-31,1.452,1.455,1.414,1.42,404205200
2005-06-01,1.425,1.456,1.424,1.439,453812800
2005-06-02,1.43,1.44,1.414,1.43,373973600
2005-06-03,1.363,1.378,1.349,1.366,956869200
2005-06-06,1.369,1.38,1.341,1.354,811966400
2005-06-07,1.343,1.347,1.302,1.305,745264800
2005-06-08,1.308,1.33,1.306,1.319,404006400
2005-06-09,1.321,1.355,1.315,1.345,390255600
2005-06-10,1.336,1.336,1.269,1.279,678932800
2005-06-13,1.282,1.308,1.279,1.282,435772400
2005-06-14,1.283,1.291,1.277,1.286,347846800
2005-06-15,1.317,1.332,1.296,1.326,563343200
2005-06-16,1.328,1.36,1.315,1.356,547674400
2005-06-17,1.374,1.376,1.351,1.368,596125600
2005-06-20,1.352,1.36,1.337,1.343,323716400
2005-06-21,1.347,1.364,1.335,1.352,370526800
2005-06-22,1.366,1.379,1.362,1.377,424925200
2005-06-23,1.387,1.421,1.38,1.389,674254000
2005-06-24,1.396,1.397,1.346,1.349,410709600
2005-06-27,1.316,1.361,1.31,1.325,600171600
2005-06-28,1.339,1.342,1.327,1.332,350299600
2005-06-29,1.33,1.332,1.29,1.299,448358400
2005-06-30,1.308,1.327,1.297,1.315,418390000
2005-07-01,1.315,1.32,1.296,1.304,250000800
2005-07-05,1.305,1.362,1.304,1.356,454269200
2005-07-06,1.347,1.363,1.329,1.335,394626400
2005-07-07,1.315,1.349,1.314,1.344,383723200
2005-07-08,1.352,1.367,1.338,1.366,290735200
2005-07-11,1.37,1.38,1.349,1.361,388788400
2005-07-12,1.365,1.371,1.354,1.366,387038400
2005-07-13,1.367,1.375,1.354,1.37,684835200
2005-07-14,1.457,1.5,1.437,1.455,2096060400
2005-07-15,1.463,1.485,1.445,1.484,687682800
2005-07-18,1.479,1.504,1.477,1.482,586297600
2005-07-19,1.483,1.544,1.467,1.543,671062000
2005-07-20,1.531,1.564,1.523,1.558,453395600
2005-07-21,1.561,1.573,1.532,1.546,404264000
2005-07-22,1.551,1.571,1.55,1.571,301106400
2005-07-25,1.571,1.581,1.562,1.565,294627200
2005-07-26,1.572,1.575,1.549,1.558,268592800
2005-07-27,1.565,1.574,1.524,1.571,283749200
2005-07-28,1.566,1.571,1.546,1.564,251311200
2005-07-29,1.556,1.585,1.509,1.523,562080400
2005-08-01,1.52,1.539,1.503,1.527,314249600
2005-08-02,1.532,1.554,1.522,1.543,296875600
2005-08-03,1.543,1.547,1.528,1.544,258322400
2005-08-04,1.532,1.536,1.51,1.525,269304000
2005-08-05,1.518,1.549,1.501,1.535,241931200
2005-08-08,1.536,1.545,1.522,1.523,176383200
2005-08-09,1.533,1.567,1.533,1.565,380839200
2005-08-10,1.571,1.585,1.547,1.549,360945200
2005-08-11,1.55,1.576,1.545,1.571,271983600
2005-08-12,1.552,1.651,1.549,1.646,916036800
2005-08-15,1.66,1.726,1.659,1.703,1086727600
2005-08-16,1.692,1.696,1.65,1.652,537622400
2005-08-17,1.657,1.694,1.656,1.684,499724400
2005-08-18,1.675,1.679,1.634,1.654,442559600
2005-08-19,1.653,1.668,1.635,1.637,376569200
2005-08-22,1.648,1.67,1.616,1.638,387732800
2005-08-23,1.638,1.646,1.619,1.634,295604400
2005-08-24,1.629,1.683,1.628,1.635,572070800
2005-08-25,1.647,1.66,1.636,1.645,276253600
2005-08-26,1.647,1.655,1.62,1.634,261058000
2005-08-29,1.617,1.644,1.616,1.637,256295200
2005-08-30,1.643,1.671,1.64,1.663,518761600
2005-08-31,1.674,1.68,1.653,1.675,402956400
2005-09-01,1.679,1.685,1.646,1.652,356367200
2005-09-02,1.654,1.671,1.647,1.651,222378800
2005-09-06,1.668,1.746,1.663,1.743,818619200
2005-09-07,1.752,1.764,1.711,1.739,963074000
2005-09-08,1.763,1.79,1.755,1.778,702640400
2005-09-09,1.788,1.834,1.778,1.832,615641600
2005-09-12,1.825,1.844,1.806,1.836,452796400
2005-09-13,1.822,1.832,1.797,1.815,492884000
2005-09-14,1.824,1.828,1.766,1.772,474426400
2005-09-15,1.786,1.792,1.762,1.781,415156000
2005-09-16,1.794,1.829,1.784,1.829,591004400
2005-09-19,1.823,1.889,1.823,1.88,783731200
2005-09-20,1.893,1.922,1.89,1.9,819828800
2005-09-21,1.891,1.895,1.852,1.861,434747600
2005-09-22,1.853,1.874,1.833,1.854,463727600
2005-09-23,1.861,1.911,1.851,1.9,558457200
2005-09-26,1.93,1.949,1.904,1.923,546562800
2005-09-27,1.926,1.937,1.908,1.909,341703600
2005-09-28,1.895,1.897,1.807,1.824,1125544000
2005-09-29,1.83,1.878,1.815,1.869,636846000
2005-09-30,1.869,1.916,1.853,1.915,531633200
2005-10-03,1.934,1.948,1.917,1.944,507553200
2005-10-04,1.962,1.977,1.916,1.92,539459200
2005-10-05,1.94,1.941,1.884,1.885,610769600
2005-10-06,1.9,1.91,1.817,1.846,757537200
2005-10-07,1.847,1.855,1.805,1.832,677882800
2005-10-10,1.849,1.854,1.796,1.799,507505600
2005-10-11,1.83,1.852,1.8,1.842,1225884800
2005-10-12,1.737,1.796,1.71,1.759,2697486400
2005-10-13,1.766,1.927,1.76,1.919,1865575600
2005-10-14,1.93,1.941,1.885,1.929,1035552000
2005-10-17,1.928,1.937,1.881,1.909,616834400
2005-10-18,1.902,1.927,1.864,1.865,609588000
2005-10-19,1.86,1.963,1.829,1.962,1008683200
2005-10-20,1.945,2.018,1.941,2.005,1357762000
2005-10-21,2.03,2.035,1.977,1.988,796726000
2005-10-24,1.973,2.028,1.967,2.028,609753200
2005-10-25,2.014,2.03,1.989,2.004,465127600
2005-10-26,2.01,2.056,1.997,2.037,631593200
2005-10-27,2.035,2.036,1.979,1.979,411541200
2005-10-28,2.001,2.015,1.935,1.945,769787200
2005-10-31,1.971,2.071,1.955,2.057,940844800
2005-11-01,2.044,2.076,2.031,2.054,749686000
2005-11-02,2.061,2.143,2.057,2.141,857060400
2005-11-03,2.152,2.226,2.145,2.209,884382800
2005-11-04,2.155,2.187,2.129,2.184,878035200
2005-11-07,2.173,2.203,2.148,2.151,638831200
2005-11-08,2.141,2.156,2.111,2.139,473765600
2005-11-09,2.143,2.186,2.143,2.147,552930000
2005-11-10,2.166,2.186,2.108,2.185,665344400
2005-11-11,2.198,2.218,2.191,2.198,425448800
2005-11-14,2.198,2.214,2.175,2.195,369933200
2005-11-15,2.2,2.253,2.195,2.224,536841200
2005-11-16,2.255,2.324,2.253,2.32,784515200
2005-11-17,2.342,2.353,2.295,2.304,676205600
2005-11-18,2.332,2.337,2.299,2.306,524960800
2005-11-21,2.315,2.328,2.276,2.32,511711200
2005-11-22,2.316,2.384,2.304,2.376,540282400
2005-11-23,2.389,2.428,2.382,2.397,485853200
2005-11-25,2.416,2.484,2.411,2.476,395012800
2005-11-28,2.526,2.538,2.467,2.488,1018519600
2005-11-29,2.5,2.511,2.405,2.432,891433200
2005-11-30,2.444,2.459,2.411,2.422,595674800
2005-12-01,2.463,2.562,2.457,2.557,812893200
2005-12-02,2.581,2.598,2.525,2.594,895762000
2005-12-05,2.57,2.59,2.553,2.565,583671200
2005-12-06,2.64,2.672,2.62,2.645,857029600
2005-12-07,2.651,2.659,2.611,2.641,679464800
2005-12-08,2.614,2.649,2.593,2.646,790479200
2005-12-09,2.65,2.664,2.62,2.655,555402400
2005-12-12,2.674,2.691,2.663,2.675,524994400
2005-12-13,2.673,2.695,2.65,2.678,493816400
2005-12-14,2.59,2.618,2.51,2.572,1450716400
2005-12-15,2.596,2.602,2.548,2.578,561162000
2005-12-16,2.576,2.582,2.538,2.54,671171200
2005-12-19,2.54,2.593,2.537,2.549,529295200
2005-12-20,2.558,2.585,2.54,2.575,479108000
2005-12-21,2.593,2.629,2.591,2.625,475736800
2005-12-22,2.64,2.66,2.629,2.644,370610800
2005-12-23,2.649,2.652,2.618,2.62,229857600
2005-12-27,2.643,2.685,2.641,2.651,590590000
2005-12-28,2.66,2.67,2.619,2.628,398115200
2005-12-29,2.635,2.636,2.551,2.552,490025200
2005-12-30,2.533,2.587,2.512,2.568,624262800
2006-01-03,2.585,2.67,2.58,2.67,807234400
2006-01-04,2.683,2.714,2.661,2.678,619603600
2006-01-05,2.672,2.675,2.634,2.656,449422400
2006-01-06,2.688,2.739,2.662,2.725,704457600
2006-01-09,2.74,2.757,2.705,2.716,675040800
2006-01-10,2.723,2.925,2.708,2.888,2279869200
2006-01-11,2.994,3.029,2.95,2.996,1493794400
2006-01-12,3.035,3.086,2.986,3.01,1280809600
2006-01-13,3.035,3.072,3.021,3.057,776305600
2006-01-17,3.061,3.085,2.995,3.025,835623600
2006-01-18,2.967,3.002,2.923,2.946,1200637200
2006-01-19,2.902,2.916,2.812,2.823,1695848000
2006-01-20,2.831,2.859,2.708,2.717,1134758800
2006-01-23,2.718,2.841,2.714,2.774,1059730000
2006-01-24,2.813,2.836,2.706,2.716,1142254400
2006-01-25,2.764,2.768,2.616,2.65,1275786400
2006-01-26,2.662,2.694,2.569,2.583,1181387200
2006-01-27,2.605,2.629,2.539,2.572,953864800
2006-01-30,2.542,2.736,2.531,2.679,1398401200
2006-01-31,2.696,2.726,2.634,2.697,913542000
2006-02-01,2.677,2.731,2.666,2.694,521186400
2006-02-02,2.682,2.691,2.573,2.575,707322000
2006-02-03,2.58,2.6,2.537,2.566,692123600
2006-02-06,2.572,2.59,2.384,2.404,1651767600
2006-02-07,2.438,2.481,2.381,2.414,1388830800
2006-02-08,2.446,2.467,2.357,2.457,953114400
2006-02-09,2.468,2.473,2.305,2.32,1149764000
2006-02-10,2.328,2.417,2.246,2.404,1760477600
2006-02-13,2.38,2.384,2.309,2.311,883498000
2006-02-14,2.325,2.432,2.321,2.416,1160938800
2006-02-15,2.399,2.486,2.384,2.472,1159771200
2006-02-16,2.497,2.536,2.481,2.52,948175200
2006-02-17,2.511,2.532,2.486,2.51,575999200
2006-02-21,2.521,2.529,2.453,2.467,779606800
2006-02-22,2.464,2.56,2.429,2.547,978238800
2006-02-23,2.564,2.607,2.551,2.562,856917600
2006-02-24,2.576,2.603,2.543,2.552,534744000
2006-02-27,2.571,2.576,2.523,2.535,791240800
2006-02-28,2.556,2.586,2.432,2.446,1266980400
2006-03-01,2.459,2.482,2.429,2.468,763817600
2006-03-02,2.464,2.5,2.453,2.486,625273600
2006-03-03,2.479,2.497,2.412,2.419,737668400
2006-03-06,2.418,2.419,2.319,2.339,912665600
2006-03-07,2.349,2.389,2.324,2.368,872877600
2006-03-08,2.368,2.4,2.334,2.345,653251200
2006-03-09,2.356,2.374,2.279,2.283,799304800
2006-03-10,2.287,2.303,2.23,2.257,1043142800
2006-03-13,2.323,2.367,2.314,2.346,861187600
2006-03-14,2.349,2.404,2.339,2.404,642020400
2006-03-15,2.418,2.43,2.34,2.365,891996000
2006-03-16,2.388,2.389,2.296,2.297,749638400
2006-03-17,2.312,2.341,2.29,2.309,812042000
2006-03-20,2.329,2.338,2.281,2.285,605441200
2006-03-21,2.207,2.298,2.193,2.207,1345366400
2006-03-22,2.22,2.259,2.188,2.203,1345895600
2006-03-23,2.208,2.211,2.129,2.149,1427826400
2006-03-24,2.152,2.176,2.108,2.141,1071980000
2006-03-27,2.155,2.192,2.121,2.125,1108072000
2006-03-28,2.13,2.148,2.08,2.097,1370322800
2006-03-29,2.112,2.233,2.06,2.226,2346834000
2006-03-30,2.244,2.261,2.197,2.241,1390650800
2006-03-31,2.259,2.272,2.223,2.24,815357200
2006-04-03,2.274,2.29,2.236,2.237,815791200
2006-04-04,2.218,2.222,2.18,2.185,931924000
2006-04-05,2.311,2.4,2.291,2.4,2233408800
2006-04-06,2.439,2.573,2.436,2.544,2663768800
2006-04-07,2.533,2.543,2.445,2.493,1545238800
2006-04-10,2.51,2.533,2.445,2.453,903515200
2006-04-11,2.464,2.475,2.395,2.428,939316000
2006-04-12,2.429,2.435,2.368,2.382,739894400
2006-04-13,2.369,2.409,2.35,2.374,734678000
2006-04-17,2.375,2.387,2.298,2.315,721938000
2006-04-18,2.323,2.374,2.314,2.365,794844400
2006-04-19,2.386,2.393,2.338,2.345,1086033200
2006-04-20,2.483,2.5,2.364,2.415,1666982800
2006-04-21,2.435,2.451,2.374,2.394,788986800
2006-04-24,2.388,2.39,2.339,2.348,707028000
2006-04-25,2.356,2.378,2.341,2.363,529062800
2006-04-26,2.38,2.439,2.371,2.434,710886400
2006-04-27,2.419,2.495,2.405,2.477,845947200
2006-04-28,2.478,2.546,2.471,2.514,760037600
2006-05-01,2.527,2.555,2.47,2.486,750380400
2006-05-02,2.505,2.571,2.504,2.558,771663200
2006-05-03,2.565,2.57,2.506,2.541,686991200
2006-05-04,2.544,2.603,2.516,2.54,860420400
2006-05-05,2.566,2.58,2.541,2.568,563911600
2006-05-08,2.607,2.636,2.561,2.568,594851600
2006-05-09,2.565,2.591,2.522,2.537,531666800
2006-05-10,2.546,2.547,2.486,2.521,459888800
2006-05-11,2.528,2.53,2.412,2.434,812688800
2006-05-12,2.423,2.453,2.388,2.418,641774000
2006-05-15,2.406,2.442,2.397,2.421,529177600
2006-05-16,2.432,2.438,2.312,2.321,936740000
2006-05-17,2.311,2.346,2.288,2.331,754194000
2006-05-18,2.346,2.366,2.254,2.256,658442400
2006-05-19,2.259,2.317,2.244,2.304,985866000
2006-05-22,2.281,2.285,2.242,2.264,718975600
2006-05-23,2.316,2.328,2.25,2.255,694414000
2006-05-24,2.25,2.273,2.199,2.262,916031200
2006-05-25,2.295,2.302,2.26,2.297,463372000
2006-05-26,2.297,2.306,2.255,2.27,432950000
2006-05-30,2.26,2.261,2.186,2.186,563402000
2006-05-31,2.206,2.207,2.096,2.135,1280977600
2006-06-01,2.138,2.224,2.126,2.22,942508000
2006-06-02,2.25,2.254,2.174,2.202,685787200
2006-06-05,2.184,2.184,2.142,2.143,605785600
2006-06-06,2.151,2.165,2.104,2.133,726037200
2006-06-07,2.146,2.157,2.084,2.091,750506400
2006-06-08,2.087,2.176,2.041,2.17,1397482800
2006-06-09,2.185,2.199,2.111,2.116,775838000
2006-06-12,2.121,2.133,2.034,2.036,717785600
2006-06-13,2.057,2.111,2.049,2.083,1080643200
2006-06-14,2.081,2.099,2.025,2.057,878136000
2006-06-15,2.046,2.134,2.027,2.121,1190383600
2006-06-16,2.106,2.114,2.054,2.056,838101600
2006-06-19,2.065,2.078,2.036,2.043,704575200
2006-06-20,2.057,2.084,2.046,2.053,672974400
2006-06-21,2.062,2.097,2.046,2.066,863296000
2006-06-22,2.079,2.134,2.074,2.128,965633200
2006-06-23,2.133,2.149,2.098,2.101,660203600
2006-06-26,2.113,2.114,2.085,2.107,466536000
2006-06-27,2.11,2.115,2.05,2.051,550611600
2006-06-28,2.046,2.046,1.979,2.001,850704400
2006-06-29,2.027,2.11,2.014,2.106,873398400
2006-06-30,2.057,2.062,2.018,2.045,739695600
2006-07-03,2.054,2.078,2.048,2.07,194770800
2006-07-05,2.041,2.057,2.02,2.036,518240800
2006-07-06,2.039,2.05,1.986,1.992,633208800
2006-07-07,1.981,2.02,1.952,1.979,799360800
2006-07-10,1.989,2.017,1.946,1.964,529345600
2006-07-11,1.968,2,1.947,1.987,825022800
2006-07-12,1.97,1.973,1.89,1.891,927329200
2006-07-13,1.858,1.933,1.836,1.866,1249906000
2006-07-14,1.875,1.889,1.791,1.81,993036800
2006-07-17,1.847,1.897,1.845,1.87,1024542400
2006-07-18,1.899,1.923,1.852,1.889,1000448400
2006-07-19,1.891,1.967,1.87,1.932,1390743200
2006-07-20,2.177,2.2,2.133,2.161,1972146400
2006-07-21,2.136,2.184,2.13,2.169,891892400
2006-07-24,2.188,2.218,2.158,2.194,722856400
2006-07-25,2.206,2.217,2.171,2.212,589069600
2006-07-26,2.214,2.309,2.203,2.281,898427600
2006-07-27,2.304,2.322,2.245,2.264,735044800
2006-07-28,2.284,2.346,2.268,2.342,691507600
2006-07-31,2.387,2.451,2.367,2.427,892841600
2006-08-01,2.401,2.426,2.355,2.399,711765600
2006-08-02,2.416,2.453,2.411,2.434,550768400
2006-08-03,2.425,2.5,2.422,2.485,841044400
2006-08-04,2.395,2.45,2.32,2.439,1852866400
2006-08-07,2.419,2.486,2.368,2.4,1245512800
2006-08-08,2.396,2.397,2.304,2.314,997864000
2006-08-09,2.337,2.343,2.264,2.271,955838800
2006-08-10,2.259,2.315,2.239,2.288,697760000
2006-08-11,2.258,2.29,2.235,2.273,777529200
2006-08-14,2.287,2.329,2.271,2.284,717620400
2006-08-15,2.334,2.375,2.314,2.373,861352800
2006-08-16,2.396,2.431,2.369,2.428,781284000
2006-08-17,2.429,2.452,2.399,2.414,581148400
2006-08-18,2.418,2.443,2.402,2.425,536354000
2006-08-21,2.404,2.404,2.362,2.377,526226400
2006-08-22,2.381,2.44,2.375,2.415,576968000
2006-08-23,2.429,2.452,2.391,2.404,536258800
2006-08-24,2.425,2.435,2.367,2.422,655191600
2006-08-25,2.405,2.466,2.404,2.455,543958800
2006-08-28,2.446,2.45,2.381,2.392,738161200
2006-08-29,2.392,2.402,2.326,2.374,947332400
2006-08-30,2.405,2.422,2.381,2.391,680142400
2006-08-31,2.403,2.439,2.381,2.423,574697200
2006-09-01,2.446,2.452,2.422,2.442,408494800
2006-09-05,2.463,2.554,2.448,2.553,1012457600
2006-09-06,2.539,2.56,2.489,2.501,974103200
2006-09-07,2.521,2.624,2.509,2.6,1267957600
2006-09-08,2.62,2.628,2.568,2.59,895921600
2006-09-11,2.587,2.633,2.551,2.589,949124400
2006-09-12,2.6,2.623,2.552,2.594,1684687200
2006-09-13,2.602,2.654,2.582,2.65,1146138000
2006-09-14,2.633,2.667,2.624,2.649,801729600
2006-09-15,2.664,2.678,2.618,2.646,981853600
2006-09-18,2.636,2.674,2.618,2.639,705278000
2006-09-19,2.646,2.656,2.6,2.635,710049200
2006-09-20,2.656,2.703,2.651,2.688,822791200
2006-09-21,2.688,2.716,2.644,2.666,794124800
2006-09-22,2.654,2.655,2.592,2.607,665112000
2006-09-25,2.636,2.709,2.633,2.705,858992400
2006-09-26,2.721,2.778,2.718,2.772,1102948000
2006-09-27,2.756,2.767,2.708,2.729,810373200
2006-09-28,2.751,2.767,2.713,2.75,723609600
2006-09-29,2.754,2.769,2.739,2.749,405812400
2006-10-02,2.682,2.71,2.654,2.674,712639200
2006-10-03,2.659,2.677,2.614,2.646,790708800
2006-10-04,2.646,2.695,2.613,2.692,829082800
2006-10-05,2.662,2.72,2.648,2.672,683883200
2006-10-06,2.658,2.68,2.636,2.651,466958800
2006-10-09,2.636,2.681,2.626,2.665,438222400
2006-10-10,2.662,2.664,2.61,2.636,531588400
2006-10-11,2.622,2.642,2.593,2.615,571855200
2006-10-12,2.629,2.693,2.629,2.688,592855200
2006-10-13,2.701,2.746,2.669,2.679,684196800
2006-10-16,2.685,2.71,2.671,2.693,508692800
2006-10-17,2.68,2.688,2.644,2.653,480925200
2006-10-18,2.67,2.692,2.64,2.662,1133907600
2006-10-19,2.831,2.855,2.791,2.821,1512977200
2006-10-20,2.82,2.857,2.81,2.855,639413600
2006-10-23,2.857,2.925,2.848,2.909,832507200
2006-10-24,2.9,2.917,2.864,2.895,463212400
2006-10-25,2.905,2.929,2.893,2.917,485214800
2006-10-26,2.925,2.95,2.898,2.935,432756800
2006-10-27,2.92,2.945,2.858,2.872,594966400
2006-10-30,2.857,2.889,2.839,2.872,499917600
2006-10-31,2.909,2.917,2.865,2.896,501474400
2006-11-01,2.896,2.906,2.799,2.827,611192400
2006-11-02,2.819,2.833,2.804,2.821,465483200
2006-11-03,2.834,2.84,2.778,2.796,431888800
2006-11-06,2.82,2.859,2.801,2.847,434576800
2006-11-07,2.873,2.893,2.862,2.875,525932400
2006-11-08,2.858,2.953,2.853,2.945,690916800
2006-11-09,2.961,3.025,2.933,2.976,923053600
2006-11-10,2.984,2.986,2.946,2.969,373864400
2006-11-13,2.972,3.016,2.951,3.013,450674000
2006-11-14,3.029,3.036,2.996,3.036,588954800
2006-11-15,3.037,3.068,3,3.002,655323200
2006-11-16,3.031,3.082,3.022,3.057,693940800
2006-11-17,3.041,3.069,3.036,3.066,466424000
2006-11-20,3.05,3.107,3.043,3.088,570794000
2006-11-21,3.122,3.164,3.111,3.164,622666800
2006-11-22,3.178,3.241,3.138,3.225,671941200
2006-11-24,3.197,3.324,3.196,3.273,518677600
2006-11-27,3.304,3.327,3.196,3.198,1074836000
2006-11-28,3.227,3.285,3.211,3.279,1036173600
2006-11-29,3.321,3.327,3.223,3.279,1157083200
2006-11-30,3.293,3.31,3.252,3.274,870486400
2006-12-01,3.279,3.297,3.218,3.261,795079600
2006-12-04,3.281,3.287,3.232,3.254,709536800
2006-12-05,3.273,3.297,3.245,3.26,662838400
2006-12-06,3.237,3.264,3.203,3.208,638184400
2006-12-07,3.215,3.232,3.104,3.109,1004827600
2006-12-08,3.115,3.193,3.107,3.152,784277200
2006-12-11,3.175,3.189,3.145,3.17,499780400
2006-12-12,3.165,3.173,3.055,3.076,1026620000
2006-12-13,3.141,3.181,3.112,3.18,857052000
2006-12-14,3.18,3.214,3.152,3.162,832330800
2006-12-15,3.179,3.186,3.119,3.133,739939200
2006-12-18,3.13,3.143,3.021,3.053,721576800
2006-12-19,3.026,3.096,2.986,3.082,911405600
2006-12-20,3.088,3.095,3.026,3.027,567691600
2006-12-21,3.025,3.053,2.936,2.961,903599200
2006-12-22,2.981,3.001,2.914,2.936,613303600
2006-12-26,2.934,2.949,2.889,2.911,490688800
2006-12-27,2.791,2.929,2.742,2.911,1935754800
2006-12-28,2.865,2.902,2.845,2.888,1119876800
2006-12-29,2.998,3.05,2.977,3.03,1076429200
2007-01-03,3.082,3.092,2.925,2.993,1238319600
2007-01-04,3.002,3.07,2.994,3.059,847260400
2007-01-05,3.063,3.079,3.014,3.037,834741600
2007-01-08,3.07,3.09,3.046,3.053,797106800
2007-01-09,3.088,3.321,3.041,3.306,3349298400
2007-01-10,3.384,3.493,3.338,3.464,2952880000
2007-01-11,3.426,3.456,3.396,3.421,1440252800
2007-01-12,3.378,3.395,3.33,3.379,1312690400
2007-01-16,3.417,3.473,3.409,3.468,1244076400
2007-01-17,3.484,3.486,3.386,3.391,1646260000
2007-01-18,3.289,3.29,3.18,3.181,2364605600
2007-01-19,3.165,3.202,3.147,3.161,1364473600
2007-01-22,3.184,3.184,3.059,3.1,1454026000
2007-01-23,3.062,3.125,3.054,3.061,1207424400
2007-01-24,3.096,3.112,3.074,3.096,927813600
2007-01-25,3.111,3.161,3.072,3.08,905973600
2007-01-26,3.111,3.12,3.035,3.049,986874000
2007-01-29,3.082,3.095,3.055,3.069,901664400
2007-01-30,3.087,3.089,3.045,3.055,577970400
2007-01-31,3.031,3.071,3.013,3.062,856069200
2007-02-01,3.08,3.081,3.026,3.026,664342000
2007-02-02,3.004,3.045,2.989,3.027,621530000
2007-02-05,3.011,3.044,2.998,2.998,578852400
2007-02-06,3.016,3.017,2.959,3.005,864393600
2007-02-07,3.017,3.085,2.984,3.077,1066825200
2007-02-08,3.051,3.09,3.05,3.078,679030800
2007-02-09,3.067,3.079,2.972,2.974,860540800
2007-02-12,3.015,3.042,2.987,3.031,724071600
2007-02-13,3.041,3.046,3.011,3.025,580986000
2007-02-14,3.023,3.059,3.02,3.046,507981600
2007-02-15,3.051,3.058,3.028,3.043,363661200
2007-02-16,3.045,3.05,3.024,3.03,399868000
2007-02-20,3.023,3.077,3.006,3.068,617702400
2007-02-21,3.071,3.196,3.07,3.186,1155313600
2007-02-22,3.243,3.243,3.162,3.197,838224800
2007-02-23,3.184,3.226,3.173,3.181,517893600
2007-02-26,3.209,3.214,3.129,3.161,615848800
2007-02-27,3.082,3.11,2.979,2.997,1145813200
2007-02-28,2.964,3.057,2.964,3.022,919475200
2007-03-01,3.001,3.154,2.991,3.109,1415528800
2007-03-02,3.099,3.126,3.043,3.05,860000400
2007-03-05,3.068,3.166,3.063,3.083,838899600
2007-03-06,3.136,3.154,3.121,3.15,723186800
2007-03-07,3.145,3.178,3.123,3.133,626284400
2007-03-08,3.164,3.169,3.124,3.143,511011200
2007-03-09,3.171,3.173,3.121,3.142,451836000
2007-03-12,3.145,3.214,3.142,3.21,729408400
2007-03-13,3.193,3.236,3.157,3.157,867890800
2007-03-14,3.164,3.214,3.14,3.214,796586000
2007-03-15,3.213,3.227,3.19,3.199,559498800
2007-03-16,3.198,3.214,3.19,3.2,571704000
2007-03-19,3.223,3.27,3.2,3.255,712961200
2007-03-20,3.263,3.28,3.252,3.267,488916400
2007-03-21,3.285,3.357,3.273,3.352,686896000
2007-03-22,3.348,3.37,3.321,3.356,561492400
2007-03-23,3.334,3.36,3.332,3.34,450884000
2007-03-26,3.357,3.425,3.332,3.423,864987200
2007-03-27,3.418,3.458,3.393,3.409,932052800
2007-03-28,3.389,3.407,3.327,3.33,942337200
2007-03-29,3.364,3.364,3.294,3.348,725723600
2007-03-30,3.367,3.381,3.312,3.318,600558000
2007-04-02,3.362,3.366,3.322,3.345,501992400
2007-04-03,3.362,3.401,3.349,3.375,583934400
2007-04-04,3.391,3.398,3.362,3.367,476784000
2007-04-05,3.361,3.381,3.34,3.381,355516000
2007-04-09,3.4,3.404,3.323,3.345,413341600
2007-04-10,3.345,3.366,3.336,3.366,352466800
2007-04-11,3.354,3.355,3.297,3.307,549018400
2007-04-12,3.287,3.297,3.24,3.293,656675600
2007-04-13,3.246,3.264,3.216,3.223,719941600
2007-04-16,3.235,3.268,3.223,3.265,609033600
2007-04-17,3.286,3.296,3.204,3.227,751920400
2007-04-18,3.22,3.245,3.2,3.229,464044000
2007-04-19,3.221,3.259,3.208,3.224,425913600
2007-04-20,3.246,3.256,3.234,3.249,522779600
2007-04-23,3.271,3.35,3.265,3.34,780290000
2007-04-24,3.356,3.443,3.261,3.33,1055252800
2007-04-25,3.365,3.407,3.35,3.405,1187144000
2007-04-26,3.628,3.661,3.511,3.53,1737778000
2007-04-27,3.506,3.57,3.489,3.569,699403600
2007-04-30,3.575,3.607,3.56,3.564,616509600
2007-05-01,3.557,3.584,3.52,3.553,532523600
2007-05-02,3.559,3.591,3.553,3.585,505145200
2007-05-03,3.598,3.623,3.572,3.586,576077600
2007-05-04,3.6,3.629,3.589,3.6,381987200
2007-05-07,3.61,3.727,3.608,3.711,861557200
2007-05-08,3.695,3.755,3.694,3.752,783997200
2007-05-09,3.747,3.82,3.746,3.817,717757600
2007-05-10,3.808,3.887,3.783,3.834,1197257600
2007-05-11,3.848,3.898,3.814,3.884,653696400
2007-05-14,3.915,3.929,3.866,3.906,651946400
2007-05-15,3.913,3.936,3.803,3.84,954514400
2007-05-16,3.876,3.887,3.694,3.834,1126767600
2007-05-17,3.827,3.924,3.827,3.909,735291200
2007-05-18,3.937,3.951,3.92,3.929,621345200
2007-05-21,3.94,4.016,3.93,3.999,639892400
2007-05-22,4.017,4.062,4,4.055,572409600
2007-05-23,4.072,4.107,4.021,4.032,911374800
2007-05-24,4.029,4.088,3.942,3.953,887362000
2007-05-25,4,4.064,3.982,4.058,632959600
2007-05-29,4.088,4.102,4.025,4.084,645694000
2007-05-30,4.082,4.246,4.055,4.242,1478444800
2007-05-31,4.288,4.363,4.269,4.328,1297066400
2007-06-01,4.325,4.328,4.225,4.229,885262000
2007-06-04,4.237,4.347,4.211,4.333,886673200
2007-06-05,4.336,4.382,4.304,4.381,920785600
2007-06-06,4.368,4.43,4.355,4.416,1112241200
2007-06-07,4.464,4.557,4.4,4.431,1915079600
2007-06-08,4.494,4.494,4.367,4.446,1241682400
2007-06-11,4.5,4.505,4.269,4.293,1874258400
2007-06-12,4.262,4.347,4.225,4.299,1426566400
2007-06-13,4.327,4.328,4.121,4.196,1721353200
2007-06-14,4.186,4.266,4.158,4.241,973266000
2007-06-15,4.308,4.31,4.281,4.304,811218800
2007-06-18,4.403,4.471,4.376,4.468,910604800
2007-06-19,4.453,4.465,4.39,4.416,943026000
2007-06-20,4.424,4.452,4.339,4.341,897512000
2007-06-21,4.346,4.439,4.311,4.425,867045200
2007-06-22,4.423,4.445,4.371,4.393,631876000
2007-06-25,4.435,4.468,4.324,4.369,965403600
2007-06-26,4.428,4.429,4.24,4.273,1345005200
2007-06-27,4.307,4.359,4.259,4.353,974696800
2007-06-28,4.37,4.375,4.286,4.306,838143600
2007-06-29,4.356,4.429,4.325,4.359,1137841600
2007-07-02,4.323,4.36,4.261,4.331,994862400
2007-07-03,4.357,4.55,4.339,4.542,1162481600
2007-07-05,4.6,4.749,4.596,4.741,1453051600
2007-07-06,4.755,4.762,4.657,4.725,874694800
2007-07-09,4.728,4.746,4.614,4.655,995820000
2007-07-10,4.603,4.804,4.6,4.727,1255007600
2007-07-11,4.717,4.775,4.69,4.728,821772000
2007-07-12,4.78,4.794,4.728,4.788,704608800
2007-07-13,4.823,4.923,4.804,4.919,907606000
2007-07-16,4.943,4.999,4.911,4.932,936112800
2007-07-17,4.939,4.986,4.911,4.961,709959600
2007-07-18,4.935,4.944,4.859,4.933,756856800
2007-07-19,5.011,5.029,4.988,5,732891600
2007-07-20,5.059,5.149,5,5.134,1167773600
2007-07-23,5.118,5.186,5.033,5.132,1036490000
2007-07-24,4.96,5.036,4.791,4.818,1795292800
2007-07-25,4.905,4.941,4.821,4.902,1496182800
2007-07-26,5.211,5.304,4.891,5.214,2186629200
2007-07-27,5.221,5.319,5.135,5.137,1161098400
2007-07-30,5.155,5.195,4.985,5.051,1106988400
2007-07-31,5.106,5.124,4.697,4.706,1762392800
2007-08-01,4.773,4.835,4.563,4.821,1750156800
2007-08-02,4.88,4.891,4.791,4.875,852644800
2007-08-03,4.831,4.855,4.696,4.709,679187600
2007-08-06,4.746,4.831,4.582,4.83,925170400
2007-08-07,4.819,4.901,4.737,4.823,949936400
2007-08-08,4.884,4.888,4.714,4.786,808096800
2007-08-09,4.682,4.75,4.468,4.514,1125395600
2007-08-10,4.397,4.562,4.296,4.464,1410749200
2007-08-13,4.583,4.62,4.518,4.564,752911600
2007-08-14,4.582,4.582,4.418,4.43,739006800
2007-08-15,4.384,4.459,4.273,4.282,992852000
2007-08-16,4.179,4.232,3.986,4.18,1866690000
2007-08-17,4.358,4.411,4.279,4.359,1195062400
2007-08-20,4.427,4.446,4.304,4.365,803317200
2007-08-21,4.365,4.606,4.321,4.556,1303047200
2007-08-22,4.686,4.741,4.655,4.733,1061765600
2007-08-23,4.753,4.762,4.634,4.681,866838000
2007-08-24,4.662,4.835,4.636,4.832,911834000
2007-08-27,4.764,4.809,4.718,4.723,707439600
2007-08-28,4.678,4.729,4.523,4.529,1179365600
2007-08-29,4.639,4.792,4.626,4.789,1166860800
2007-08-30,4.738,4.938,4.725,4.866,1435582400
2007-08-31,4.982,4.988,4.907,4.946,876887200
2007-09-04,4.998,5.205,4.994,5.149,1316842800
2007-09-05,5.177,5.209,4.861,4.884,2328222400
2007-09-06,4.841,4.913,4.74,4.822,1901261600
2007-09-07,4.715,4.725,4.643,4.706,1430576000
2007-09-10,4.892,4.93,4.784,4.883,1487838800
2007-09-11,4.925,4.939,4.777,4.839,971885600
2007-09-12,4.857,4.979,4.848,4.887,1022770000
2007-09-13,4.958,4.964,4.88,4.9,656163200
2007-09-14,4.878,4.964,4.864,4.957,607320000
2007-09-17,4.964,5.021,4.914,4.943,793371600
2007-09-18,4.966,5.102,4.923,5.033,1064089600
2007-09-19,5.108,5.113,4.979,5.028,1026880400
2007-09-20,5.005,5.064,4.976,5.011,691840800
2007-09-21,5.041,5.166,5.011,5.148,1138880400
2007-09-24,5.24,5.352,5.238,5.296,1052161600
2007-09-25,5.244,5.472,5.244,5.471,1192550800
2007-09-26,5.517,5.536,5.402,5.456,975268000
2007-09-27,5.492,5.519,5.44,5.518,658198800
2007-09-28,5.48,5.521,5.455,5.481,615101200
2007-10-01,5.523,5.622,5.462,5.584,837068400
2007-10-02,5.591,5.664,5.568,5.659,792069600
2007-10-03,5.635,5.685,5.608,5.64,692518400
2007-10-04,5.643,5.646,5.482,5.58,656958400
2007-10-05,5.656,5.771,5.632,5.766,943471200
2007-10-08,5.839,5.997,5.82,5.997,835928800
2007-10-09,6.079,6.111,5.953,5.995,1104286400
2007-10-10,5.984,5.996,5.914,5.957,667590000
2007-10-11,6.053,6.139,5.472,5.794,1643992000
2007-10-12,5.822,5.974,5.779,5.973,988176000
2007-10-15,5.999,6.056,5.839,5.964,1077930000
2007-10-16,5.912,6.078,5.898,6.056,1067830400
2007-10-17,6.168,6.18,6.042,6.17,1127613200
2007-10-18,6.125,6.221,6.109,6.196,823676000
2007-10-19,6.223,6.237,6.071,6.086,1291780000
2007-10-22,6.084,6.246,6.07,6.227,1649499600
2007-10-23,6.734,6.736,6.527,6.649,1795164000
2007-10-24,6.636,6.686,6.401,6.64,1288481600
2007-10-25,6.602,6.639,6.488,6.528,973602000
2007-10-26,6.617,6.62,6.531,6.596,706876800
2007-10-29,6.623,6.664,6.596,6.61,540554000
2007-10-30,6.649,6.763,6.597,6.679,939414000
2007-10-31,6.701,6.79,6.605,6.784,833310800
2007-11-01,6.736,6.789,6.429,6.694,805036400
2007-11-02,6.758,6.766,6.553,6.71,1002114400
2007-11-05,6.617,6.749,6.58,6.649,804176800
2007-11-06,6.68,6.857,6.617,6.85,954727200
2007-11-07,6.807,6.881,6.648,6.654,994327600
2007-11-08,6.667,6.675,5.992,6.267,1890378000
2007-11-09,6.113,6.254,5.9,5.906,1526380800
2007-11-12,5.903,5.989,5.38,5.491,1769065200
2007-11-13,5.745,6.106,5.491,6.07,1739446800
2007-11-14,6.327,6.342,5.848,5.932,1449168000
2007-11-15,5.943,6.057,5.725,5.868,1487410400
2007-11-16,5.904,5.965,5.69,5.943,1383494000
2007-11-19,5.932,6.007,5.789,5.855,1154428800
2007-11-20,5.917,6.135,5.84,6.03,1543642800
2007-11-21,5.923,6.155,5.881,6.016,1217809600
2007-11-23,6.143,6.145,6.062,6.126,465757600
2007-11-26,6.2,6.331,6.155,6.162,1305754800
2007-11-27,6.258,6.278,6.072,6.243,1317030400
2007-11-28,6.315,6.45,6.262,6.436,1150912000
2007-11-29,6.408,6.613,6.398,6.582,1050926800
2007-11-30,6.691,6.704,6.418,6.508,1187802000
2007-12-03,6.495,6.576,6.346,6.388,961469600
2007-12-04,6.327,6.461,6.321,6.422,773799600
2007-12-05,6.532,6.643,6.515,6.625,892402000
2007-12-06,6.65,6.789,6.647,6.784,899810800
2007-12-07,6.805,6.964,6.716,6.939,1066066400
2007-12-10,6.914,6.988,6.882,6.936,722377600
2007-12-11,6.955,7.03,6.693,6.734,1110925200
2007-12-12,6.909,6.946,6.634,6.816,1225660800
2007-12-13,6.793,6.861,6.708,6.851,864617600
2007-12-14,6.799,6.9,6.769,6.8,674312800
2007-12-17,6.811,6.88,6.535,6.586,1024693600
2007-12-18,6.661,6.69,6.379,6.535,1222603200
2007-12-19,6.535,6.594,6.461,6.54,827478400
2007-12-20,6.622,6.708,6.548,6.686,774057200
2007-12-21,6.79,6.925,6.782,6.925,993960800
2007-12-24,6.965,7.119,6.957,7.1,480202800
2007-12-26,7.108,7.177,7.029,7.105,703732400
2007-12-27,7.105,7.249,7.064,7.092,795527600
2007-12-28,7.164,7.199,7.031,7.137,699647200
2007-12-31,7.125,7.161,7.062,7.074,539333200
2008-01-02,7.117,7.152,6.877,6.959,1079178800
2008-01-03,6.979,7.05,6.882,6.962,842066400
2008-01-04,6.838,6.893,6.389,6.43,1455832000
2008-01-07,6.473,6.557,6.08,6.344,2072193200
2008-01-08,6.434,6.516,6.1,6.116,1523816000
2008-01-09,6.118,6.411,6.011,6.407,1813882000
2008-01-10,6.342,6.464,6.265,6.358,1482975200
2008-01-11,6.286,6.352,6.071,6.168,1232285600
2008-01-14,6.34,6.408,6.256,6.385,1100450400
2008-01-15,6.347,6.401,5.881,6.037,2343278000
2008-01-16,5.901,6.036,5.596,5.701,2213845200
2008-01-17,5.768,5.906,5.658,5.746,1757859600
2008-01-18,5.775,5.92,5.7,5.763,1724343600
2008-01-22,5.288,5.714,5.214,5.559,2434754000
2008-01-23,4.864,5,4.505,4.967,3372969600
2008-01-24,5,5.025,4.715,4.843,2005866800
2008-01-25,4.964,4.968,4.629,4.643,1554739200
2008-01-28,4.577,4.757,4.516,4.643,1474844000
2008-01-29,4.684,4.742,4.609,4.698,1099982800
2008-01-30,4.692,4.838,4.643,4.721,1243051600
2008-01-31,4.623,4.88,4.621,4.834,1345674400
2008-02-01,4.866,4.878,4.721,4.777,1010744000
2008-02-04,4.793,4.854,4.694,4.702,899234000
2008-02-05,4.658,4.786,4.604,4.62,1141042000
2008-02-06,4.673,4.711,4.349,4.357,1573272400
2008-02-07,4.285,4.456,4.188,4.33,2083331600
2008-02-08,4.36,4.489,4.343,4.481,1355972800
2008-02-11,4.572,4.642,4.543,4.623,1201432400
2008-02-12,4.668,4.679,4.415,4.459,1225980000
2008-02-13,4.524,4.635,4.487,4.621,968534000
2008-02-14,4.621,4.671,4.536,4.552,954097200
2008-02-15,4.51,4.539,4.431,4.451,901300400
2008-02-19,4.5,4.527,4.337,4.364,1005046000
2008-02-20,4.364,4.45,4.346,4.422,967439200
2008-02-21,4.502,4.517,4.316,4.341,938114800
2008-02-22,4.374,4.375,4.138,4.266,1529878000
2008-02-25,4.235,4.292,4.166,4.276,1256774400
2008-02-26,4.201,4.325,4.123,4.255,1504888000
2008-02-27,4.222,4.395,4.218,4.391,1475138000
2008-02-28,4.543,4.721,4.492,4.64,1618254400
2008-02-29,4.617,4.65,4.457,4.465,1255480800
2008-03-03,4.444,4.499,4.214,4.347,1593043200
2008-03-04,4.357,4.46,4.3,4.451,1785383600
2008-03-05,4.414,4.469,4.366,4.446,1221836000
2008-03-06,4.45,4.554,4.315,4.319,1473698800
2008-03-07,4.3,4.392,4.252,4.366,1230462800
2008-03-10,4.356,4.409,4.263,4.275,999588800
2008-03-11,4.432,4.553,4.357,4.548,1163943200
2008-03-12,4.537,4.596,4.47,4.501,1059629200
2008-03-13,4.432,4.625,4.393,4.569,1262102800
2008-03-14,4.639,4.654,4.436,4.522,1156640800
2008-03-17,4.377,4.593,4.377,4.526,1072598800
2008-03-18,4.614,4.75,4.595,4.744,1205120000
2008-03-19,4.754,4.796,4.631,4.631,1010536800
2008-03-20,4.683,4.76,4.614,4.76,908787600
2008-03-24,4.786,5.03,4.773,4.983,1066920400
2008-03-25,4.999,5.111,4.905,5.035,1052391200
2008-03-26,5.031,5.205,5.023,5.181,1182084400
2008-03-27,5.177,5.19,5,5.009,999829600
2008-03-28,5.064,5.166,5.057,5.108,714610400
2008-03-31,5.117,5.204,5.09,5.125,768065200
2008-04-01,5.225,5.345,5.129,5.34,1032567200
2008-04-02,5.314,5.4,5.209,5.267,1044968400
2008-04-03,5.252,5.487,5.25,5.415,1051568000
2008-04-04,5.435,5.525,5.384,5.467,854417200
2008-04-07,5.576,5.703,5.54,5.568,1158326400
2008-04-08,5.484,5.588,5.44,5.459,1014294400
2008-04-09,5.475,5.496,5.374,5.409,873398400
2008-04-10,5.398,5.551,5.379,5.52,955763200
2008-04-11,5.454,5.475,5.229,5.255,1210076000
2008-04-14,5.242,5.33,5.162,5.278,845087600
2008-04-15,5.336,5.347,5.204,5.299,698037200
2008-04-16,5.419,5.504,5.379,5.489,795774000
2008-04-17,5.506,5.571,5.477,5.517,704267200
2008-04-18,5.683,5.795,5.656,5.751,1026765600
2008-04-21,5.793,6.018,5.777,6.006,1039152800
2008-04-22,5.979,6,5.646,5.721,1439572400
2008-04-23,5.859,5.887,5.753,5.818,1504190800
2008-04-24,5.905,6.071,5.685,6.034,1696066400
2008-04-25,6.096,6.111,5.944,6.062,992474000
2008-04-28,6.062,6.205,6.04,6.151,787214400
2008-04-29,6.111,6.274,6.08,6.252,923476400
2008-04-30,6.293,6.429,6.176,6.213,1139524400
2008-05-01,6.249,6.429,6.245,6.429,903576800
2008-05-02,6.435,6.497,6.377,6.462,1006082000
2008-05-05,6.497,6.618,6.466,6.597,854557200
2008-05-06,6.595,6.683,6.506,6.666,918870400
2008-05-07,6.645,6.721,6.448,6.521,1157133600
2008-05-08,6.563,6.661,6.538,6.609,899085600
2008-05-09,6.541,6.58,6.477,6.552,673072400
2008-05-12,6.615,6.745,6.53,6.72,818563200
2008-05-13,6.736,6.838,6.709,6.784,823236400
2008-05-14,6.83,6.866,6.628,6.652,916823600
2008-05-15,6.672,6.782,6.579,6.776,873208000
2008-05-16,6.79,6.796,6.679,6.701,765769200
2008-05-19,6.709,6.739,6.475,6.557,945820400
2008-05-20,6.494,6.649,6.433,6.639,969850000
2008-05-21,6.631,6.713,6.295,6.364,1157657200
2008-05-22,6.402,6.476,6.143,6.323,1206735600
2008-05-23,6.456,6.5,6.35,6.47,906917200
2008-05-27,6.527,6.658,6.494,6.658,789905200
2008-05-28,6.693,6.713,6.561,6.679,743979600
2008-05-29,6.67,6.721,6.625,6.668,647186400
2008-05-30,6.695,6.769,6.692,6.741,610184400
2008-06-02,6.736,6.773,6.59,6.646,679840000
2008-06-03,6.674,6.721,6.512,6.62,750520400
2008-06-04,6.572,6.682,6.544,6.614,726983600
2008-06-05,6.655,6.78,6.632,6.765,755445600
2008-06-06,6.714,6.784,6.627,6.63,966422800
2008-06-09,6.6,6.605,6.277,6.486,1888392800
2008-06-10,6.447,6.671,6.394,6.63,1140941200
2008-06-11,6.584,6.643,6.414,6.457,961550800
2008-06-12,6.482,6.521,6.114,6.188,1308333600
2008-06-13,6.13,6.22,5.904,6.156,1345957200
2008-06-16,6.118,6.354,6.038,6.316,1051730400
2008-06-17,6.361,6.5,6.336,6.48,899656800
2008-06-18,6.469,6.507,6.334,6.384,811468000
2008-06-19,6.377,6.512,6.314,6.461,791949200
2008-06-20,6.405,6.464,6.25,6.26,888367200
2008-06-23,6.241,6.281,6.127,6.184,645780800
2008-06-24,6.156,6.278,6.13,6.188,621947200
2008-06-25,6.236,6.387,6.21,6.335,644450800
2008-06-26,6.217,6.244,6,6.009,869610000
2008-06-27,5.947,6.092,5.863,6.075,1042249600
2008-06-30,6.078,6.143,5.951,5.98,684196800
2008-07-01,5.865,6.24,5.857,6.239,1111280800
2008-07-02,6.257,6.338,6.006,6.006,837519200
2008-07-03,6.057,6.149,5.92,6.076,523362000
2008-07-07,6.184,6.326,6.139,6.256,820391600
2008-07-08,6.264,6.418,6.169,6.412,888350400
2008-07-09,6.436,6.461,6.219,6.223,895776000
2008-07-10,6.247,6.334,6.12,6.308,840688800
2008-07-11,6.267,6.325,6.107,6.164,930011600
2008-07-14,6.401,6.404,6.181,6.21,886054400
2008-07-15,6.16,6.205,5.943,6.059,1040043200
2008-07-16,6.079,6.176,6.021,6.172,747790400
2008-07-17,6.218,6.249,6.121,6.136,757526000
2008-07-18,6.019,6.059,5.893,5.898,868414400
2008-07-21,5.961,5.982,5.754,5.939,1360469600
2008-07-22,5.321,5.813,5.233,5.786,1879592400
2008-07-23,5.892,6.013,5.77,5.938,1061768400
2008-07-24,5.869,5.902,5.659,5.68,839619200
2008-07-25,5.729,5.821,5.666,5.79,633637200
2008-07-28,5.798,5.802,5.501,5.514,780712800
2008-07-29,5.55,5.695,5.488,5.61,684070800
2008-07-30,5.635,5.732,5.574,5.71,725183200
2008-07-31,5.626,5.793,5.606,5.677,637498400
2008-08-01,5.711,5.714,5.562,5.595,544639200
2008-08-04,5.593,5.639,5.461,5.472,592527600
2008-08-05,5.551,5.743,5.529,5.737,688371600
2008-08-06,5.713,5.979,5.643,5.864,791408800
2008-08-07,5.811,5.934,5.768,5.842,672372400
2008-08-08,5.852,6.059,5.848,6.055,713997200
2008-08-11,6.074,6.304,6.06,6.199,891304400
2008-08-12,6.197,6.403,6.197,6.312,836278800
2008-08-13,6.356,6.429,6.282,6.404,842346400
2008-08-14,6.369,6.445,6.351,6.404,711300800
2008-08-15,6.394,6.42,6.252,6.276,708251600
2008-08-18,6.27,6.35,6.208,6.264,552014400
2008-08-19,6.234,6.324,6.136,6.198,616204400
2008-08-20,6.242,6.319,6.2,6.28,506951200
2008-08-21,6.231,6.266,6.139,6.225,539744800
2008-08-22,6.279,6.339,6.27,6.314,439611200
2008-08-25,6.291,6.294,6.131,6.162,484425200
2008-08-26,6.17,6.246,6.165,6.201,445550000
2008-08-27,6.19,6.277,6.15,6.238,477780800
2008-08-28,6.26,6.295,6.17,6.205,431384800
2008-08-29,6.177,6.196,6.037,6.055,599289600
2008-09-02,6.157,6.196,5.893,5.935,780763200
2008-09-03,5.959,6.024,5.857,5.963,734834800
2008-09-04,5.924,5.997,5.743,5.758,743386000
2008-09-05,5.664,5.8,5.63,5.721,786884000
2008-09-08,5.878,5.889,5.409,5.64,1045979200
2008-09-09,5.602,5.713,5.35,5.417,1245025600
2008-09-10,5.44,5.535,5.314,5.415,973142800
2008-09-11,5.292,5.464,5.214,5.452,971135200
2008-09-12,5.39,5.39,5.232,5.319,793027200
2008-09-15,5.073,5.275,5.013,5.013,920634400
2008-09-16,4.781,5.089,4.72,4.996,1199836400
2008-09-17,4.946,4.947,4.565,4.565,1200455200
2008-09-18,4.663,4.837,4.31,4.789,1676253600
2008-09-19,5.093,5.15,4.868,5.032,1430875600
2008-09-22,4.998,5.009,4.666,4.68,856713200
2008-09-23,4.709,4.85,4.524,4.53,1280364400
2008-09-24,4.545,4.677,4.47,4.597,1047015200
2008-09-25,4.636,4.814,4.59,4.712,1006045600
2008-09-26,4.461,4.636,4.393,4.58,1126451200
2008-09-29,4.272,4.274,3.592,3.759,2622057200
2008-09-30,3.866,4.107,3.796,4.059,1626682400
2008-10-01,3.997,4.013,3.835,3.897,1296484000
2008-10-02,3.858,3.885,3.571,3.575,1609364400
2008-10-03,3.714,3.804,3.38,3.467,2294398400
2008-10-06,3.284,3.528,3.126,3.505,2107417200
2008-10-07,3.589,3.625,3.177,3.184,1878772000
2008-10-08,3.068,3.44,3.06,3.207,2207741200
2008-10-09,3.334,3.421,3.093,3.169,1617383600
2008-10-10,3.061,3.571,3.036,3.457,2219299600
2008-10-13,3.734,3.947,3.608,3.938,1539076000
2008-10-14,4.152,4.157,3.684,3.717,1980994400
2008-10-15,3.709,3.821,3.496,3.498,1584175600
2008-10-16,3.563,3.694,3.276,3.639,1980521200
2008-10-17,3.557,3.644,3.068,3.479,1762227600
2008-10-20,3.564,3.572,3.344,3.516,1549170000
2008-10-21,3.463,3.496,3.256,3.267,2193660000
2008-10-22,3.477,3.616,3.319,3.46,2248808800
2008-10-23,3.447,3.545,3.282,3.508,1675430400
2008-10-24,3.226,3.496,3.218,3.442,1590058400
2008-10-27,3.395,3.487,3.281,3.289,1208771200
2008-10-28,3.408,3.589,3.299,3.568,1634133200
2008-10-29,3.602,3.912,3.569,3.734,1950978400
2008-10-30,3.865,4.007,3.843,3.966,1638089600
2008-10-31,3.836,3.956,3.755,3.842,1659756000
2008-11-03,3.783,3.896,3.745,3.82,1057938000
2008-11-04,3.928,3.993,3.81,3.964,1398681200
2008-11-05,3.89,3.919,3.678,3.689,1256455200
2008-11-06,3.609,3.671,3.5,3.539,1319074400
2008-11-07,3.544,3.566,3.419,3.509,1095253600
2008-11-10,3.578,3.586,3.375,3.424,1123822000
2008-11-11,3.386,3.47,3.295,3.385,1224538000
2008-11-12,3.301,3.33,3.215,3.219,1178976400
2008-11-13,3.21,3.444,3.072,3.444,1854087200
2008-11-14,3.349,3.357,3.214,3.223,1405266800
2008-11-17,3.16,3.234,3.116,3.148,1162526400
2008-11-18,3.201,3.25,3.102,3.211,1209695200
2008-11-19,3.194,3.271,3.079,3.082,1171900800
2008-11-20,3.044,3.088,2.857,2.875,1716814400
2008-11-21,2.926,3.004,2.826,2.949,1569271200
2008-11-24,3.043,3.385,3.03,3.32,1442257600
2008-11-25,3.38,3.382,3.149,3.243,1235292800
2008-11-26,3.211,3.402,3.209,3.393,899836000
2008-11-28,3.382,3.384,3.281,3.31,297774400
2008-12-01,3.261,3.295,3.176,3.176,923767600
2008-12-02,3.215,3.309,3.089,3.303,1148722400
2008-12-03,3.193,3.437,3.171,3.425,1338680000
2008-12-04,3.372,3.4,3.181,3.265,1091370000
2008-12-05,3.227,3.375,3.174,3.357,1043795200
2008-12-08,3.474,3.6,3.421,3.561,1185142000
2008-12-09,3.501,3.7,3.472,3.574,1203496000
2008-12-10,3.495,3.553,3.446,3.507,938047600
2008-12-11,3.477,3.616,3.387,3.393,1040617200
2008-12-12,3.314,3.536,3.305,3.51,1041174400
2008-12-15,3.428,3.436,3.321,3.384,891758000
2008-12-16,3.356,3.446,3.312,3.408,1093506400
2008-12-17,3.251,3.254,3.144,3.184,1293860400
2008-12-18,3.19,3.244,3.159,3.194,857416000
2008-12-19,3.212,3.248,3.171,3.214,801920000
2008-12-22,3.215,3.215,3.025,3.062,844740400
2008-12-23,3.102,3.138,3.068,3.085,635031600
2008-12-24,3.076,3.08,3.02,3.037,271334000
2008-12-26,3.094,3.122,3.044,3.065,308324800
2008-12-29,3.09,3.129,3.038,3.093,686000000
2008-12-30,3.122,3.145,3.026,3.082,967601600
2008-12-31,3.07,3.134,3.048,3.048,607541200
2009-01-02,3.067,3.251,3.041,3.241,746015200
2009-01-05,3.328,3.435,3.311,3.378,1181608400
2009-01-06,3.427,3.47,3.3,3.322,1289310400
2009-01-07,3.279,3.304,3.224,3.25,753048800
2009-01-08,3.23,3.327,3.216,3.311,673500800
2009-01-09,3.329,3.335,3.219,3.235,546845600
2009-01-12,3.231,3.25,3.127,3.166,617716400
2009-01-13,3.151,3.205,3.084,3.132,798397600
2009-01-14,3.08,3.116,3.026,3.047,1021664000
2009-01-15,2.878,3.004,2.859,2.978,1831634000
2009-01-16,3.011,3.014,2.871,2.94,1047625600
2009-01-20,2.926,2.929,2.793,2.793,919914800
2009-01-21,2.835,2.96,2.832,2.958,1089270000
2009-01-22,3.144,3.214,3.065,3.156,1409528400
2009-01-23,3.101,3.21,3.089,3.156,763770000
2009-01-26,3.174,3.249,3.154,3.201,692238400
2009-01-27,3.221,3.27,3.205,3.24,618038400
2009-01-28,3.29,3.393,3.268,3.364,861406000
2009-01-29,3.325,3.369,3.307,3.321,592729200
2009-01-30,3.307,3.344,3.215,3.219,651478800
2009-02-02,3.182,3.286,3.175,3.268,558247200
2009-02-03,3.283,3.335,3.224,3.321,599309200
2009-02-04,3.329,3.438,3.325,3.341,808421600
2009-02-05,3.313,3.473,3.308,3.445,749246400
2009-02-06,3.465,3.571,3.464,3.561,687209600
2009-02-09,3.571,3.679,3.554,3.661,715010800
2009-02-10,3.619,3.661,3.466,3.494,849060800
2009-02-11,3.442,3.511,3.42,3.458,674973600
2009-02-12,3.422,3.562,3.422,3.545,817188400
2009-02-13,3.535,3.569,3.504,3.541,608977600
2009-02-17,3.46,3.466,3.367,3.376,678238400
2009-02-18,3.395,3.423,3.311,3.37,684779200
2009-02-19,3.335,3.366,3.218,3.237,922804400
2009-02-20,3.193,3.3,3.179,3.257,750316000
2009-02-23,3.273,3.286,3.09,3.105,786982000
2009-02-24,3.123,3.246,3.107,3.223,807105600
2009-02-25,3.209,3.319,3.188,3.256,833053200
2009-02-26,3.286,3.319,3.177,3.185,629868400
2009-02-27,3.14,3.261,3.131,3.19,706658400
2009-03-02,3.147,3.257,3.131,3.141,770929600
2009-03-03,3.176,3.241,3.139,3.156,724340400
2009-03-04,3.221,3.313,3.195,3.256,741403600
2009-03-05,3.231,3.281,3.159,3.173,706899200
2009-03-06,3.155,3.157,2.94,3.046,1011147200
2009-03-09,3.006,3.129,2.949,2.968,698297600
2009-03-10,3.031,3.185,3.013,3.165,844258800
2009-03-11,3.207,3.36,3.199,3.31,846372800
2009-03-12,3.318,3.449,3.286,3.441,768457200
2009-03-13,3.439,3.471,3.393,3.426,601168400
2009-03-16,3.447,3.478,3.364,3.408,797244000
2009-03-17,3.401,3.56,3.395,3.559,786646000
2009-03-18,3.568,3.696,3.561,3.626,796037200
2009-03-19,3.638,3.686,3.58,3.629,500180800
2009-03-20,3.646,3.682,3.592,3.628,695587200
2009-03-23,3.668,3.863,3.634,3.845,666397200
2009-03-24,3.799,3.909,3.764,3.804,640612000
2009-03-25,3.842,3.87,3.709,3.803,646618000
2009-03-26,3.851,3.928,3.842,3.924,616252000
2009-03-27,3.865,3.876,3.8,3.816,492872800
2009-03-30,3.733,3.75,3.665,3.732,502796000
2009-03-31,3.766,3.838,3.75,3.754,570080000
2009-04-01,3.717,3.893,3.71,3.882,589372000
2009-04-02,3.934,4.098,3.921,4.025,812366800
2009-04-03,4.078,4.148,4.054,4.142,636241200
2009-04-06,4.105,4.241,4.046,4.23,658064400
2009-04-07,4.162,4.167,4.078,4.107,536580800
2009-04-08,4.122,4.171,4.092,4.154,455630000
2009-04-09,4.229,4.286,4.213,4.27,530756800
2009-04-13,4.286,4.321,4.25,4.294,389236400
2009-04-14,4.27,4.292,4.188,4.225,454622000
2009-04-15,4.186,4.223,4.134,4.201,412882400
2009-04-16,4.257,4.398,4.242,4.338,593446000
2009-04-17,4.328,4.438,4.295,4.408,497495600
2009-04-20,4.347,4.392,4.256,4.304,466466000
2009-04-21,4.246,4.362,4.236,4.349,470685600
2009-04-22,4.38,4.477,4.329,4.34,938767200
2009-04-23,4.522,4.543,4.411,4.479,945156800
2009-04-24,4.451,4.469,4.392,4.425,540764000
2009-04-27,4.389,4.464,4.381,4.455,480690000
2009-04-28,4.405,4.508,4.402,4.425,455856800
2009-04-29,4.459,4.53,4.423,4.469,458110800
2009-04-30,4.508,4.536,4.461,4.494,498489600
2009-05-01,4.493,4.57,4.493,4.544,397516000
2009-05-04,4.58,4.723,4.56,4.717,609358400
2009-05-05,4.705,4.745,4.683,4.74,398255200
2009-05-06,4.762,4.768,4.651,4.732,473538800
2009-05-07,4.726,4.728,4.568,4.609,531776000
2009-05-08,4.609,4.687,4.509,4.614,467964000
2009-05-11,4.549,4.677,4.54,4.628,404658800
2009-05-12,4.627,4.633,4.402,4.444,609481600
2009-05-13,4.4,4.429,4.264,4.267,595971600
2009-05-14,4.278,4.412,4.275,4.391,447826400
2009-05-15,4.369,4.451,4.343,4.372,367567200
2009-05-18,4.419,4.525,4.342,4.523,458841600
2009-05-19,4.529,4.618,4.491,4.552,372422400
2009-05-20,4.558,4.615,4.475,4.495,388584000
2009-05-21,4.47,4.528,4.389,4.435,407946000
2009-05-22,4.43,4.435,4.348,4.375,297998400
2009-05-26,4.456,4.673,4.448,4.671,636927200
2009-05-27,4.706,4.821,4.675,4.752,646422000
2009-05-28,4.766,4.835,4.715,4.824,487552800
2009-05-29,4.835,4.854,4.78,4.85,456534400
2009-06-01,4.874,5,4.857,4.977,452499600
2009-06-02,4.964,5.048,4.941,4.982,456223600
2009-06-03,5,5.04,4.967,5.034,565199600
2009-06-04,5.005,5.149,5.001,5.134,550634000
2009-06-05,5.19,5.229,5.115,5.167,632716000
2009-06-08,5.136,5.151,4.98,5.137,931652400
2009-06-09,5.136,5.163,5.02,5.097,676964400
2009-06-10,5.081,5.084,4.939,5.009,688623600
2009-06-11,4.984,5.056,4.948,4.998,524823600
2009-06-12,4.957,4.968,4.859,4.892,563085600
2009-06-15,4.858,4.89,4.818,4.86,539750400
2009-06-16,4.881,4.945,4.861,4.87,514805200
2009-06-17,4.881,4.909,4.805,4.842,571412800
2009-06-18,4.861,4.929,4.843,4.853,427680400
2009-06-19,4.931,4.982,4.889,4.981,721856800
2009-06-22,5.024,5.056,4.869,4.906,634914000
2009-06-23,4.871,4.891,4.746,4.786,706532400
2009-06-24,4.836,4.911,4.816,4.865,485525600
2009-06-25,4.848,5.007,4.829,4.995,589447600
2009-06-26,4.992,5.127,4.991,5.087,439384400
2009-06-29,5.124,5.141,5.055,5.07,567616000
2009-06-30,5.092,5.136,5.064,5.087,434224000
2009-07-01,5.125,5.166,5.09,5.101,414178800
2009-07-02,5.045,5.101,4.992,5.001,370479200
2009-07-06,4.954,4.964,4.866,4.95,498688400
2009-07-07,4.946,4.989,4.828,4.836,461596800
2009-07-08,4.854,4.93,4.801,4.901,575929200
2009-07-09,4.92,4.928,4.855,4.87,343025200
2009-07-10,4.869,4.963,4.869,4.947,445275600
2009-07-13,4.984,5.084,4.912,5.084,483501200
2009-07-14,5.073,5.114,5.041,5.081,347247600
2009-07-15,5.18,5.25,5.154,5.246,485587200
2009-07-16,5.206,5.286,5.199,5.269,393570800
2009-07-17,5.324,5.429,5.308,5.42,602154000
2009-07-20,5.474,5.537,5.389,5.461,735526400
2009-07-21,5.475,5.48,5.348,5.411,874781600
2009-07-22,5.635,5.669,5.575,5.598,874104000
2009-07-23,5.594,5.659,5.556,5.636,526962800
2009-07-24,5.605,5.714,5.589,5.714,438362400
2009-07-27,5.72,5.746,5.616,5.718,433311200
2009-07-28,5.674,5.718,5.629,5.714,363554800
2009-07-29,5.675,5.73,5.652,5.715,382158000
2009-07-30,5.775,5.883,5.768,5.814,469604800
2009-07-31,5.821,5.893,5.818,5.835,422536800
2009-08-03,5.9,5.951,5.888,5.944,394240000
2009-08-04,5.89,5.913,5.865,5.912,395810800
2009-08-05,5.92,5.978,5.865,5.897,423183600
2009-08-06,5.914,5.947,5.825,5.854,341616800
2009-08-07,5.91,5.95,5.886,5.911,387354800
2009-08-10,5.916,5.95,5.845,5.883,300294400
2009-08-11,5.846,5.871,5.781,5.815,355342400
2009-08-12,5.805,5.954,5.802,5.904,445071200
2009-08-13,5.952,6.024,5.946,6.015,439980800
2009-08-14,5.998,6.008,5.912,5.956,305816000
2009-08-17,5.841,5.843,5.694,5.7,524381200
2009-08-18,5.773,5.866,5.765,5.857,431152400
2009-08-19,5.812,5.904,5.802,5.879,413271600
2009-08-20,5.892,5.954,5.879,5.94,342031200
2009-08-21,5.988,6.049,5.957,6.044,416074400
2009-08-24,6.076,6.097,6.01,6.038,406929600
2009-08-25,6.052,6.105,6.04,6.05,324354800
2009-08-26,6.033,6.055,5.956,5.979,303998800
2009-08-27,6.027,6.056,5.887,6.052,449181600
2009-08-28,6.153,6.16,6.019,6.073,453700800
2009-08-31,6.006,6.03,5.946,6.008,311337600
2009-09-01,6,6.071,5.891,5.904,469028000
2009-09-02,5.879,5.986,5.861,5.899,364249200
2009-09-03,5.944,5.968,5.893,5.948,293955200
2009-09-04,5.974,6.096,5.968,6.082,374628800
2009-09-08,6.178,6.184,6.143,6.176,315047600
2009-09-09,6.171,6.231,6.061,6.112,811087200
2009-09-10,6.145,6.188,6.1,6.163,491134000
2009-09-11,6.175,6.185,6.102,6.149,348961200
2009-09-14,6.101,6.211,6.08,6.204,322011200
2009-09-15,6.216,6.273,6.2,6.256,426470800
2009-09-16,6.357,6.527,6.353,6.495,754023200
2009-09-17,6.499,6.671,6.499,6.591,810572000
2009-09-18,6.637,6.662,6.599,6.608,601582800
2009-09-21,6.582,6.613,6.486,6.572,437715600
2009-09-22,6.614,6.621,6.53,6.589,356753600
2009-09-23,6.621,6.746,6.608,6.625,593563600
2009-09-24,6.686,6.704,6.528,6.565,550880400
2009-09-25,6.5,6.625,6.48,6.513,445239200
2009-09-28,6.567,6.667,6.548,6.648,337444800
2009-09-29,6.669,6.693,6.582,6.621,345385600
2009-09-30,6.648,6.659,6.522,6.62,539585200
2009-10-01,6.62,6.651,6.454,6.459,524711600
2009-10-02,6.479,6.641,6.477,6.604,553308000
2009-10-05,6.65,6.674,6.581,6.644,423133200
2009-10-06,6.705,6.786,6.689,6.786,605085600
2009-10-07,6.777,6.805,6.751,6.795,465668000
2009-10-08,6.809,6.838,6.746,6.76,438211200
2009-10-09,6.749,6.811,6.736,6.802,293272000
2009-10-12,6.822,6.84,6.773,6.815,288024800
2009-10-13,6.808,6.827,6.775,6.786,348020400
2009-10-14,6.866,6.869,6.794,6.832,375510800
2009-10-15,6.773,6.819,6.769,6.806,373556400
2009-10-16,6.762,6.799,6.709,6.716,431426800
2009-10-19,6.709,6.786,6.627,6.781,942230800
2009-10-20,7.164,7.205,7.066,7.099,1141039200
2009-10-21,7.126,7.454,7.115,7.319,1193726800
2009-10-22,7.311,7.423,7.233,7.329,791392000
2009-10-23,7.346,7.35,7.258,7.284,420786800
2009-10-26,7.274,7.384,7.146,7.231,484338400
2009-10-27,7.202,7.243,7.016,7.049,756551600
2009-10-28,7.061,7.072,6.825,6.871,818386800
2009-10-29,6.964,7.029,6.862,7.012,570270400
2009-10-30,7.002,7.029,6.72,6.732,717525200
2009-11-02,6.779,6.889,6.628,6.761,678983200
2009-11-03,6.709,6.769,6.64,6.741,522541600
2009-11-04,6.812,6.923,6.794,6.815,487530400
2009-11-05,6.871,6.964,6.851,6.93,384801200
2009-11-06,6.875,6.971,6.871,6.941,295097600
2009-11-09,7.034,7.211,7.009,7.195,528855600
2009-11-10,7.179,7.321,7.179,7.249,401195200
2009-11-11,7.306,7.321,7.208,7.259,443870000
2009-11-12,7.255,7.317,7.194,7.214,363731200
2009-11-13,7.245,7.315,7.217,7.302,343240800
2009-11-16,7.339,7.429,7.322,7.38,485206400
2009-11-17,7.36,7.409,7.321,7.393,396513600
2009-11-18,7.376,7.393,7.286,7.356,374320800
2009-11-19,7.307,7.307,7.136,7.161,542326400
2009-11-20,7.113,7.157,7.063,7.14,406666400
2009-11-23,7.25,7.357,7.248,7.353,474896800
2009-11-24,7.333,7.353,7.246,7.301,318438400
2009-11-25,7.336,7.345,7.277,7.293,286454000
2009-11-27,7.115,7.249,7.085,7.164,295257200
2009-11-30,7.182,7.203,7.099,7.14,424858000
2009-12-01,7.223,7.242,7.03,7.035,465763200
2009-12-02,7.106,7.194,6.991,7.008,715260000
2009-12-03,7.051,7.106,7.01,7.017,448719600
2009-12-04,7.132,7.139,6.796,6.904,826884800
2009-12-07,6.904,6.92,6.739,6.748,714758800
2009-12-08,6.763,6.87,6.739,6.781,690398800
2009-12-09,6.831,7.077,6.797,7.064,684782000
2009-12-10,7.125,7.132,7.004,7.015,489669600
2009-12-11,7.064,7.071,6.908,6.952,429774800
2009-12-14,6.977,7.051,6.877,7.035,495790400
2009-12-15,6.994,7.054,6.903,6.935,419459600
2009-12-16,6.968,7.018,6.948,6.965,352984800
2009-12-17,6.938,6.964,6.821,6.852,388838800
2009-12-18,6.899,6.982,6.879,6.98,608770400
2009-12-21,7.002,7.134,6.988,7.08,611906400
2009-12-22,7.123,7.173,7.095,7.156,349515600
2009-12-23,7.186,7.228,7.172,7.218,345525600
2009-12-24,7.27,7.477,7.262,7.466,500889200
2009-12-28,7.561,7.641,7.486,7.557,644565600
2009-12-29,7.594,7.597,7.455,7.468,445205600
2009-12-30,7.458,7.571,7.44,7.559,412084400
2009-12-31,7.612,7.62,7.52,7.526,352410800
2010-01-04,7.622,7.661,7.585,7.643,493729600
2010-01-05,7.664,7.7,7.616,7.656,601904800
2010-01-06,7.656,7.687,7.527,7.535,552160000
2010-01-07,7.562,7.571,7.466,7.521,477131200
2010-01-08,7.511,7.571,7.466,7.571,447610800
2010-01-11,7.6,7.607,7.445,7.504,462229600
2010-01-12,7.471,7.492,7.372,7.419,594459600
2010-01-13,7.424,7.533,7.289,7.523,605892000
2010-01-14,7.504,7.516,7.465,7.48,432894000
2010-01-15,7.533,7.557,7.352,7.355,594067600
2010-01-19,7.44,7.685,7.401,7.68,730007600
2010-01-20,7.675,7.698,7.482,7.562,612152800
2010-01-21,7.574,7.618,7.4,7.431,608154400
2010-01-22,7.385,7.411,7.041,7.062,881767600
2010-01-25,7.233,7.311,7.15,7.253,1065699600
2010-01-26,7.355,7.633,7.235,7.355,1867110000
2010-01-27,7.387,7.521,7.126,7.424,1722568400
2010-01-28,7.319,7.339,7.096,7.117,1173502400
2010-01-29,7.181,7.221,6.795,6.859,1245952400
2010-02-01,6.87,7,6.832,6.955,749876400
2010-02-02,6.997,7.011,6.906,6.995,698342400
2010-02-03,6.97,7.15,6.944,7.115,615328000
2010-02-04,7.026,7.085,6.842,6.859,757652000
2010-02-05,6.88,7,6.816,6.981,850306800
2010-02-08,6.989,7.067,6.929,6.933,478270800
2010-02-09,7.015,7.054,6.955,7.007,632886800
2010-02-10,6.996,7.021,6.938,6.969,370361600
2010-02-11,6.96,7.134,6.931,7.095,550345600
2010-02-12,7.075,7.201,6.982,7.156,655468800
2010-02-16,7.212,7.275,7.197,7.264,543737600
2010-02-17,7.293,7.297,7.174,7.234,436396800
2010-02-18,7.201,7.282,7.176,7.247,422825200
2010-02-19,7.209,7.257,7.182,7.202,415469600
2010-02-22,7.226,7.232,7.114,7.158,390563600
2010-02-23,7.143,7.19,6.99,7.038,575094800
2010-02-24,7.08,7.194,7.066,7.166,460566400
2010-02-25,7.049,7.245,7.032,7.214,665126000
2010-02-26,7.228,7.327,7.214,7.308,507460800
2010-03-01,7.348,7.482,7.338,7.464,550093600
2010-03-02,7.497,7.53,7.419,7.459,566546400
2010-03-03,7.462,7.495,7.426,7.476,372052800
2010-03-04,7.474,7.533,7.451,7.525,366041200
2010-03-05,7.676,7.846,7.665,7.82,899620400
2010-03-08,7.858,7.86,7.795,7.824,429889600
2010-03-09,7.797,8.036,7.782,7.965,920259200
2010-03-10,7.994,8.053,7.971,8.03,596218000
2010-03-11,7.997,8.054,7.976,8.054,405700400
2010-03-12,8.12,8.133,8.062,8.093,416323600
2010-03-15,8.049,8.054,7.866,7.994,493502800
2010-03-16,8.006,8.035,7.947,8.016,446908000
2010-03-17,8.032,8.087,7.974,8.004,450956800
2010-03-18,8.004,8.036,7.95,8.023,342109600
2010-03-19,8.028,8.044,7.901,7.938,559445600
2010-03-22,7.874,8.071,7.863,8.027,456419600
2010-03-23,8.059,8.171,8.004,8.156,602431200
2010-03-24,8.13,8.221,8.125,8.192,597780400
2010-03-25,8.247,8.249,8.08,8.095,542284400
2010-03-26,8.177,8.284,8.163,8.246,640875200
2010-03-29,8.321,8.352,8.272,8.3,540744400
2010-03-30,8.45,8.481,8.366,8.423,527310000
2010-03-31,8.41,8.45,8.374,8.393,430659600
2010-04-01,8.479,8.526,8.312,8.427,603145200
2010-04-05,8.392,8.518,8.385,8.517,684507600
2010-04-06,8.507,8.58,8.464,8.555,447017200
2010-04-07,8.555,8.64,8.524,8.593,628502000
2010-04-08,8.587,8.626,8.501,8.57,572989200
2010-04-09,8.623,8.639,8.588,8.635,334182800
2010-04-12,8.65,8.681,8.636,8.653,333026400
2010-04-13,8.638,8.671,8.611,8.658,306210800
2010-04-14,8.76,8.779,8.717,8.775,404076400
2010-04-15,8.778,8.894,8.768,8.89,376784800
2010-04-16,8.877,8.969,8.734,8.836,750545600
2010-04-19,8.823,8.853,8.635,8.824,566924400
2010-04-20,8.876,8.902,8.677,8.735,738326400
2010-04-21,9.243,9.295,9.133,9.258,982391200
2010-04-22,9.223,9.527,9.15,9.517,793424800
2010-04-23,9.571,9.721,9.536,9.672,796955600
2010-04-26,9.71,9.731,9.578,9.625,479068800
2010-04-27,9.545,9.566,9.304,9.359,709343600
2010-04-28,9.402,9.429,9.158,9.343,758402400
2010-04-29,9.394,9.643,9.358,9.594,558840800
2010-04-30,9.618,9.663,9.321,9.325,542463600
2010-05-03,9.423,9.567,9.389,9.512,454342000
2010-05-04,9.389,9.403,9.17,9.239,723819600
2010-05-05,9.037,9.219,8.883,9.142,883103200
2010-05-06,9.065,9.223,7.116,8.795,1285860800
2010-05-07,8.704,8.806,8.043,8.424,1676018400
2010-05-10,8.938,9.095,8.876,9.071,984306400
2010-05-11,8.994,9.282,8.946,9.161,848906800
2010-05-12,9.259,9.398,9.239,9.36,654379600
2010-05-13,9.401,9.464,9.157,9.227,599712400
2010-05-14,9.113,9.16,8.911,9.065,759362800
2010-05-17,9.096,9.149,8.847,9.079,762834800
2010-05-18,9.178,9.234,8.938,9.013,782678400
2010-05-19,8.911,9.033,8.745,8.869,1025726800
2010-05-20,8.639,8.709,8.436,8.491,1282915200
2010-05-21,8.315,8.732,8.262,8.654,1223891200
2010-05-24,8.831,8.961,8.795,8.813,754238800
2010-05-25,8.548,8.813,8.47,8.758,1048006400
2010-05-26,8.931,9.005,8.705,8.718,850654000
2010-05-27,8.95,9.068,8.897,9.048,666282400
2010-05-28,9.264,9.264,9.048,9.174,815614800
2010-06-01,9.275,9.498,9.249,9.315,876472800
2010-06-02,9.448,9.457,9.297,9.427,688548000
2010-06-03,9.471,9.484,9.3,9.397,650106800
2010-06-04,9.222,9.354,9.094,9.141,758304400
2010-06-07,9.225,9.255,8.948,8.962,886942000
2010-06-08,9.044,9.064,8.773,8.905,1000770400
2010-06-09,8.981,8.996,8.66,8.686,854630000
2010-06-10,8.744,8.964,8.65,8.947,776356000
2010-06-11,8.865,9.066,8.835,9.054,545759200
2010-06-14,9.141,9.255,9.072,9.081,602960400
2010-06-15,9.13,9.28,9.125,9.275,585074000
2010-06-16,9.325,9.562,9.308,9.545,783678000
2010-06-17,9.664,9.746,9.625,9.71,872855200
2010-06-18,9.723,9.821,9.694,9.788,784621600
2010-06-21,9.917,9.965,9.597,9.649,776490400
2010-06-22,9.72,9.856,9.696,9.78,717262000
2010-06-23,9.806,9.809,9.568,9.677,768457200
2010-06-24,9.679,9.757,9.575,9.607,714277200
2010-06-25,9.645,9.653,9.493,9.525,549942400
2010-06-28,9.533,9.634,9.447,9.582,584948000
2010-06-29,9.433,9.443,9.082,9.149,1133344800
2010-06-30,9.168,9.213,8.929,8.983,739452000
2010-07-01,9.082,9.1,8.686,8.874,1022896000
2010-07-02,8.946,8.962,8.686,8.819,693842800
2010-07-06,8.964,9.029,8.791,8.88,615235600
2010-07-07,8.946,9.242,8.92,9.238,654556000
2010-07-08,9.374,9.389,9.103,9.217,738144400
2010-07-09,9.175,9.282,9.113,9.272,433322400
2010-07-12,9.233,9.352,9.102,9.189,562878400
2010-07-13,9.154,9.157,8.801,8.993,1190924000
2010-07-14,8.906,9.136,8.893,9.026,812047600
2010-07-15,8.865,9.177,8.832,8.98,824866000
2010-07-16,9.042,9.106,8.872,8.925,1039858400
2010-07-19,8.924,8.924,8.557,8.771,1024478000
2010-07-20,8.675,9.032,8.572,8.996,1074950800
2010-07-21,9.467,9.47,9.071,9.08,1185671200
2010-07-22,9.203,9.286,9.118,9.251,645318800
2010-07-23,9.182,9.299,9.153,9.284,533388800
2010-07-26,9.286,9.289,9.204,9.26,420551600
2010-07-27,9.317,9.457,9.296,9.431,584771600
2010-07-28,9.417,9.5,9.295,9.32,519985200
2010-07-29,9.311,9.38,9.146,9.218,643806800
2010-07-30,9.139,9.275,9.104,9.188,448210000
2010-08-02,9.301,9.378,9.272,9.352,428055600
2010-08-03,9.322,9.402,9.265,9.355,417653600
2010-08-04,9.387,9.439,9.297,9.392,420375200
2010-08-05,9.347,9.399,9.305,9.346,289097200
2010-08-06,9.278,9.339,9.201,9.289,444897600
2010-08-09,9.339,9.363,9.27,9.348,303128000
2010-08-10,9.28,9.302,9.198,9.265,451920000
2010-08-11,9.121,9.132,8.922,8.935,620054400
2010-08-12,8.81,9.039,8.79,8.993,534920400
2010-08-13,8.988,8.996,8.896,8.896,354869200
2010-08-16,8.842,8.929,8.808,8.844,318430000
2010-08-17,8.931,9.094,8.9,8.999,422640400
2010-08-18,9.013,9.095,8.985,9.038,339696000
2010-08-19,9.03,9.053,8.881,8.924,426706000
2010-08-20,8.907,9.069,8.893,8.916,384230000
2010-08-23,8.993,9,8.759,8.779,414041600
2010-08-24,8.667,8.679,8.523,8.569,602565600
2010-08-25,8.501,8.714,8.471,8.675,596867600
2010-08-26,8.766,8.777,8.581,8.581,466505200
2010-08-27,8.634,8.665,8.413,8.629,548391200
2010-08-30,8.599,8.777,8.596,8.661,383289200
2010-08-31,8.637,8.734,8.584,8.682,420786800
2010-09-01,8.838,8.981,8.796,8.94,697037600
2010-09-02,8.974,9.006,8.877,9.006,415427600
2010-09-03,9.11,9.242,9.089,9.242,520788800
2010-09-07,9.166,9.269,9.152,9.208,342557600
2010-09-08,9.278,9.443,9.254,9.39,526551200
2010-09-09,9.466,9.519,9.39,9.395,438575200
2010-09-10,9.4,9.446,9.336,9.408,387542400
2010-09-13,9.494,9.581,9.491,9.537,388780000
2010-09-14,9.507,9.613,9.483,9.574,408150400
2010-09-15,9.578,9.656,9.566,9.651,429368800
2010-09-16,9.651,9.881,9.625,9.877,652103200
2010-09-17,9.917,9.927,9.774,9.835,634477200
2010-09-20,9.86,10.135,9.852,10.115,658677600
2010-09-21,10.138,10.262,10.1,10.135,668074400
2010-09-22,10.097,10.285,10.086,10.277,585289600
2010-09-23,10.226,10.456,10.214,10.319,786116800
2010-09-24,10.432,10.483,10.377,10.44,649488000
2010-09-27,10.499,10.526,10.393,10.399,482834800
2010-09-28,10.42,10.42,9.821,10.245,1035042400
2010-09-29,10.258,10.35,10.214,10.263,469644000
2010-09-30,10.321,10.357,10.045,10.134,673391600
2010-10-01,10.22,10.235,10.048,10.09,448142800
2010-10-04,10.057,10.104,9.92,9.951,435302000
2010-10-05,10.071,10.337,10.065,10.319,501967200
2010-10-06,10.342,10.428,10.188,10.328,670868800
2010-10-07,10.369,10.374,10.247,10.329,408399600
2010-10-08,10.418,10.518,10.357,10.502,658403200
2010-10-11,10.526,10.616,10.521,10.549,427753200
2010-10-12,10.55,10.696,10.446,10.662,558544000
2010-10-13,10.721,10.784,10.707,10.719,630092400
2010-10-14,10.775,10.802,10.729,10.797,435296400
2010-10-15,10.98,11.25,10.89,11.241,922194000
2010-10-18,11.374,11.393,11.225,11.357,1093010800
2010-10-19,10.836,11.206,10.715,11.053,1232784000
2010-10-20,11.036,11.223,10.96,11.09,721624400
2010-10-21,11.156,11.241,10.957,11.054,551460000
2010-10-22,11.038,11.073,10.939,10.981,372778000
2010-10-25,11.039,11.129,11.016,11.03,392462000
2010-10-26,10.96,11.062,10.916,11.002,392929600
2010-10-27,10.988,11.068,10.914,10.994,399002800
2010-10-28,10.998,11,10.746,10.901,551051200
2010-10-29,10.865,10.924,10.745,10.749,430511200
2010-11-01,10.794,10.914,10.793,10.864,423889200
2010-11-02,10.964,11.078,10.964,11.049,433930000
2010-11-03,11.12,11.174,11.019,11.171,508348400
2010-11-04,11.266,11.435,11.251,11.367,642488000
2010-11-05,11.357,11.413,11.312,11.326,361253200
2010-11-08,11.329,11.42,11.313,11.379,281758400
2010-11-09,11.466,11.475,11.232,11.289,383544000
2010-11-10,11.309,11.385,11.198,11.358,384227200
2010-11-11,11.25,11.371,11.223,11.309,361284000
2010-11-12,11.286,11.304,10.844,11.001,795846800
2010-11-15,11.016,11.091,10.938,10.966,403606000
2010-11-16,10.919,10.986,10.69,10.771,657650000
2010-11-17,10.757,10.857,10.634,10.732,479449600
2010-11-18,10.9,11.06,10.882,11.015,494491200
2010-11-19,10.999,11.014,10.901,10.955,384843200
2010-11-22,10.953,11.191,10.924,11.191,393075200
2010-11-23,11.087,11.134,10.949,11.026,519447600
2010-11-24,11.143,11.264,11.134,11.243,413725200
2010-11-26,11.205,11.346,11.176,11.25,237585600
2010-11-29,11.268,11.339,11.121,11.317,445785200
2010-11-30,11.198,11.227,11.102,11.113,501858000
2010-12-01,11.26,11.348,11.25,11.3,461750800
2010-12-02,11.34,11.393,11.246,11.363,462837200
2010-12-03,11.322,11.38,11.298,11.337,342092800
2010-12-06,11.38,11.512,11.372,11.434,448481600
2010-12-07,11.564,11.571,11.361,11.365,391454000
2010-12-08,11.415,11.465,11.325,11.465,321935600
2010-12-09,11.505,11.518,11.394,11.42,294151200
2010-12-10,11.416,11.466,11.379,11.449,262511200
2010-12-13,11.585,11.609,11.464,11.488,439815600
2010-12-14,11.49,11.519,11.393,11.439,351008000
2010-12-15,11.429,11.536,11.4,11.441,417312000
2010-12-16,11.467,11.522,11.432,11.473,322030800
2010-12-17,11.487,11.493,11.437,11.45,386929200
2010-12-20,11.486,11.545,11.365,11.507,385610400
2010-12-21,11.536,11.585,11.502,11.579,256354000
2010-12-22,11.584,11.633,11.555,11.613,265921600
2010-12-23,11.607,11.613,11.542,11.557,223157200
2010-12-27,11.53,11.623,11.483,11.596,249816000
2010-12-28,11.64,11.666,11.609,11.624,175924000
2010-12-29,11.651,11.659,11.611,11.618,163139200
2010-12-30,11.624,11.625,11.538,11.559,157494400
2010-12-31,11.534,11.553,11.475,11.52,193508000
2011-01-03,11.63,11.795,11.601,11.77,445138400
2011-01-04,11.873,11.875,11.72,11.832,309080800
2011-01-05,11.77,11.941,11.768,11.929,255519600
2011-01-06,11.954,11.973,11.889,11.919,300428800
2011-01-07,11.928,12.012,11.854,12.004,311931200
2011-01-10,12.101,12.258,12.042,12.23,448560000
2011-01-11,12.317,12.32,12.124,12.201,444108000
2011-01-12,12.259,12.301,12.214,12.301,302590400
2011-01-13,12.327,12.38,12.28,12.346,296780400
2011-01-14,12.353,12.446,12.301,12.446,308840000
2011-01-18,11.769,12.313,11.643,12.166,1880998000
2011-01-19,12.441,12.45,12.031,12.101,1135612800
2011-01-20,12.015,12.082,11.79,11.881,764789200
2011-01-21,11.92,11.96,11.665,11.669,754401200
2011-01-24,11.674,12.052,11.669,12.052,574683200
2011-01-25,12.012,12.194,11.949,12.193,546868000
2011-01-26,12.249,12.343,12.196,12.28,506875600
2011-01-27,12.278,12.31,12.244,12.257,285026000
2011-01-28,12.292,12.3,11.912,12.004,592057200
2011-01-31,11.993,12.144,11.939,12.119,377246800
2011-02-01,12.189,12.345,12.178,12.323,426633200
2011-02-02,12.302,12.33,12.27,12.297,258955200
2011-02-03,12.279,12.294,12.091,12.266,393797600
2011-02-04,12.273,12.382,12.268,12.375,321840400
2011-02-07,12.425,12.616,12.416,12.567,485021600
2011-02-08,12.631,12.697,12.577,12.686,381040800
2011-02-09,12.685,12.821,12.674,12.791,482745200
2011-02-10,12.764,12.857,12.429,12.662,928550000
2011-02-11,12.67,12.779,12.626,12.745,367572800
2011-02-14,12.743,12.839,12.74,12.828,310416400
2011-02-15,12.828,12.856,12.77,12.854,284174800
2011-02-16,12.886,13.032,12.875,12.969,481157600
2011-02-17,12.759,12.867,12.733,12.796,530583200
2011-02-18,12.811,12.839,12.483,12.52,816057200
2011-02-22,12.22,12.336,12.061,12.093,872555600
2011-02-23,12.099,12.309,12.093,12.236,671854400
2011-02-24,12.286,12.327,12.085,12.246,499900800
2011-02-25,12.331,12.444,12.314,12.434,380018800
2011-02-28,12.544,12.68,12.54,12.615,403074000
2011-03-01,12.695,12.704,12.417,12.475,456136800
2011-03-02,12.499,12.655,12.443,12.576,602590800
2011-03-03,12.757,12.85,12.711,12.841,500788400
2011-03-04,12.86,12.868,12.777,12.857,453266800
2011-03-07,12.907,12.917,12.547,12.691,546123200
2011-03-08,12.675,12.764,12.58,12.706,356316800
2011-03-09,12.667,12.67,12.521,12.588,453306000
2011-03-10,12.469,12.492,12.318,12.381,507539200
2011-03-11,12.333,12.583,12.321,12.571,471080400
2011-03-14,12.614,12.731,12.547,12.627,435957200
2011-03-15,12.218,12.423,12.146,12.337,721081200
2011-03-16,12.214,12.25,11.652,11.786,1162011200
2011-03-17,12.03,12.129,11.809,11.951,659422400
2011-03-18,12.04,12.079,11.786,11.81,753214000
2011-03-21,12,12.134,11.974,12.118,409402000
2011-03-22,12.234,12.236,12.112,12.186,325922800
2011-03-23,12.117,12.151,11.998,12.114,372996400
2011-03-24,12.209,12.357,12.102,12.32,404712000
2011-03-25,12.431,12.574,12.394,12.555,448910000
2011-03-28,12.613,12.654,12.516,12.516,309355200
2011-03-29,12.416,12.534,12.359,12.534,352900800
2011-03-30,12.523,12.531,12.409,12.451,329406000
2011-03-31,12.37,12.493,12.359,12.447,274019200
2011-04-01,12.54,12.557,12.261,12.306,418661600
2011-04-04,12.297,12.307,12.086,12.185,460084800
2011-04-05,12.035,12.223,12,12.103,482731200
2011-04-06,12.186,12.282,12.041,12.073,402539200
2011-04-07,12.075,12.158,12.001,12.074,373447200
2011-04-08,12.14,12.148,11.927,11.966,377535200
2011-04-11,11.931,11.988,11.786,11.814,398946800
2011-04-12,11.803,11.919,11.793,11.871,425639200
2011-04-13,11.965,12.005,11.876,12.005,346220000
2011-04-14,11.957,12,11.859,11.872,301800800
2011-04-15,11.904,11.916,11.671,11.695,453605600
2011-04-18,11.646,11.865,11.434,11.852,609898800
2011-04-19,11.896,12.071,11.847,12.066,419378400
2011-04-20,12.268,12.348,12.196,12.229,700666400
2011-04-21,12.679,12.683,12.447,12.525,753810400
2011-04-25,12.512,12.634,12.511,12.608,266546000
2011-04-26,12.629,12.678,12.477,12.515,338800000
2011-04-27,12.58,12.584,12.396,12.505,356213200
2011-04-28,12.364,12.491,12.34,12.384,360959200
2011-04-29,12.385,12.641,12.381,12.505,1006345200
2011-05-02,12.491,12.517,12.339,12.367,442713600
2011-05-03,12.428,12.496,12.344,12.436,313348000
2011-05-04,12.438,12.565,12.389,12.485,389250400
2011-05-05,12.443,12.534,12.359,12.384,335969200
2011-05-06,12.489,12.5,12.365,12.381,280134400
2011-05-09,12.424,12.471,12.376,12.414,204747200
2011-05-10,12.46,12.489,12.381,12.48,282091600
2011-05-11,12.465,12.5,12.33,12.401,336000000
2011-05-12,12.361,12.397,12.224,12.377,322000000
2011-05-13,12.345,12.366,12.155,12.161,326116000
2011-05-16,12.114,12.186,11.879,11.904,449775200
2011-05-17,11.857,12.005,11.812,12.005,452334400
2011-05-18,12.017,12.18,12,12.138,334776400
2011-05-19,12.217,12.229,12.095,12.162,261170000
2011-05-20,12.127,12.177,11.965,11.972,337968400
2011-05-23,11.785,11.999,11.765,11.943,383600000
2011-05-24,11.982,11.996,11.834,11.864,321927200
2011-05-25,11.908,12.091,11.887,12.028,294224000
2011-05-26,11.999,12.032,11.944,11.964,222560800
2011-05-27,11.957,12.058,11.94,12.05,203599200
2011-05-31,12.182,12.422,12.179,12.422,417754400
2011-06-01,12.46,12.576,12.309,12.34,554682800
2011-06-02,12.375,12.428,12.296,12.361,338783200
2011-06-03,12.256,12.333,12.215,12.266,313250000
2011-06-06,12.346,12.395,12.065,12.073,461941200
2011-06-07,12.078,12.079,11.854,11.859,529785200
2011-06-08,11.849,11.957,11.809,11.866,333723600
2011-06-09,11.902,11.917,11.812,11.839,275088800
2011-06-10,11.805,11.845,11.625,11.639,433955200
2011-06-13,11.686,11.725,11.61,11.664,329473200
2011-06-14,11.786,11.902,11.761,11.873,334569200
2011-06-15,11.777,11.796,11.603,11.67,399196000
2011-06-16,11.675,11.739,11.369,11.613,510591200
2011-06-17,11.75,11.759,11.406,11.438,615020000
2011-06-20,11.334,11.346,11.089,11.261,640645600
2011-06-21,11.31,11.636,11.257,11.618,493382400
2011-06-22,11.613,11.746,11.514,11.522,390583200
2011-06-23,11.391,11.846,11.361,11.83,559759200
2011-06-24,11.835,11.898,11.61,11.655,439807200
2011-06-27,11.7,11.925,11.688,11.859,339813600
2011-06-28,11.916,12.025,11.909,11.974,294299600
2011-06-29,12.001,12.013,11.853,11.93,352545200
2011-06-30,11.954,12.005,11.887,11.988,322954800
2011-07-01,11.998,12.268,11.936,12.259,435313200
2011-07-05,12.25,12.494,12.232,12.48,355054000
2011-07-06,12.462,12.646,12.382,12.563,444626000
2011-07-07,12.667,12.786,12.643,12.757,399663600
2011-07-08,12.619,12.857,12.579,12.847,489633200
2011-07-11,12.726,12.849,12.601,12.643,442674400
2011-07-12,12.626,12.774,12.451,12.634,451609200
2011-07-13,12.797,12.857,12.728,12.786,391638800
2011-07-14,12.893,12.915,12.726,12.778,430533600
2011-07-15,12.899,13.036,12.828,13.033,484467200
2011-07-18,13.051,13.38,13.046,13.35,572653200
2011-07-19,13.5,13.523,13.333,13.459,819145600
2011-07-20,14.147,14.153,13.786,13.818,941340400
2011-07-21,13.82,13.931,13.711,13.832,526534400
2011-07-22,13.869,14.109,13.848,14.046,516728800
2011-07-25,13.941,14.286,13.915,14.232,589806000
2011-07-26,14.286,14.446,14.274,14.408,476582400
2011-07-27,14.307,14.38,14.005,14.021,659324400
2011-07-28,13.986,14.178,13.862,13.994,594034000
2011-07-29,13.844,14.113,13.714,13.946,632584400
2011-08-01,14.206,14.268,14.013,14.17,612836000
2011-08-02,14.202,14.211,13.87,13.89,639539600
2011-08-03,13.964,14.055,13.651,14.02,732508000
2011-08-04,13.908,13.976,13.477,13.477,871407600
2011-08-05,13.587,13.696,12.949,13.344,1204590800
2011-08-08,12.917,13.135,12.608,12.615,1143833600
2011-08-09,12.904,13.379,12.679,13.358,1082583600
2011-08-10,13.255,13.38,12.946,12.989,878656800
2011-08-11,13.233,13.409,13.026,13.346,741969200
2011-08-12,13.502,13.559,13.365,13.464,528976000
2011-08-15,13.558,13.749,13.503,13.693,460544000
2011-08-16,13.626,13.692,13.431,13.589,498750000
2011-08-17,13.654,13.733,13.5,13.587,442061200
2011-08-18,13.244,13.309,12.906,13.073,851435200
2011-08-19,12.935,13.107,12.714,12.715,775888400
2011-08-22,13.018,13.031,12.682,12.73,535315200
2011-08-23,12.868,13.344,12.75,13.343,656835200
2011-08-24,13.338,13.534,13.236,13.435,626267600
2011-08-25,13.039,13.409,13.036,13.347,871346000
2011-08-26,13.256,13.707,13.243,13.699,641477200
2011-08-29,13.864,13.982,13.857,13.927,405269200
2011-08-30,13.866,13.994,13.793,13.928,417922400
2011-08-31,13.949,14.003,13.638,13.744,522586400
2011-09-01,13.779,13.834,13.597,13.608,343725200
2011-09-02,13.384,13.5,13.28,13.359,438939200
2011-09-06,13.12,13.583,13.089,13.562,509698000
2011-09-07,13.77,13.771,13.643,13.712,350576800
2011-09-08,13.657,13.879,13.654,13.719,416158400
2011-09-09,13.712,13.786,13.394,13.481,564813200
2011-09-12,13.321,13.603,13.282,13.569,467832400
2011-09-13,13.648,13.793,13.58,13.736,440560400
2011-09-14,13.822,14.007,13.777,13.904,534724400
2011-09-15,13.98,14.059,13.925,14.034,417818800
2011-09-16,14.126,14.304,14.108,14.304,698513200
2011-09-19,14.179,14.758,14.114,14.701,823860800
2011-09-20,14.83,15.102,14.685,14.766,775754000
2011-09-21,14.987,15.057,14.714,14.719,605976000
2011-09-22,14.323,14.636,14.168,14.351,968480800
2011-09-23,14.296,14.526,14.28,14.439,546277200
2011-09-26,14.281,14.428,13.975,14.399,812876400
2011-09-27,14.597,14.616,14.216,14.259,632497600
2011-09-28,14.292,14.419,14.161,14.179,429637600
2011-09-29,14.354,14.365,13.793,13.949,651086800
2011-09-30,13.826,13.889,13.614,13.619,547640800
2011-10-03,13.585,13.666,13.328,13.379,669099200
2011-10-04,13.377,13.636,12.651,13.304,1233677200
2011-10-05,13.138,13.565,12.868,13.509,786469600
2011-10-06,13.333,13.742,13.279,13.477,812582400
2011-10-07,13.421,13.491,13.16,13.207,535458000
2011-10-10,13.539,13.886,13.507,13.886,442514800
2011-10-11,14.02,14.399,13.982,14.296,605687600
2011-10-12,14.548,14.616,14.291,14.364,622286000
2011-10-13,14.464,14.587,14.387,14.587,426185200
2011-10-14,14.887,15.071,14.831,15.071,573367200
2011-10-17,15.062,15.239,14.855,15,686044800
2011-10-18,15.063,15.172,14.857,15.08,881602400
2011-10-19,14.334,14.586,14.207,14.236,1104059600
2011-10-20,14.286,14.298,14.079,14.118,549270400
2011-10-21,14.218,14.255,13.955,14.031,621244400
2011-10-24,14.149,14.518,14.121,14.492,502138000
2011-10-25,14.465,14.52,14.192,14.206,430427200
2011-10-26,14.349,14.377,14.041,14.307,456304800
2011-10-27,14.556,14.607,14.353,14.453,494664800
2011-10-28,14.393,14.512,14.375,14.462,322842800
2011-10-31,14.372,14.619,14.323,14.456,385501200
2011-11-01,14.193,14.268,14.044,14.161,531790000
2011-11-02,14.289,14.301,14.111,14.193,327350800
2011-11-03,14.252,14.407,14.12,14.395,441386400
2011-11-04,14.358,14.409,14.256,14.294,302229200
2011-11-07,14.283,14.286,14.148,14.276,270275600
2011-11-08,14.365,14.571,14.341,14.508,400442000
2011-11-09,14.177,14.318,14.08,14.117,558684000
2011-11-10,14.18,14.186,13.648,13.758,744752400
2011-11-11,13.807,13.882,13.581,13.736,653786000
2011-11-14,13.697,13.759,13.507,13.545,432905200
2011-11-15,13.6,13.911,13.552,13.887,430810800
2011-11-16,13.902,13.969,13.726,13.742,349210400
2011-11-17,13.714,13.735,13.411,13.479,479900400
2011-11-18,13.533,13.571,13.389,13.391,371938000
2011-11-21,13.229,13.274,13.068,13.179,447980400
2011-11-22,13.251,13.498,13.248,13.447,409021200
2011-11-23,13.375,13.423,13.103,13.107,428271200
2011-11-25,13.158,13.255,12.976,12.985,254760800
2011-11-28,13.298,13.454,13.226,13.433,346413200
2011-11-29,13.423,13.53,13.221,13.329,375855200
2011-11-30,13.618,13.653,13.511,13.65,405938400
2011-12-01,13.662,13.893,13.598,13.855,387181200
2011-12-02,13.922,14.058,13.878,13.918,379055600
2011-12-05,14.053,14.158,13.943,14.036,357210000
2011-12-06,14.018,14.094,13.906,13.962,283598000
2011-12-07,13.926,13.962,13.813,13.896,304746400
2011-12-08,13.98,14.125,13.937,13.952,376356400
2011-12-09,14.03,14.073,13.965,14.058,296993200
2011-12-12,13.989,14.068,13.909,13.994,301067200
2011-12-13,14.036,14.121,13.825,13.886,338928800
2011-12-14,13.811,13.835,13.489,13.578,406887600
2011-12-15,13.69,13.705,13.511,13.534,256200000
2011-12-16,13.584,13.72,13.556,13.608,421478400
2011-12-19,13.66,13.745,13.589,13.65,235530400
2011-12-20,13.849,14.146,13.831,14.141,337215200
2011-12-21,14.167,14.189,14,14.159,262948000
2011-12-22,14.179,14.255,14.146,14.234,202358800
2011-12-23,14.275,14.414,14.267,14.405,269399200
2011-12-27,14.396,14.61,14.394,14.519,265076000
2011-12-28,14.532,14.58,14.334,14.38,228662000
2011-12-29,14.407,14.488,14.304,14.469,215978000
2011-12-30,14.411,14.51,14.41,14.464,179662000
2012-01-03,14.621,14.732,14.607,14.687,302220800
2012-01-04,14.643,14.81,14.617,14.766,260022000
2012-01-05,14.82,14.948,14.738,14.93,271269600
2012-01-06,14.992,15.098,14.972,15.086,318292800
2012-01-09,15.196,15.277,15.048,15.062,394024400
2012-01-10,15.211,15.214,15.054,15.116,258196400
2012-01-11,15.096,15.102,14.975,15.091,215084800
2012-01-12,15.081,15.104,14.955,15.05,212587200
2012-01-13,14.989,15.016,14.952,14.993,226021600
2012-01-17,15.15,15.214,15.106,15.168,242897200
2012-01-18,15.249,15.338,15.225,15.325,276791200
2012-01-19,15.363,15.406,15.233,15.277,261738400
2012-01-20,15.267,15.268,14.991,15.011,413974400
2012-01-23,15.095,15.302,15.082,15.265,306062400
2012-01-24,15.182,15.182,14.984,15.015,547638000
2012-01-25,16.23,16.23,15.847,15.952,958314000
2012-01-26,16.013,16.028,15.826,15.88,323985200
2012-01-27,15.869,16.017,15.849,15.974,299709200
2012-01-30,15.918,16.211,15.907,16.179,379341200
2012-01-31,16.271,16.366,16.181,16.303,391683600
2012-02-01,16.372,16.392,16.27,16.292,270046000
2012-02-02,16.282,16.327,16.214,16.254,186796400
2012-02-03,16.332,16.429,16.27,16.417,286599600
2012-02-06,16.371,16.606,16.364,16.57,249412800
2012-02-07,16.616,16.777,16.592,16.744,316223600
2012-02-08,16.804,17.028,16.775,17.024,407890000
2012-02-09,17.17,17.741,17.163,17.613,884214800
2012-02-10,17.534,17.772,17.448,17.622,631302000
2012-02-13,17.84,17.994,17.753,17.95,517216000
2012-02-14,18.024,18.199,17.929,18.195,460398400
2012-02-15,18.366,18.796,17.746,17.774,1506120000
2012-02-16,17.554,18.032,17.38,17.936,944552000
2012-02-17,17.968,18.135,17.868,17.933,535805200
2012-02-21,18.103,18.388,18.004,18.388,605595200
2012-02-22,18.324,18.41,18.181,18.323,483302400
2012-02-23,18.396,18.494,18.196,18.442,568027600
2012-02-24,18.56,18.675,18.523,18.657,415072000
2012-02-27,18.618,18.875,18.439,18.777,547582000
2012-02-28,18.856,19.122,18.78,19.122,600387200
2012-02-29,19.341,19.558,19.132,19.373,952011200
2012-03-01,19.577,19.579,19.242,19.445,683270000
2012-03-02,19.437,19.529,19.376,19.471,431712400
2012-03-05,19.479,19.553,18.786,19.041,809124400
2012-03-06,18.702,19.06,18.436,18.938,810238800
2012-03-07,19.171,19.206,18.689,18.953,798520800
2012-03-08,19.096,19.392,19.004,19.357,516457200
2012-03-09,19.436,19.562,19.397,19.47,418919200
2012-03-12,19.606,19.714,19.536,19.714,407282400
2012-03-13,19.912,20.292,19.848,20.289,690855200
2012-03-14,20.645,21.24,20.55,21.056,1418844000
2012-03-15,21.415,21.429,20.663,20.913,1159718000
2012-03-16,20.883,21.043,20.643,20.913,825487600
2012-03-19,21.37,21.492,21.038,21.468,901236000
2012-03-20,21.411,21.675,21.124,21.641,816662000
2012-03-21,21.526,21.773,21.479,21.518,644042000
2012-03-22,21.349,21.589,21.269,21.405,623870800
2012-03-23,21.446,21.493,21.229,21.288,430488800
2012-03-26,21.421,21.684,21.259,21.678,595742000
2012-03-27,21.649,22.01,21.645,21.946,607129600
2012-03-28,22.085,22.195,21.797,22.058,655460400
2012-03-29,21.885,22.02,21.687,21.781,608238400
2012-03-30,21.742,21.806,21.355,21.413,731038000
2012-04-02,21.494,22.099,21.442,22.094,598351600
2012-04-03,22.404,22.579,22.233,22.476,834559600
2012-04-04,22.298,22.352,22.036,22.297,572980800
2012-04-05,22.392,22.666,22.264,22.631,641298000
2012-04-09,22.362,22.851,22.332,22.722,597536800
2012-04-10,22.855,23,22.357,22.444,889725200
2012-04-11,22.721,22.745,22.262,22.364,696614800
2012-04-12,22.321,22.548,22.161,22.242,614336800
2012-04-13,22.29,22.311,21.554,21.615,859644800
2012-04-16,21.788,21.796,20.652,20.719,1050786800
2012-04-17,20.676,21.786,20.425,21.775,1025528000
2012-04-18,21.919,22.152,21.525,21.726,954531200
2012-04-19,21.436,21.597,20.876,20.98,834719200
2012-04-20,21.121,21.236,20.372,20.464,1030985200
2012-04-23,20.379,20.595,19.879,20.418,966529200
2012-04-24,20.093,20.275,19.821,20.01,1076149200
2012-04-25,21.987,22.071,21.643,21.786,905777600
2012-04-26,21.938,21.953,21.505,21.704,536068400
2012-04-27,21.61,21.649,21.446,21.536,406722400
2012-04-30,21.35,21.371,20.821,20.856,506144800
2012-05-01,20.889,21.313,20.758,20.79,610999200
2012-05-02,20.723,20.979,20.674,20.928,427389200
2012-05-03,21.089,21.121,20.725,20.779,390549600
2012-05-04,20.61,20.656,20.185,20.188,529992400
2012-05-07,20.054,20.456,20.044,20.339,460118400
2012-05-08,20.342,20.411,19.955,20.292,497252000
2012-05-09,20.132,20.499,20.03,20.328,480704000
2012-05-10,20.521,20.567,20.301,20.376,333200000
2012-05-11,20.179,20.517,20.155,20.24,399546000
2012-05-14,20.092,20.268,19.914,19.936,352626400
2012-05-15,20.052,20.115,19.705,19.756,476336000
2012-05-16,19.788,19.889,19.323,19.503,560896000
2012-05-17,19.475,19.554,18.933,18.933,717220000
2012-05-18,19.07,19.407,18.649,18.942,732292400
2012-05-21,19.089,20.055,19.073,20.046,631106000
2012-05-22,20.341,20.496,19.735,19.892,694870400
2012-05-23,19.911,20.457,19.758,20.377,584897600
2012-05-24,20.567,20.589,20.044,20.19,496230000
2012-05-25,20.164,20.209,19.945,20.082,328507200
2012-05-29,20.389,20.5,20.19,20.438,380508800
2012-05-30,20.329,20.714,20.234,20.685,529429600
2012-05-31,20.741,20.768,20.409,20.633,491674400
2012-06-01,20.327,20.452,20.019,20.035,520987600
2012-06-04,20.054,20.268,19.589,20.153,556995600
2012-06-05,20.045,20.231,19.94,20.101,388214400
2012-06-06,20.278,20.495,20.196,20.409,401455600
2012-06-07,20.618,20.619,20.375,20.419,379766800
2012-06-08,20.414,20.735,20.321,20.726,347516400
2012-06-11,20.99,21.018,20.38,20.399,591264800
2012-06-12,20.516,20.594,20.239,20.577,435380400
2012-06-13,20.519,20.66,20.371,20.434,293580000
2012-06-14,20.401,20.482,20.259,20.412,345573200
2012-06-15,20.393,20.522,20.341,20.505,335255200
2012-06-18,20.391,20.996,20.37,20.921,440412000
2012-06-19,20.836,21.071,20.825,20.979,361404400
2012-06-20,21.007,21.045,20.743,20.919,358943200
2012-06-21,20.909,21.008,20.623,20.631,326351200
2012-06-22,20.68,20.792,20.551,20.789,284471600
2012-06-25,20.618,20.707,20.37,20.385,304382400
2012-06-26,20.405,20.517,20.262,20.43,276536400
2012-06-27,20.536,20.598,20.426,20.518,202997200
2012-06-28,20.417,20.5,20.2,20.323,282836400
2012-06-29,20.643,20.857,20.509,20.857,421500800
2012-07-02,20.883,21.195,20.843,21.161,400092000
2012-07-03,21.246,21.429,21.214,21.407,241712800
2012-07-05,21.449,21.941,21.416,21.784,484383200
2012-07-06,21.682,21.73,21.485,21.639,418930400
2012-07-09,21.618,21.925,21.575,21.925,379405600
2012-07-10,22.07,22.138,21.618,21.722,511957600
2012-07-11,21.647,21.702,21.329,21.587,469322000
2012-07-12,21.437,21.552,21.167,21.389,428041600
2012-07-13,21.534,21.685,21.429,21.606,311427200
2012-07-16,21.611,21.844,21.608,21.675,301260400
2012-07-17,21.814,21.839,21.541,21.676,293624800
2012-07-18,21.664,21.726,21.556,21.652,252700000
2012-07-19,21.831,21.977,21.643,21.94,436861600
2012-07-20,21.894,21.944,21.561,21.582,397471200
2012-07-23,21.229,21.639,20.99,21.565,487975600
2012-07-24,21.692,21.774,21.375,21.461,565132400
2012-07-25,20.516,20.743,20.357,20.535,877312800
2012-07-26,20.706,20.729,20.37,20.531,406632800
2012-07-27,20.536,20.923,20.414,20.899,403936400
2012-07-30,21.104,21.409,20.994,21.251,379142400
2012-07-31,21.544,21.846,21.526,21.813,462327600
2012-08-01,21.997,22.014,21.536,21.672,384501600
2012-08-02,21.53,21.81,21.438,21.707,332158400
2012-08-03,21.915,22.071,21.841,21.989,344920800
2012-08-06,22.046,22.317,21.974,22.234,302103200
2012-08-07,22.242,22.321,22.073,22.175,290446800
2012-08-08,22.121,22.281,22.039,22.138,244706000
2012-08-09,22.066,22.205,22.064,22.169,221642400
2012-08-10,22.097,22.206,22.096,22.204,194938800
2012-08-13,22.264,22.5,22.259,22.5,278832400
2012-08-14,22.567,22.808,22.507,22.56,340169200
2012-08-15,22.546,22.643,22.42,22.53,257342400
2012-08-16,22.543,22.741,22.518,22.726,254534000
2012-08-17,22.857,23.15,22.815,23.147,442761200
2012-08-20,23.215,23.755,23.211,23.755,613384800
2012-08-21,23.958,24.103,23.226,23.431,812719600
2012-08-22,23.372,23.893,23.147,23.888,565322800
2012-08-23,23.79,23.925,23.612,23.665,420128800
2012-08-24,23.554,23.91,23.413,23.686,437340400
2012-08-27,24.285,24.317,24.055,24.131,427008400
2012-08-28,24.106,24.146,23.952,24.1,267416800
2012-08-29,24.116,24.202,24.021,24.052,202806800
2012-08-30,23.951,23.984,23.673,23.71,302699600
2012-08-31,23.83,23.879,23.473,23.759,338321200
2012-09-04,23.777,24.112,23.732,24.106,367892000
2012-09-05,24.128,24.155,23.914,23.937,336375200
2012-09-06,24.042,24.225,23.957,24.153,391196400
2012-09-07,24.216,24.374,24.135,24.301,329666400
2012-09-10,24.302,24.403,23.646,23.669,487998000
2012-09-11,23.754,23.932,23.446,23.593,503983200
2012-09-12,23.816,23.925,23.429,23.921,712233200
2012-09-13,24.192,24.482,24.099,24.392,598360000
2012-09-14,24.641,24.892,24.567,24.689,600474000
2012-09-17,24.977,24.993,24.808,24.992,398031200
2012-09-18,24.996,25.083,24.872,25.068,373503200
2012-09-19,25.009,25.142,24.985,25.075,326874800
2012-09-20,24.97,25.002,24.772,24.954,336568400
2012-09-21,25.086,25.181,24.977,25.003,571589200
2012-09-24,24.531,24.826,24.393,24.671,639766400
2012-09-25,24.581,24.742,24.036,24.055,518789600
2012-09-26,23.884,24.025,23.614,23.756,576503200
2012-09-27,23.725,24.363,23.584,24.333,594090000
2012-09-28,24.241,24.325,23.812,23.825,535110800
2012-10-01,23.97,24.17,23.446,23.55,543594800
2012-10-02,23.636,23.798,23.237,23.618,627992400
2012-10-03,23.745,23.995,23.665,23.98,424281200
2012-10-04,23.973,24.08,23.77,23.814,370725600
2012-10-05,23.757,23.786,23.26,23.307,594006000
2012-10-08,23.103,23.127,22.718,22.792,637994000
2012-10-09,22.809,22.875,22.27,22.709,838597200
2012-10-10,22.848,23.035,22.75,22.89,510356000
2012-10-11,23.089,23.114,22.432,22.432,546081200
2012-10-12,22.484,22.692,22.332,22.49,460014800
2012-10-15,22.584,22.683,22.28,22.67,432502000
2012-10-16,22.692,23.225,22.536,23.207,549771600
2012-10-17,23.174,23.314,23,23.022,389037600
2012-10-18,22.843,22.931,22.5,22.594,476624400
2012-10-19,22.538,22.563,21.772,21.78,744086000
2012-10-22,21.872,22.692,21.813,22.644,546730800
2012-10-23,22.536,22.639,21.846,21.906,707145600
2012-10-24,22.194,22.377,21.809,22.03,558527200
2012-10-25,22.143,22.214,21.627,21.769,656325600
2012-10-26,21.765,21.929,21.107,21.571,1018432800
2012-10-31,21.246,21.499,20.989,21.261,510003200
2012-11-01,21.365,21.536,21.22,21.305,361298000
2012-11-02,21.282,21.32,20.527,20.6,599373600
2012-11-05,20.84,20.992,20.629,20.879,529135600
2012-11-06,21.08,21.098,20.718,20.816,374917200
2012-11-07,20.494,20.519,19.848,19.929,793648800
2012-11-08,20.022,20.08,19.118,19.205,1056146000
2012-11-09,19.301,19.817,19.061,19.538,929913600
2012-11-12,19.791,19.804,19.237,19.387,515802000
2012-11-13,19.247,19.66,19.156,19.389,532949200
2012-11-14,19.482,19.552,19.149,19.174,477170400
2012-11-15,19.198,19.268,18.665,18.772,789910800
2012-11-16,18.757,18.929,18.062,18.846,1266893600
2012-11-19,19.311,20.268,19.281,20.205,823317600
2012-11-20,20.425,20.427,19.806,20.032,642754000
2012-11-21,20.152,20.263,19.879,20.061,373002000
2012-11-23,20.256,20.429,20.093,20.411,272826400
2012-11-26,20.568,21.071,20.49,21.055,630579600
2012-11-27,21.055,21.086,20.718,20.885,533330000
2012-11-28,20.617,20.921,20.438,20.819,520864400
2012-11-29,21.079,21.223,20.902,21.049,514698800
2012-11-30,20.957,21.014,20.81,20.903,391319600
2012-12-03,21.202,21.235,20.911,20.935,364280000
2012-12-04,20.779,20.779,20.433,20.566,557068400
2012-12-05,20.318,20.33,19.242,19.243,1044638000
2012-12-06,18.891,19.761,18.522,19.544,1177212400
2012-12-07,19.764,19.829,18.929,19.045,787040800
2012-12-10,18.75,19.233,18.628,18.922,630484400
2012-12-11,19.278,19.627,19.192,19.335,592345600
2012-12-12,19.563,19.571,19.153,19.25,487144000
2012-12-13,18.97,19.201,18.779,18.917,625259600
2012-12-14,18.384,18.505,18.056,18.207,1009579200
2012-12-17,18.176,18.571,17.901,18.53,757607200
2012-12-18,18.75,19.104,18.58,19.068,625685200
2012-12-19,18.981,19.061,18.768,18.797,449369200
2012-12-20,18.929,18.936,18.531,18.633,481689600
2012-12-21,18.302,18.56,18.223,18.548,596268400
2012-12-24,18.584,18.723,18.525,18.577,175753200
2012-12-26,18.536,18.552,18.254,18.321,302436400
2012-12-27,18.341,18.438,18.024,18.395,455120400
2012-12-28,18.225,18.374,18.147,18.2,354278400
2012-12-31,18.233,19.121,18.179,19.006,659492400
2013-01-02,19.779,19.821,19.344,19.608,560518000
2013-01-03,19.567,19.631,19.321,19.361,352965200
2013-01-04,19.177,19.237,18.78,18.821,594333600
2013-01-07,18.643,18.904,18.4,18.711,484156400
2013-01-08,18.9,18.996,18.616,18.761,458707200
2013-01-09,18.661,18.75,18.428,18.468,407604400
2013-01-10,18.877,18.883,18.411,18.697,601146000
2013-01-11,18.607,18.761,18.536,18.582,350506800
2013-01-14,17.953,18.125,17.804,17.92,734207600
2013-01-15,17.796,17.821,17.264,17.354,876772400
2013-01-16,17.666,18.194,17.589,18.075,690804800
2013-01-17,18.225,18.241,17.93,17.953,453678400
2013-01-18,17.804,17.936,17.729,17.857,472922800
2013-01-22,18.02,18.139,17.737,18.028,461546400
2013-01-23,18.172,18.392,18.028,18.358,861509600
2013-01-24,16.429,16.633,16.08,16.089,1460852400
2013-01-25,16.132,16.294,15.536,15.71,1208026400
2013-01-28,15.637,16.186,15.566,16.065,785517600
2013-01-29,16.375,16.436,16.147,16.367,571158000
2013-01-30,16.321,16.521,16.232,16.315,417155200
2013-01-31,16.321,16.403,16.249,16.267,319334400
2013-02-01,16.397,16.41,16.013,16.201,539484400
2013-02-04,16.211,16.284,15.786,15.797,477117200
2013-02-05,15.859,16.419,15.794,16.351,573347600
2013-02-06,16.302,16.661,16.164,16.334,593706400
2013-02-07,16.545,16.786,16.219,16.722,704580800
2013-02-08,16.929,17.1,16.723,16.964,633158400
2013-02-11,17.018,17.319,16.902,17.14,517490400
2013-02-12,17.125,17.228,16.705,16.711,609053200
2013-02-13,16.686,16.916,16.544,16.679,475207600
2013-02-14,16.59,16.844,16.572,16.664,355275200
2013-02-15,16.745,16.791,16.426,16.434,391745200
2013-02-19,16.468,16.526,16.209,16.428,435783600
2013-02-20,16.346,16.346,16.029,16.03,476302400
2013-02-21,15.929,16.042,15.815,15.931,447182400
2013-02-22,16.045,16.129,15.95,16.1,330654800
2013-02-25,16.209,16.254,15.806,15.814,372579200
2013-02-26,15.851,16.126,15.631,16.035,501499600
2013-02-27,16.015,16.159,15.738,15.877,587350400
2013-02-28,15.859,15.995,15.764,15.764,322515200
2013-03-01,15.643,15.649,15.356,15.374,552448400
2013-03-04,15.279,15.293,14.964,15.002,582755600
2013-03-05,15.053,15.542,15.027,15.398,638433600
2013-03-06,15.518,15.545,15.158,15.202,460250000
2013-03-07,15.161,15.429,15.038,15.378,468473600
2013-03-08,15.35,15.551,15.307,15.419,391482000
2013-03-11,15.348,15.679,15.184,15.638,474236000
2013-03-12,15.557,15.674,15.27,15.301,465911600
2013-03-13,15.302,15.518,15.191,15.298,405549200
2013-03-14,15.458,15.523,15.373,15.446,303875600
2013-03-15,15.64,15.865,15.616,15.845,643960800
2013-03-18,15.766,16.338,15.757,16.276,606197200
2013-03-19,16.411,16.463,16.018,16.232,526775200
2013-03-20,16.336,16.344,16.057,16.146,308660800
2013-03-21,16.079,16.356,16.075,16.169,383255600
2013-03-22,16.235,16.504,16.183,16.497,395105200
2013-03-25,16.596,16.784,16.492,16.556,501135600
2013-03-26,16.623,16.637,16.448,16.469,294294000
2013-03-27,16.302,16.314,16.097,16.146,331237200
2013-03-28,16.065,16.136,15.772,15.809,442839600
2013-04-01,15.782,15.846,15.276,15.318,389732000
2013-04-02,15.271,15.648,15.229,15.35,529519200
2013-04-03,15.406,15.617,15.368,15.428,363216000
2013-04-04,15.491,15.536,15.188,15.276,358447600
2013-04-05,15.161,15.177,14.989,15.114,383695200
2013-04-08,15.173,15.268,15.089,15.222,300829200
2013-04-09,15.227,15.304,15.098,15.249,306614000
2013-04-10,15.289,15.609,15.215,15.56,375928000
2013-04-11,15.49,15.642,15.4,15.512,328364400
2013-04-12,15.505,15.505,15.325,15.35,238613200
2013-04-15,15.25,15.282,14.984,14.995,317520000
2013-04-16,15.056,15.236,15.02,15.223,305771200
2013-04-17,15.01,15.021,14.218,14.386,945056000
2013-04-18,14.464,14.493,13.919,14.002,666299200
2013-04-19,13.856,14.271,13.754,13.948,609274400
2013-04-22,14.023,14.364,13.974,14.238,429920400
2013-04-23,14.428,14.585,14.243,14.505,664238400
2013-04-24,14.055,14.83,14.018,14.481,969651200
2013-04-25,14.687,14.784,14.536,14.585,384837600
2013-04-26,14.636,14.956,14.58,14.9,764097600
2013-04-29,15.016,15.486,15,15.361,640326400
2013-04-30,15.539,15.902,15.431,15.814,691538400
2013-05-01,15.874,15.89,15.514,15.689,506909200
2013-05-02,15.778,16.021,15.737,15.911,421828400
2013-05-03,16.118,16.187,16.041,16.071,361300800
2013-05-06,16.275,16.507,16.225,16.454,496641600
2013-05-07,16.606,16.634,16.204,16.381,483753200
2013-05-08,16.394,16.62,16.279,16.566,472598000
2013-05-09,16.422,16.536,16.271,16.313,398487600
2013-05-10,16.356,16.418,16.089,16.177,334852000
2013-05-13,16.125,16.354,16.125,16.241,316948800
2013-05-14,16.209,16.257,15.791,15.852,447118000
2013-05-15,15.684,15.75,15.084,15.316,741613600
2013-05-16,15.116,15.637,14.961,15.521,603204000
2013-05-17,15.68,15.717,15.393,15.474,427904400
2013-05-20,15.425,15.921,15.361,15.819,451578400
2013-05-21,15.648,15.91,15.507,15.702,456022000
2013-05-22,15.859,16.013,15.651,15.762,443038400
2013-05-23,15.57,15.934,15.564,15.791,353021200
2013-05-24,15.745,15.916,15.727,15.898,276166800
2013-05-28,16.068,16.111,15.745,15.766,386145200
2013-05-29,15.714,15.982,15.693,15.891,330576400
2013-05-30,15.916,16.232,15.875,16.128,353519600
2013-05-31,16.161,16.325,16.054,16.062,384302800
2013-06-03,16.097,16.156,15.803,16.097,372352400
2013-06-04,16.186,16.23,15.978,16.047,292728800
2013-06-05,15.916,16.097,15.847,15.897,290589600
2013-06-06,15.91,15.964,15.502,15.659,416934000
2013-06-07,15.589,15.83,15.456,15.779,404535600
2013-06-10,15.883,16.039,15.6,15.675,450153200
2013-06-11,15.562,15.813,15.476,15.629,286112400
2013-06-12,15.696,15.759,15.411,15.435,265227200
2013-06-13,15.446,15.612,15.312,15.57,285832400
2013-06-14,15.55,15.582,15.304,15.359,271866000
2013-06-17,15.409,15.561,15.37,15.429,259414400
2013-06-18,15.413,15.532,15.365,15.42,195025600
2013-06-19,15.407,15.416,15.107,15.107,310940000
2013-06-20,14.975,15.214,14.828,14.887,357310800
2013-06-21,14.946,15,14.575,14.768,481118400
2013-06-24,14.55,14.595,14.216,14.376,480746000
2013-06-25,14.489,14.564,14.244,14.38,314162800
2013-06-26,14.425,14.457,14.131,14.217,367724000
2013-06-27,14.259,14.335,14.055,14.064,337246000
2013-06-28,13.977,14.295,13.888,14.162,578516400
2013-07-01,14.382,14.724,14.329,14.615,391053600
2013-07-02,14.641,15.058,14.624,14.946,469865200
2013-07-03,15.031,15.106,14.909,15.029,240928800
2013-07-05,15.014,15.118,14.834,14.908,274024800
2013-07-08,15.004,15.036,14.666,14.823,298138400
2013-07-09,14.771,15.125,14.656,15.084,352584400
2013-07-10,14.986,15.171,14.938,15.026,281405600
2013-07-11,15.105,15.295,15.042,15.26,326292400
2013-07-12,15.273,15.35,15.122,15.233,279563200
2013-07-15,15.179,15.409,15.171,15.266,241917200
2013-07-16,15.233,15.382,15.149,15.364,216538000
2013-07-17,15.346,15.436,15.294,15.368,198990400
2013-07-18,15.478,15.531,15.379,15.42,218878800
2013-07-19,15.468,15.499,15.155,15.177,268721600
2013-07-22,15.338,15.348,15.195,15.225,207796400
2013-07-23,15.214,15.249,14.954,14.964,369395600
2013-07-24,15.676,15.878,15.545,15.733,591936800
2013-07-25,15.739,15.764,15.565,15.661,229493600
2013-07-26,15.546,15.751,15.512,15.75,200152400
2013-07-29,15.743,16.071,15.721,15.993,248057600
2013-07-30,16.07,16.327,16.044,16.19,309422400
2013-07-31,16.25,16.334,16.051,16.162,322957600
2013-08-01,16.277,16.314,16.188,16.31,206250800
2013-08-02,16.358,16.53,16.309,16.519,274783600
2013-08-05,16.596,16.81,16.505,16.766,318855600
2013-08-06,16.715,16.853,16.506,16.616,334857600
2013-08-07,16.564,16.679,16.492,16.606,298858000
2013-08-08,16.566,16.575,16.355,16.465,255777200
2013-08-09,16.38,16.445,16.202,16.23,266865200
2013-08-12,16.316,16.737,16.308,16.691,364434000
2013-08-13,16.819,17.666,16.716,17.485,881941200
2013-08-14,17.781,18.009,17.621,17.804,756372400
2013-08-15,17.729,17.943,17.467,17.782,490294000
2013-08-16,17.862,17.962,17.816,17.94,362306000
2013-08-19,18.012,18.348,18,18.134,510518400
2013-08-20,18.204,18.235,17.886,17.895,358688400
2013-08-21,17.985,18.112,17.9,17.941,335879600
2013-08-22,18.035,18.057,17.793,17.963,244207600
2013-08-23,17.974,17.977,17.834,17.894,222731600
2013-08-26,17.884,18.221,17.875,17.963,330965600
2013-08-27,17.786,17.947,17.368,17.45,424188800
2013-08-28,17.357,17.707,17.357,17.532,307608000
2013-08-29,17.559,17.732,17.54,17.561,239657600
2013-08-30,17.571,17.605,17.375,17.401,272297200
2013-09-03,17.611,17.879,17.405,17.449,331928800
2013-09-04,17.841,17.937,17.724,17.81,345032800
2013-09-05,17.866,17.881,17.63,17.688,236367600
2013-09-06,17.801,17.835,17.498,17.794,359525600
2013-09-09,18.036,18.14,17.981,18.077,340687200
2013-09-10,18.079,18.123,17.482,17.666,743195600
2013-09-11,16.679,16.917,16.6,16.704,898696400
2013-09-12,16.732,16.979,16.643,16.882,404051200
2013-09-13,16.762,16.851,16.596,16.604,298835600
2013-09-16,16.464,16.486,15.972,16.076,543706800
2013-09-17,15.999,16.418,15.982,16.261,399380800
2013-09-18,16.542,16.655,16.452,16.596,456862000
2013-09-19,16.811,16.994,16.759,16.868,404541200
2013-09-20,17.071,17.091,16.643,16.693,699302800
2013-09-23,17.718,17.747,17.236,17.523,762106800
2013-09-24,17.674,17.695,17.422,17.468,364344400
2013-09-25,17.471,17.487,17.194,17.198,316957200
2013-09-26,17.357,17.449,17.282,17.365,237221600
2013-09-27,17.278,17.31,17.169,17.241,228040400
2013-09-30,17.045,17.202,16.943,17.027,260156400
2013-10-01,17.087,17.469,17.085,17.427,353883600
2013-10-02,17.344,17.564,17.277,17.484,289184000
2013-10-03,17.518,17.584,17.169,17.265,322753200
2013-10-04,17.281,17.307,17.093,17.251,258868400
2013-10-07,17.377,17.595,17.334,17.42,312292400
2013-10-08,17.498,17.523,17.162,17.176,290917200
2013-10-09,17.309,17.421,17.081,17.378,301725200
2013-10-10,17.547,17.585,17.394,17.487,278602800
2013-10-11,17.392,17.637,17.327,17.6,267738800
2013-10-14,17.494,17.771,17.477,17.716,261898000
2013-10-15,17.768,17.929,17.697,17.81,320073600
2013-10-16,17.885,17.948,17.83,17.897,251101200
2013-10-17,17.856,18.028,17.846,18.018,253593200
2013-10-18,18.071,18.188,18.061,18.175,290542000
2013-10-21,18.278,18.725,18.269,18.62,398106800
2013-10-22,18.8,18.873,18.144,18.567,534063600
2013-10-23,18.536,18.774,18.536,18.749,313723200
2013-10-24,18.75,19.017,18.659,18.997,384764800
2013-10-25,18.976,19.044,18.754,18.784,337792000
2013-10-28,18.894,18.964,18.686,18.924,550440800
2013-10-29,19.153,19.259,18.376,18.453,635807200
2013-10-30,18.558,18.84,18.465,18.746,354163600
2013-10-31,18.75,18.839,18.617,18.668,275696400
2013-11-01,18.715,18.743,18.423,18.573,274890000
2013-11-04,18.611,18.815,18.529,18.812,244627600
2013-11-05,18.735,18.889,18.679,18.766,265213200
2013-11-06,18.72,18.745,18.507,18.604,223375600
2013-11-07,18.556,18.685,18.299,18.303,262620400
2013-11-08,18.378,18.612,18.307,18.591,279316800
2013-11-11,18.571,18.631,18.372,18.538,227452400
2013-11-12,18.488,18.711,18.464,18.572,204276800
2013-11-13,18.5,18.652,18.463,18.594,197220800
2013-11-14,18.672,18.903,18.638,18.863,282419200
2013-11-15,18.806,18.896,18.732,18.75,317920400
2013-11-18,18.75,18.828,18.507,18.522,244944000
2013-11-19,18.537,18.692,18.499,18.555,208938800
2013-11-20,18.544,18.586,18.369,18.393,193916800
2013-11-21,18.486,18.615,18.345,18.612,262026800
2013-11-22,18.554,18.649,18.519,18.564,223725600
2013-11-25,18.608,18.781,18.607,18.705,229311600
2013-11-26,18.719,19.148,18.714,19.05,401382800
2013-11-27,19.154,19.5,19.05,19.499,363448400
2013-11-29,19.624,19.94,19.565,19.86,318127600
2013-12-02,19.929,20.155,19.672,19.687,472544800
2013-12-03,19.939,20.228,19.917,20.226,450968000
2013-12-04,20.196,20.328,20.029,20.179,377809600
2013-12-05,20.452,20.541,20.229,20.282,447580000
2013-12-06,20.207,20.241,19.985,20.001,344352400
2013-12-09,20.032,20.342,20.032,20.23,320493600
2013-12-10,20.128,20.281,20.043,20.198,278269600
2013-12-11,20.25,20.392,19.989,20.049,359718800
2013-12-12,20.076,20.191,20.001,20.019,262290000
2013-12-13,20.102,20.103,19.774,19.801,332822000
2013-12-16,19.822,20.094,19.822,19.911,282592800
2013-12-17,19.85,19.98,19.764,19.821,229902400
2013-12-18,19.632,19.695,19.243,19.67,565863200
2013-12-19,19.625,19.643,19.419,19.445,320308800
2013-12-20,19.48,19.7,19.458,19.608,436413600
2013-12-23,20.286,20.383,20.099,20.36,501306400
2013-12-24,20.353,20.424,20.215,20.274,167554800
2013-12-26,20.289,20.339,20.121,20.139,204008000
2013-12-27,20.136,20.157,19.982,20.003,225884400
2013-12-30,19.909,20.003,19.726,19.804,253629600
2013-12-31,19.792,20.046,19.786,20.036,223084400
2014-01-02,19.846,19.894,19.715,19.755,234684800
2014-01-03,19.745,19.775,19.301,19.321,392467600
2014-01-06,19.195,19.529,19.057,19.426,412610800
2014-01-07,19.44,19.499,19.211,19.287,317209200
2014-01-08,19.243,19.484,19.239,19.409,258529600
2014-01-09,19.529,19.531,19.12,19.161,279148800
2014-01-10,19.28,19.314,18.968,19.034,304976000
2014-01-13,18.925,19.375,18.924,19.133,378492800
2014-01-14,19.222,19.526,19.202,19.514,332561600
2014-01-15,19.769,20.007,19.702,19.906,391638800
2014-01-16,19.818,19.888,19.703,19.795,229278000
2014-01-17,19.696,19.717,19.282,19.31,426739600
2014-01-21,19.321,19.645,19.301,19.61,328526800
2014-01-22,19.675,19.903,19.565,19.697,379985200
2014-01-23,19.641,19.875,19.458,19.864,403239200
2014-01-24,19.786,19.844,19.455,19.503,429354800
2014-01-27,19.645,19.814,19.491,19.661,554878800
2014-01-28,18.17,18.393,17.931,18.089,1065523200
2014-01-29,17.998,18.12,17.808,17.884,502810000
2014-01-30,17.948,18.089,17.739,17.849,678501600
2014-01-31,17.685,17.912,17.627,17.879,464797200
2014-02-03,17.95,18.133,17.832,17.912,401464000
2014-02-04,18.066,18.195,17.956,18.171,376681200
2014-02-05,18.091,18.403,18.08,18.307,328344800
2014-02-06,18.216,18.339,18.136,18.304,257765200
2014-02-07,18.621,18.676,18.478,18.56,370280400
2014-02-10,18.524,19,18.5,18.892,345559200
2014-02-11,18.95,19.205,18.911,19.141,282256800
2014-02-12,19.177,19.27,19.044,19.14,308100800
2014-02-13,19.095,19.459,19.079,19.444,307398000
2014-02-14,19.374,19.499,19.329,19.428,272924400
2014-02-18,19.5,19.685,19.486,19.5,260251600
2014-02-19,19.455,19.532,19.084,19.192,313768000
2014-02-20,19.035,19.179,18.893,18.97,305858000
2014-02-21,19.028,19.092,18.736,18.759,278784800
2014-02-24,18.684,18.926,18.658,18.841,288909600
2014-02-25,18.906,18.913,18.607,18.645,231952000
2014-02-26,18.7,18.75,18.414,18.477,276217200
2014-02-27,18.469,18.885,18.43,18.845,301882000
2014-02-28,18.896,19.027,18.647,18.794,371968800
2014-03-03,18.694,18.952,18.672,18.849,238781200
2014-03-04,18.964,19.023,18.849,18.973,259140000
2014-03-05,18.961,19.098,18.897,19.013,200062800
2014-03-06,19.028,19.087,18.861,18.955,185488800
2014-03-07,18.968,18.999,18.788,18.944,220729600
2014-03-10,18.87,19.048,18.869,18.961,178584000
2014-03-11,19.123,19.241,19.021,19.146,279224400
2014-03-12,19.09,19.191,19,19.165,199326400
2014-03-13,19.194,19.274,18.899,18.952,257742800
2014-03-14,18.885,18.96,18.679,18.739,237199200
2014-03-17,18.846,18.927,18.78,18.812,199544800
2014-03-18,18.782,18.999,18.757,18.979,209647200
2014-03-19,19.009,19.151,18.893,18.974,224756000
2014-03-20,18.925,19.024,18.834,18.882,208398400
2014-03-21,18.997,19.062,18.798,19.031,374046400
2014-03-24,19.229,19.304,19.109,19.257,355700800
2014-03-25,19.339,19.491,19.271,19.464,282293200
2014-03-26,19.519,19.607,19.245,19.278,299768000
2014-03-27,19.286,19.339,19.111,19.195,222031600
2014-03-28,19.226,19.248,19.08,19.174,200564000
2014-03-31,19.258,19.315,19.14,19.169,168669200
2014-04-01,19.206,19.353,19.17,19.345,200760000
2014-04-02,19.371,19.41,19.295,19.377,180420800
2014-04-03,19.335,19.375,19.201,19.243,162344000
2014-04-04,19.279,19.286,18.949,18.994,275251200
2014-04-07,18.858,18.961,18.639,18.695,289850400
2014-04-08,18.757,18.79,18.525,18.694,243888400
2014-04-09,18.666,18.946,18.644,18.94,206169600
2014-04-10,18.953,19.009,18.685,18.696,239652000
2014-04-11,18.536,18.673,18.469,18.558,271717600
2014-04-14,18.639,18.649,18.472,18.631,205674000
2014-04-15,18.581,18.63,18.262,18.499,266490000
2014-04-16,18.502,18.61,18.362,18.536,214765600
2014-04-17,18.571,18.849,18.543,18.748,284334400
2014-04-21,18.762,19.005,18.713,18.97,182548800
2014-04-22,18.868,18.994,18.804,18.989,202563200
2014-04-23,18.895,18.969,18.73,18.741,394940000
2014-04-24,20.293,20.357,20.026,20.278,759911600
2014-04-25,20.162,20.428,20.141,20.426,390275200
2014-04-28,20.457,21.277,20.448,21.218,669485600
2014-04-29,21.205,21.285,21.054,21.155,337377600
2014-04-30,21.166,21.408,21.064,21.075,456640800
2014-05-01,21.143,21.243,20.941,21.124,244048000
2014-05-02,21.155,21.221,21.061,21.164,191514400
2014-05-05,21.076,21.464,21.071,21.463,287067200
2014-05-06,21.493,21.586,21.229,21.229,374564400
2014-05-07,21.259,21.332,20.99,21.155,282864400
2014-05-08,21.009,21.229,20.943,21,230297200
2014-05-09,20.876,20.938,20.726,20.912,291597600
2014-05-12,20.982,21.202,20.979,21.173,213208800
2014-05-13,21.143,21.234,21.096,21.206,159737200
2014-05-14,21.158,21.336,21.134,21.21,166404000
2014-05-15,21.239,21.307,21.001,21.029,230846000
2014-05-16,21.022,21.34,20.907,21.34,276256400
2014-05-19,21.352,21.69,21.333,21.593,317755200
2014-05-20,21.59,21.657,21.455,21.597,234836000
2014-05-21,21.565,21.668,21.502,21.654,196859600
2014-05-22,21.664,21.78,21.575,21.688,200760000
2014-05-23,21.688,21.955,21.66,21.933,232209600
2014-05-27,21.996,22.352,21.987,22.344,348866000
2014-05-28,22.358,22.494,22.278,22.286,315481600
2014-05-29,22.423,22.745,22.42,22.692,376474000
2014-05-30,22.785,23.006,22.461,22.607,564020800
2014-06-02,22.641,22.673,22.232,22.452,369350800
2014-06-03,22.445,22.812,22.438,22.769,292709200
2014-06-04,22.766,23.139,22.718,23.029,335482000
2014-06-05,23.079,23.192,22.95,23.12,303805600
2014-06-06,23.211,23.259,23.017,23.056,349938400
2014-06-09,23.175,23.47,22.938,23.425,301660000
2014-06-10,23.683,23.763,23.392,23.562,251108000
2014-06-11,23.532,23.69,23.368,23.465,182724000
2014-06-12,23.51,23.53,22.975,23.073,218996000
2014-06-13,23.05,23.11,22.72,22.82,218100000
2014-06-16,22.878,23.188,22.862,23.05,142244000
2014-06-17,23.077,23.175,22.95,23.02,118904000
2014-06-18,23.067,23.073,22.837,23.045,134056000
2014-06-19,23.073,23.075,22.835,22.965,142112000
2014-06-20,22.962,23.138,22.725,22.728,403592000
2014-06-23,22.83,22.905,22.65,22.708,174776000
2014-06-24,22.688,22.935,22.548,22.57,156144000
2014-06-25,22.552,22.675,22.413,22.59,147476000
2014-06-26,22.593,22.763,22.45,22.725,130516000
2014-06-27,22.705,23,22.692,22.995,256116000
2014-06-30,23.025,23.433,23.022,23.233,197929200
2014-07-01,23.38,23.517,23.282,23.38,152892000
2014-07-02,23.468,23.515,23.272,23.37,113860000
2014-07-03,23.417,23.525,23.3,23.507,91567200
2014-07-07,23.535,23.997,23.525,23.993,225872000
2014-07-08,24.067,24.2,23.48,23.837,260888000
2014-07-09,23.86,23.987,23.69,23.847,145744000
2014-07-10,23.44,23.888,23.38,23.76,158744000
2014-07-11,23.84,23.972,23.715,23.805,136072000
2014-07-14,23.965,24.222,23.913,24.112,171240000
2014-07-15,24.2,24.212,23.757,23.83,181911600
2014-07-16,24.243,24.275,23.685,23.695,213585200
2014-07-17,23.757,23.82,23.142,23.272,229192000
2014-07-18,23.405,23.685,23.255,23.608,199952000
2014-07-21,23.747,23.75,23.43,23.485,156316000
2014-07-22,23.67,23.722,23.53,23.68,220788000
2014-07-23,23.855,24.47,23.792,24.298,371672000
2014-07-24,24.26,24.33,24.105,24.257,182916000
2014-07-25,24.212,24.46,24.16,24.417,173876000
2014-07-28,24.455,24.81,24.388,24.755,221272000
2014-07-29,24.833,24.86,24.562,24.595,172572000
2014-07-30,24.61,24.675,24.417,24.538,132040000
2014-07-31,24.29,24.362,23.833,23.9,227372000
2014-08-01,23.725,24.155,23.702,24.032,194044000
2014-08-04,24.093,24.145,23.792,23.897,159832000
2014-08-05,23.84,23.92,23.59,23.78,223732000
2014-08-06,23.688,23.87,23.677,23.74,154232000
2014-08-07,23.733,23.987,23.525,23.62,186844000
2014-08-08,23.565,23.705,23.32,23.685,167460000
2014-08-11,23.817,24.02,23.71,23.997,146340000
2014-08-12,24.01,24.22,23.903,23.993,135180000
2014-08-13,24.038,24.31,24.01,24.31,127664000
2014-08-14,24.333,24.392,24.2,24.375,112464000
2014-08-15,24.475,24.548,24.215,24.495,195804000
2014-08-18,24.622,24.843,24.495,24.79,190288000
2014-08-19,24.853,25.17,24.83,25.132,277596000
2014-08-20,25.11,25.272,24.987,25.142,210796000
2014-08-21,25.142,25.235,25.028,25.145,133912000
2014-08-22,25.073,25.368,25.048,25.33,176736000
2014-08-25,25.448,25.542,25.32,25.385,161080000
2014-08-26,25.355,25.375,25.215,25.222,132608000
2014-08-27,25.255,25.642,25.175,25.532,209476000
2014-08-28,25.397,25.695,25.39,25.562,273840000
2014-08-29,25.715,25.725,25.55,25.625,178380000
2014-09-02,25.765,25.935,25.68,25.825,214256000
2014-09-03,25.775,25.8,24.645,24.735,501684000
2014-09-04,24.712,25.022,24.448,24.53,342872000
2014-09-05,24.7,24.847,24.577,24.743,233828000
2014-09-08,24.825,24.827,24.513,24.59,185426800
2014-09-09,24.77,25.77,24.035,24.497,759385200
2014-09-10,24.503,25.278,24.44,25.25,403478400
2014-09-11,25.103,25.36,24.905,25.358,249412400
2014-09-12,25.302,25.548,25.27,25.415,250504400
2014-09-15,25.702,25.763,25.36,25.407,245266000
2014-09-16,24.95,25.315,24.722,25.215,267632400
2014-09-17,25.317,25.45,25.147,25.395,243706000
2014-09-18,25.483,25.587,25.39,25.448,149197600
2014-09-19,25.573,25.587,25.125,25.24,283609600
2014-09-22,25.45,25.535,25.145,25.265,211153600
2014-09-23,25.15,25.735,25.135,25.66,253608800
2014-09-24,25.54,25.712,25.3,25.438,240687200
2014-09-25,25.128,25.177,24.43,24.468,400368000
2014-09-26,24.632,25.188,24.6,25.188,249482000
2014-09-29,24.663,25.11,24.657,25.028,199065200
2014-09-30,25.202,25.385,25.132,25.188,221056400
2014-10-01,25.147,25.173,24.675,24.795,205965200
2014-10-02,24.817,25.055,24.51,24.975,191031200
2014-10-03,24.86,25.052,24.76,24.905,173878400
2014-10-06,24.987,25.163,24.855,24.905,148204800
2014-10-07,24.858,25.03,24.683,24.688,168376800
2014-10-08,24.69,25.278,24.577,25.2,229618800
2014-10-09,25.385,25.595,25.153,25.255,309506000
2014-10-10,25.173,25.507,25.075,25.183,265326400
2014-10-13,25.333,25.445,24.952,24.952,214333600
2014-10-14,25.097,25.13,24.642,24.688,254754400
2014-10-15,24.493,24.788,23.795,24.385,403734400
2014-10-16,23.888,24.43,23.853,24.065,288618000
2014-10-17,24.375,24.75,24.202,24.417,272718800
2014-10-20,24.58,24.99,24.555,24.94,310069200
2014-10-21,25.755,25.755,25.317,25.618,378495600
2014-10-22,25.71,26.028,25.65,25.747,273052400
2014-10-23,26.02,26.263,25.907,26.208,284298800
2014-10-24,26.295,26.372,26.132,26.305,188215600
2014-10-27,26.212,26.37,26.175,26.278,136750800
2014-10-28,26.35,26.685,26.337,26.685,192243600
2014-10-29,26.663,26.843,26.59,26.835,210751600
2014-10-30,26.74,26.837,26.475,26.745,162619200
2014-10-31,27.003,27.01,26.802,27,178557200
2014-11-03,27.055,27.575,27.003,27.35,209130400
2014-11-04,27.34,27.372,26.93,27.15,166297600
2014-11-05,27.275,27.325,27.032,27.215,149743600
2014-11-06,27.15,27.198,26.95,27.175,139874000
2014-11-07,27.188,27.33,27.138,27.253,134766000
2014-11-10,27.255,27.333,27.167,27.208,108782000
2014-11-11,27.175,27.438,27.1,27.425,109769200
2014-11-12,27.345,27.858,27.343,27.812,187769600
2014-11-13,27.95,28.362,27.9,28.205,238091600
2014-11-14,28.288,28.548,27.802,28.545,176254400
2014-11-17,28.567,29.32,28.325,28.497,186986800
2014-11-18,28.485,28.923,28.472,28.868,176896000
2014-11-19,28.86,28.935,28.45,28.667,167476800
2014-11-20,28.728,29.215,28.712,29.077,173582000
2014-11-21,29.378,29.392,29.007,29.118,228717200
2014-11-24,29.212,29.692,29.155,29.657,189803200
2014-11-25,29.767,29.938,29.362,29.4,275361600
2014-11-26,29.485,29.775,29.458,29.75,163073200
2014-11-28,29.817,29.85,29.513,29.733,99257600
2014-12-01,29.702,29.812,27.817,28.767,335256000
2014-12-02,28.375,28.938,28.188,28.657,237395600
2014-12-03,28.938,29.087,28.778,28.983,172253600
2014-12-04,28.942,29.3,28.823,28.872,168178000
2014-12-05,28.997,29.02,28.66,28.75,153275600
2014-12-08,28.525,28.663,27.905,28.1,230659600
2014-12-09,27.548,28.575,27.337,28.53,240832000
2014-12-10,28.603,28.712,27.885,27.987,178261200
2014-12-11,28.065,28.45,27.835,27.905,165606800
2014-12-12,27.615,27.968,27.395,27.433,224112400
2014-12-15,27.675,27.9,26.587,27.058,268872400
2014-12-16,26.593,27.54,26.565,26.688,243162800
2014-12-17,26.78,27.46,26.705,27.353,213647200
2014-12-18,27.968,28.163,27.665,28.163,236024800
2014-12-19,28.065,28.31,27.915,27.945,353719200
2014-12-22,28.04,28.372,27.993,28.235,180670000
2014-12-23,28.308,28.333,28.115,28.135,104113600
2014-12-24,28.145,28.177,28.003,28.003,57918400
2014-12-26,28.025,28.63,28.003,28.497,134884000
2014-12-29,28.448,28.692,28.425,28.478,110395600
2014-12-30,28.41,28.48,28.028,28.13,119526000
2014-12-31,28.205,28.282,27.552,27.595,165613600
2015-01-02,27.847,27.86,26.837,27.333,212818400
2015-01-05,27.073,27.163,26.353,26.562,257142000
2015-01-06,26.635,26.858,26.157,26.565,263188400
2015-01-07,26.8,27.05,26.675,26.938,160423600
2015-01-08,27.308,28.038,27.175,27.972,237458000
2015-01-09,28.167,28.312,27.552,28.003,214798000
2015-01-12,28.15,28.157,27.2,27.312,198603200
2015-01-13,27.858,28.2,27.228,27.555,268367600
2015-01-14,27.26,27.622,27.125,27.45,195826400
2015-01-15,27.5,27.515,26.665,26.705,240056000
2015-01-16,26.757,26.895,26.3,26.497,314053200
2015-01-20,26.96,27.243,26.625,27.18,199599600
2015-01-21,27.237,27.765,27.067,27.388,194303600
2015-01-22,27.565,28.118,27.43,28.1,215185600
2015-01-23,28.075,28.438,27.882,28.245,185859200
2015-01-26,28.435,28.59,28.2,28.275,222460000
2015-01-27,28.105,28.12,27.257,27.285,382274800
2015-01-28,29.407,29.53,28.827,28.827,585908400
2015-01-29,29.08,29.798,28.89,29.725,337745600
2015-01-30,29.6,30,29.212,29.29,334982000
2015-02-02,29.513,29.792,29.02,29.657,250956400
2015-02-03,29.625,29.772,29.403,29.663,207662800
2015-02-04,29.625,30.128,29.577,29.89,280598800
2015-02-05,30.005,30.058,29.812,29.985,168984800
2015-02-06,30.005,30.062,29.612,29.733,174826400
2015-02-09,29.638,29.96,29.608,29.93,155559200
2015-02-10,30.042,30.538,30.04,30.505,248034000
2015-02-11,30.692,31.23,30.625,31.22,294247200
2015-02-12,31.515,31.87,31.392,31.615,297898000
2015-02-13,31.82,31.82,31.413,31.77,217088800
2015-02-17,31.872,32.22,31.73,31.958,252609600
2015-02-18,31.907,32.195,31.862,32.18,179566800
2015-02-19,32.12,32.257,32.083,32.112,149449600
2015-02-20,32.155,32.375,32.013,32.375,195793600
2015-02-23,32.505,33.25,32.415,33.25,283896400
2015-02-24,33.235,33.4,32.792,33.042,276912400
2015-02-25,32.89,32.9,32.037,32.197,298846800
2015-02-26,32.197,32.717,31.653,32.605,365150000
2015-02-27,32.5,32.643,32.06,32.115,248059200
2015-03-02,32.312,32.57,32.075,32.272,192386800
2015-03-03,32.24,32.38,32.022,32.34,151265200
2015-03-04,32.275,32.39,32.08,32.135,126665200
2015-03-05,32.145,32.188,31.44,31.603,226068400
2015-03-06,32.1,32.342,31.565,31.65,291368400
2015-03-09,31.99,32.393,31.265,31.785,354114000
2015-03-10,31.603,31.805,30.95,31.128,275426400
2015-03-11,31.188,31.192,30.528,30.56,275756000
2015-03-12,30.577,31.225,30.407,31.112,193450800
2015-03-13,31.1,31.35,30.645,30.897,207309200
2015-03-16,30.97,31.237,30.718,31.237,143497200
2015-03-17,31.475,31.83,31.413,31.76,204092400
2015-03-18,31.75,32.29,31.593,32.118,261083600
2015-03-19,32.188,32.312,31.85,31.875,183238000
2015-03-20,32.062,32.1,31.29,31.475,274780400
2015-03-23,31.78,31.962,31.63,31.802,150838800
2015-03-24,31.808,32.01,31.64,31.673,131369200
2015-03-25,31.635,31.705,30.845,30.845,206620800
2015-03-26,30.69,31.22,30.65,31.06,190291600
2015-03-27,31.142,31.175,30.728,30.812,158184800
2015-03-30,31.013,31.6,31,31.593,188398800
2015-03-31,31.522,31.622,31.09,31.108,168362400
2015-04-01,31.205,31.28,30.775,31.062,162485600
2015-04-02,31.257,31.39,31.048,31.33,128880400
2015-04-06,31.118,31.878,31.083,31.837,148776000
2015-04-07,31.91,32.03,31.495,31.503,140049200
2015-04-08,31.462,31.6,31.243,31.4,149316800
2015-04-09,31.462,31.645,31.165,31.64,129936000
2015-04-10,31.487,31.802,31.315,31.775,160752000
2015-04-13,32.092,32.143,31.653,31.712,145460400
2015-04-14,31.75,31.823,31.478,31.575,102098400
2015-04-15,31.603,31.782,31.503,31.695,115881600
2015-04-16,31.57,31.775,31.528,31.542,113476000
2015-04-17,31.388,31.535,31.115,31.188,207828000
2015-04-20,31.392,32.03,31.292,31.9,188217200
2015-04-21,32.025,32.05,31.667,31.728,129740400
2015-04-22,31.747,32.217,31.58,32.155,150618000
2015-04-23,32.075,32.605,32.035,32.417,183083600
2015-04-24,32.623,32.658,32.307,32.57,178103600
2015-04-27,33.077,33.283,32.787,33.162,387816800
2015-04-28,33.615,33.635,32.393,32.64,475696000
2015-04-29,32.54,32.897,32.075,32.16,253544400
2015-04-30,32.16,32.16,31.145,31.288,332781600
2015-05-01,31.525,32.533,31.325,32.237,234050400
2015-05-04,32.375,32.643,32.065,32.175,203953200
2015-05-05,32.037,32.112,31.445,31.45,197085600
2015-05-06,31.64,31.688,30.84,31.253,288564000
2015-05-07,31.192,31.52,31.005,31.315,175763600
2015-05-08,31.67,31.905,31.528,31.905,222201600
2015-05-11,31.847,31.89,31.407,31.58,168143200
2015-05-12,31.4,31.72,31.205,31.468,192640000
2015-05-13,31.538,31.798,31.468,31.503,138776800
2015-05-14,31.853,32.237,31.79,32.237,180814000
2015-05-15,32.268,32.373,32.053,32.193,152832000
2015-05-18,32.095,32.68,32.09,32.548,203531600
2015-05-19,32.673,32.72,32.41,32.518,178532800
2015-05-20,32.5,32.745,32.335,32.515,145819600
2015-05-21,32.518,32.908,32.458,32.847,158921600
2015-05-22,32.9,33.243,32.85,33.135,182384000
2015-05-26,33.15,33.228,32.28,32.405,282790400
2015-05-27,32.585,33.065,32.513,33.01,183332800
2015-05-28,32.965,32.987,32.775,32.945,122933200
2015-05-29,32.807,32.862,32.475,32.57,203538000
2015-06-01,32.57,32.847,32.513,32.635,128451200
2015-06-02,32.465,32.665,32.33,32.49,134670400
2015-06-03,32.665,32.735,32.475,32.53,123934000
2015-06-04,32.395,32.645,32.228,32.34,153800400
2015-06-05,32.375,32.423,32.09,32.162,142507200
2015-06-08,32.225,32.303,31.708,31.95,210699200
2015-06-09,31.675,32.02,31.405,31.855,224301600
2015-06-10,31.98,32.335,31.962,32.22,156349200
2015-06-11,32.295,32.545,32.12,32.147,141563600
2015-06-12,32.048,32.083,31.778,31.792,147544800
2015-06-15,31.525,31.81,31.427,31.73,175955600
2015-06-16,31.757,31.962,31.593,31.9,125976400
2015-06-17,31.93,31.97,31.685,31.825,131672400
2015-06-18,31.808,32.077,31.805,31.97,141628800
2015-06-19,31.927,31.955,31.6,31.65,218867600
2015-06-22,31.872,32.015,31.77,31.903,136157200
2015-06-23,31.87,31.903,31.72,31.757,121075600
2015-06-24,31.802,32.45,31.78,32.028,221123600
2015-06-25,32.215,32.3,31.875,31.875,127752400
2015-06-26,31.917,31.997,31.628,31.688,176267200
2015-06-29,31.365,31.618,31.12,31.132,196645600
2015-06-30,31.392,31.53,31.215,31.358,177482800
2015-07-01,31.725,31.735,31.497,31.65,120955200
2015-07-02,31.608,31.673,31.442,31.61,108844000
2015-07-06,31.235,31.558,31.212,31.5,112241600
2015-07-07,31.472,31.538,30.942,31.423,187787200
2015-07-08,31.12,31.16,30.635,30.642,243046400
2015-07-09,30.962,31.015,29.805,30.017,314380000
2015-07-10,30.485,30.962,30.302,30.82,245418000
2015-07-13,31.257,31.44,31.08,31.415,165762000
2015-07-14,31.51,31.593,31.26,31.403,127072400
2015-07-15,31.43,31.788,31.395,31.705,134596800
2015-07-16,31.935,32.143,31.837,32.127,144889600
2015-07-17,32.27,32.405,32.077,32.405,184658800
2015-07-20,32.743,33.243,32.675,33.018,235600800
2015-07-21,33.213,33.23,32.58,32.688,307025600
2015-07-22,30.497,31.375,30.497,31.305,461802400
2015-07-23,31.55,31.772,31.265,31.29,203998000
2015-07-24,31.33,31.435,30.975,31.125,168649200
2015-07-27,30.772,30.903,30.53,30.692,177822000
2015-07-28,30.845,30.978,30.638,30.845,134472400
2015-07-29,30.788,30.875,30.567,30.747,148046800
2015-07-30,30.58,30.642,30.427,30.593,134513200
2015-07-31,30.65,30.66,30.228,30.325,171540000
2015-08-03,30.375,30.642,29.38,29.61,279904000
2015-08-04,29.355,29.425,28.312,28.66,496554400
2015-08-05,28.237,29.36,28.025,28.85,397250400
2015-08-06,28.993,29.125,28.53,28.782,211612000
2015-08-07,28.645,29.062,28.625,28.88,154681600
2015-08-10,29.132,29.997,29.132,29.93,219806400
2015-08-11,29.452,29.545,28.333,28.372,388331200
2015-08-12,28.132,28.855,27.407,28.81,404870000
2015-08-13,29.01,29.1,28.635,28.788,194143200
2015-08-14,28.58,29.077,28.503,28.99,171718000
2015-08-17,29.01,29.413,28.875,29.29,163538800
2015-08-18,29.108,29.36,29.003,29.125,138242800
2015-08-19,29.025,29.13,28.67,28.753,193146000
2015-08-20,28.52,28.587,27.907,28.163,274006400
2015-08-21,27.608,27.975,26.413,26.44,513102000
2015-08-24,23.718,27.2,23,25.78,648825200
2015-08-25,27.778,27.778,25.875,25.935,414406400
2015-08-26,26.772,27.472,26.263,27.423,387098400
2015-08-27,28.058,28.31,27.505,28.23,338464400
2015-08-28,28.042,28.327,27.885,28.323,212657600
2015-08-31,28.007,28.632,28,28.19,224917200
2015-09-01,27.538,27.97,26.84,26.93,307383600
2015-09-02,27.558,28.085,27.282,28.085,247555200
2015-09-03,28.122,28.195,27.51,27.593,212935600
2015-09-04,27.243,27.612,27.128,27.317,199985200
2015-09-08,27.938,28.14,27.58,28.077,219374400
2015-09-09,28.44,28.505,27.442,27.538,340043200
2015-09-10,27.567,28.32,27.475,28.142,251571200
2015-09-11,27.948,28.552,27.94,28.552,199662000
2015-09-14,29.145,29.222,28.715,28.827,233453600
2015-09-15,28.983,29.132,28.605,29.07,173364800
2015-09-16,29.062,29.135,28.86,29.103,148694000
2015-09-17,28.915,29.122,28.43,28.48,256450400
2015-09-18,28.052,28.575,27.968,28.362,297141200
2015-09-21,28.417,28.843,28.415,28.802,200888000
2015-09-22,28.345,28.545,28.13,28.35,201384800
2015-09-23,28.407,28.68,28.325,28.58,143026800
2015-09-24,28.312,28.875,28.093,28.75,200878000
2015-09-25,29.11,29.173,28.505,28.677,224607600
2015-09-28,28.462,28.642,28.11,28.11,208436000
2015-09-29,28.208,28.378,26.965,27.265,293461600
2015-09-30,27.542,27.885,27.183,27.575,265892000
2015-10-01,27.267,27.405,26.827,27.395,255716400
2015-10-02,27.003,27.753,26.888,27.595,232079200
2015-10-05,27.47,27.843,27.267,27.695,208258800
2015-10-06,27.657,27.935,27.442,27.827,192787200
2015-10-07,27.935,27.942,27.353,27.695,187062400
2015-10-08,27.548,27.548,27.052,27.375,247918400
2015-10-09,27.5,28.07,27.372,28.03,211064400
2015-10-12,28.183,28.188,27.86,27.9,121868800
2015-10-13,27.705,28.112,27.67,27.948,132197200
2015-10-14,27.823,27.88,27.39,27.552,177849600
2015-10-15,27.733,28.025,27.622,27.965,150694000
2015-10-16,27.945,28,27.632,27.76,156930400
2015-10-19,27.7,27.938,27.528,27.933,119036800
2015-10-20,27.835,28.542,27.705,28.442,195871200
2015-10-21,28.5,28.895,28.425,28.44,167180800
2015-10-22,28.583,28.875,28.525,28.875,166616400
2015-10-23,29.175,29.808,29.083,29.77,237467600
2015-10-26,29.52,29.532,28.73,28.82,265335200
2015-10-27,28.85,29.135,28.497,28.638,279537600
2015-10-28,29.233,29.825,29.015,29.817,342205600
2015-10-29,29.675,30.173,29.567,30.132,204909200
2015-10-30,30.247,30.305,29.862,29.875,197461200
2015-11-02,30.2,30.34,29.903,30.295,128813200
2015-11-03,30.198,30.872,30.175,30.642,182076000
2015-11-04,30.782,30.955,30.405,30.5,179544400
2015-11-05,30.462,30.673,30.045,30.23,158210800
2015-11-06,30.278,30.452,30.155,30.265,132169200
2015-11-09,30.24,30.452,30.013,30.142,135485600
2015-11-10,29.225,29.517,29.015,29.192,236511600
2015-11-11,29.093,29.355,28.802,29.028,180872000
2015-11-12,29.065,29.205,28.913,28.93,130102400
2015-11-13,28.8,28.892,28.067,28.085,183249600
2015-11-16,27.845,28.56,27.75,28.545,152426800
2015-11-17,28.73,28.763,28.33,28.423,110467600
2015-11-18,28.94,29.372,28.875,29.323,186698800
2015-11-19,29.41,29.938,29.19,29.695,173183200
2015-11-20,29.8,29.98,29.712,29.825,137148400
2015-11-23,29.817,29.933,29.335,29.438,129930000
2015-11-24,29.333,29.837,29.28,29.72,171212800
2015-11-25,29.802,29.808,29.48,29.507,85553200
2015-11-27,29.573,29.603,29.4,29.452,52185600
2015-11-30,29.497,29.853,29.438,29.575,156721200
2015-12-01,29.688,29.702,29.215,29.335,139409600
2015-12-02,29.335,29.528,29.02,29.07,133546400
2015-12-03,29.138,29.198,28.555,28.8,166278000
2015-12-04,28.823,29.812,28.778,29.757,231108000
2015-12-07,29.745,29.965,29.452,29.57,128336800
2015-12-08,29.38,29.65,29.215,29.558,137238000
2015-12-09,29.41,29.423,28.77,28.905,185445600
2015-12-10,29.01,29.235,28.878,29.042,116850800
2015-12-11,28.798,28.847,28.212,28.295,187544800
2015-12-14,28.045,28.17,27.448,28.12,257274800
2015-12-15,27.985,28.2,27.587,27.622,213292400
2015-12-16,27.767,27.997,27.2,27.835,224954000
2015-12-17,28.005,28.062,27.245,27.245,179091200
2015-12-18,27.228,27.38,26.452,26.507,385813200
2015-12-21,26.82,26.843,26.392,26.833,190362400
2015-12-22,26.85,26.93,26.612,26.808,131157600
2015-12-23,26.817,27.212,26.8,27.153,130629600
2015-12-24,27.25,27.25,26.987,27.007,54281600
2015-12-28,26.897,26.923,26.545,26.705,106816800
2015-12-29,26.74,27.358,26.715,27.185,123724800
2015-12-30,27.145,27.175,26.795,26.83,100855200
2015-12-31,26.753,26.757,26.205,26.315,163649200
2016-01-04,25.653,26.343,25.5,26.337,270597600
2016-01-05,26.438,26.462,25.603,25.677,223164000
2016-01-06,25.14,25.593,24.968,25.175,273829600
2016-01-07,24.67,25.032,24.108,24.112,324377600
2016-01-08,24.638,24.778,24.19,24.24,283192000
2016-01-11,24.743,24.765,24.335,24.632,198957600
2016-01-12,25.138,25.173,24.71,24.99,196616800
2016-01-13,25.08,25.298,24.325,24.347,249758400
2016-01-14,24.49,25.12,23.935,24.88,252680400
2016-01-15,24.05,24.427,23.84,24.282,319335600
2016-01-19,24.603,24.663,23.875,24.165,212350800
2016-01-20,23.775,24.548,23.355,24.198,289337600
2016-01-21,24.265,24.47,23.735,24.075,208646000
2016-01-22,24.657,25.365,24.593,25.355,263202000
2016-01-25,25.38,25.382,24.802,24.86,207178000
2016-01-26,24.983,25.22,24.517,24.997,300308000
2016-01-27,24.01,24.157,23.335,23.355,533478800
2016-01-28,23.448,23.63,23.097,23.522,222715200
2016-01-29,23.698,24.335,23.587,24.335,257666000
2016-02-01,24.118,24.177,23.85,24.108,163774000
2016-02-02,23.855,24.01,23.57,23.62,149428800
2016-02-03,23.75,24.21,23.52,24.087,183857200
2016-02-04,23.965,24.333,23.798,24.15,185886800
2016-02-05,24.13,24.23,23.423,23.505,185672400
2016-02-08,23.282,23.925,23.26,23.753,216085600
2016-02-09,23.573,23.985,23.483,23.747,177324800
2016-02-10,23.98,24.087,23.525,23.567,169374400
2016-02-11,23.448,23.68,23.147,23.425,200298800
2016-02-12,23.548,23.625,23.253,23.497,161405600
2016-02-16,23.755,24.212,23.653,24.16,196231600
2016-02-17,24.167,24.552,24.038,24.53,179452800
2016-02-18,24.71,24.722,24.022,24.065,156084000
2016-02-19,24,24.19,23.95,24.01,141496800
2016-02-22,24.077,24.225,23.98,24.22,137123200
2016-02-23,24.1,24.125,23.638,23.673,127770400
2016-02-24,23.495,24.095,23.33,24.025,145022800
2016-02-25,24.013,24.19,23.812,24.19,110330800
2016-02-26,24.3,24.505,24.145,24.228,115964400
2016-02-29,24.215,24.558,24.163,24.173,140865200
2016-03-01,24.413,25.192,24.355,25.132,201628400
2016-03-02,25.128,25.222,24.91,25.188,132678400
2016-03-03,25.145,25.427,25.112,25.375,147822800
2016-03-04,25.593,25.938,25.343,25.753,184220400
2016-03-07,25.597,25.708,25.24,25.468,143315600
2016-03-08,25.195,25.44,25.1,25.257,126247600
2016-03-09,25.327,25.395,25.067,25.28,108806800
2016-03-10,25.353,25.56,25.038,25.292,134054400
2016-03-11,25.56,25.57,25.375,25.565,109632800
2016-03-14,25.478,25.728,25.445,25.63,100304400
2016-03-15,25.99,26.295,25.962,26.145,160270800
2016-03-16,26.153,26.577,26.147,26.493,153214000
2016-03-17,26.38,26.618,26.24,26.45,137682800
2016-03-18,26.585,26.625,26.298,26.48,176820800
2016-03-21,26.483,26.913,26.285,26.478,142010800
2016-03-22,26.312,26.823,26.302,26.68,129777600
2016-03-23,26.62,26.767,26.475,26.532,102814000
2016-03-24,26.368,26.562,26.222,26.417,104532000
2016-03-28,26.5,26.548,26.265,26.298,77645600
2016-03-29,26.222,26.948,26.22,26.92,124760400
2016-03-30,27.163,27.605,27.15,27.39,182404400
2016-03-31,27.43,27.475,27.22,27.247,103553600
2016-04-01,27.195,27.5,27.05,27.497,103496000
2016-04-04,27.605,28.048,27.567,27.78,149424800
2016-04-05,27.378,27.683,27.355,27.452,106314800
2016-04-06,27.558,27.745,27.3,27.74,105616400
2016-04-07,27.487,27.605,27.03,27.135,127207600
2016-04-08,27.228,27.442,27.042,27.165,94326800
2016-04-11,27.243,27.653,27.208,27.255,117630000
2016-04-12,27.335,27.625,27.165,27.61,108929200
2016-04-13,27.7,28.085,27.7,28.01,133029200
2016-04-14,27.905,28.097,27.833,28.025,101895600
2016-04-15,28.028,28.075,27.433,27.462,187756000
2016-04-18,27.222,27.237,26.735,26.87,243286000
2016-04-19,26.97,27,26.558,26.728,129539600
2016-04-20,26.66,27.022,26.515,26.782,122444000
2016-04-21,26.733,26.733,26.38,26.493,126210000
2016-04-22,26.253,26.62,26.155,26.42,134732400
2016-04-25,26.25,26.413,26.128,26.27,112126400
2016-04-26,25.978,26.325,25.978,26.087,224064800
2016-04-27,24,24.677,23.92,24.455,458408400
2016-04-28,24.403,24.47,23.562,23.708,328970800
2016-04-29,23.497,23.68,23.128,23.435,274126000
2016-05-02,23.493,23.52,23.1,23.41,192640400
2016-05-03,23.55,23.935,23.42,23.795,227325200
2016-05-04,23.8,23.975,23.455,23.548,164102000
2016-05-05,23.5,23.517,23.17,23.31,143562000
2016-05-06,23.343,23.362,22.962,23.18,174799600
2016-05-09,23.25,23.442,23.147,23.198,131745600
2016-05-10,23.333,23.392,23.028,23.355,134747200
2016-05-11,23.37,23.392,23.115,23.128,114876400
2016-05-12,23.18,23.195,22.368,22.585,305258800
2016-05-13,22.5,22.917,22.5,22.63,177571200
2016-05-16,23.097,23.597,22.913,23.47,245039200
2016-05-17,23.638,23.675,23.253,23.372,187667600
2016-05-18,23.54,23.802,23.472,23.64,168249600
2016-05-19,23.66,23.66,23.392,23.55,121768400
2016-05-20,23.66,23.858,23.63,23.805,128104000
2016-05-23,23.968,24.298,23.917,24.108,152074400
2016-05-24,24.305,24.522,24.21,24.475,140560800
2016-05-25,24.667,24.935,24.528,24.905,152675200
2016-05-26,24.92,25.183,24.66,25.103,225324800
2016-05-27,24.86,25.118,24.812,25.087,145364800
2016-05-31,24.9,25.1,24.705,24.965,169228800
2016-06-01,24.755,24.885,24.583,24.615,116693200
2016-06-02,24.4,24.46,24.157,24.43,160766400
2016-06-03,24.448,24.567,24.362,24.48,114019600
2016-06-06,24.497,25.472,24.388,24.657,93170000
2016-06-07,24.812,24.968,24.74,24.757,89638000
2016-06-08,24.755,24.89,24.67,24.735,83392400
2016-06-09,24.625,24.997,24.615,24.913,106405600
2016-06-10,24.632,24.837,24.62,24.708,126851600
2016-06-13,24.673,24.78,24.275,24.335,152082000
2016-06-14,24.33,24.62,24.188,24.365,127727600
2016-06-15,24.455,24.603,24.257,24.285,117780800
2016-06-16,24.112,24.438,24.017,24.388,125307200
2016-06-17,24.155,24.163,23.825,23.833,244032800
2016-06-20,24,24.142,23.757,23.775,137647600
2016-06-21,23.735,24.087,23.67,23.978,142185600
2016-06-22,24.062,24.222,23.837,23.888,116876400
2016-06-23,23.985,24.073,23.812,24.025,128960800
2016-06-24,23.228,23.665,23.163,23.35,301245600
2016-06-27,23.25,23.263,22.875,23.01,181958400
2016-06-28,23.225,23.415,23.035,23.397,161779600
2016-06-29,23.493,23.638,23.407,23.6,146124000
2016-06-30,23.61,23.942,23.575,23.9,143345600
2016-07-01,23.872,24.118,23.833,23.972,104106000
2016-07-05,23.847,23.85,23.615,23.747,110820800
2016-07-06,23.65,23.915,23.593,23.882,123796400
2016-07-07,23.925,24.125,23.905,23.985,100558400
2016-07-08,24.122,24.222,24.013,24.17,115648400
2016-07-11,24.188,24.413,24.183,24.245,95179600
2016-07-12,24.292,24.425,24.28,24.355,96670000
2016-07-13,24.353,24.417,24.21,24.218,103568800
2016-07-14,24.347,24.747,24.33,24.698,155676000
2016-07-15,24.73,24.825,24.625,24.695,120548000
2016-07-18,24.675,25.032,24.65,24.958,145975600
2016-07-19,24.89,25,24.835,24.968,95119600
2016-07-20,25,25.115,24.935,24.99,105104000
2016-07-21,24.958,25.25,24.782,24.858,130808000
2016-07-22,24.815,24.825,24.577,24.665,113254800
2016-07-25,24.562,24.71,24.23,24.335,161531600
2016-07-26,24.205,24.493,24.105,24.167,224959200
2016-07-27,26.067,26.087,25.688,25.737,369379200
2016-07-28,25.708,26.112,25.705,26.085,159479200
2016-07-29,26.048,26.138,25.92,26.052,110934800
2016-08-01,26.103,26.538,26.103,26.513,152671600
2016-08-02,26.513,26.517,26,26.12,135266400
2016-08-03,26.202,26.46,26.192,26.448,120810400
2016-08-04,26.395,26.5,26.32,26.468,109634800
2016-08-05,26.567,26.913,26.545,26.87,162213600
2016-08-08,26.88,27.093,26.79,27.093,112148800
2016-08-09,27.058,27.235,27.003,27.202,105260800
2016-08-10,27.177,27.225,26.94,27,96034000
2016-08-11,27.13,27.233,26.962,26.983,109938000
2016-08-12,26.945,27.11,26.945,27.045,74641600
2016-08-15,27.035,27.385,27.02,27.37,103472800
2016-08-16,27.407,27.558,27.302,27.345,135177600
2016-08-17,27.275,27.343,27.085,27.305,101424000
2016-08-18,27.308,27.4,27.255,27.27,87938800
2016-08-19,27.192,27.423,27.09,27.34,101472400
2016-08-22,27.215,27.275,26.962,27.128,103280800
2016-08-23,27.147,27.33,27.132,27.212,85030800
2016-08-24,27.142,27.188,26.92,27.007,94700400
2016-08-25,26.847,26.97,26.67,26.892,100344800
2016-08-26,26.853,26.987,26.577,26.735,111065200
2016-08-29,26.655,26.86,26.573,26.705,99881200
2016-08-30,26.45,26.625,26.375,26.5,99455600
2016-08-31,26.415,26.642,26.41,26.525,118649600
2016-09-01,26.535,26.7,26.405,26.683,106806000
2016-09-02,26.925,27,26.705,26.933,107210000
2016-09-06,26.975,27.075,26.878,26.925,107521600
2016-09-07,26.958,27.19,26.767,27.09,169457200
2016-09-08,26.812,26.817,26.31,26.38,212008000
2016-09-09,26.16,26.43,25.782,25.782,186228000
2016-09-12,25.663,26.43,25.632,26.36,181171200
2016-09-13,26.878,27.198,26.81,26.987,248704800
2016-09-14,27.183,28.257,27.15,27.942,443554800
2016-09-15,28.465,28.933,28.372,28.892,359934400
2016-09-16,28.78,29.032,28.51,28.73,319547600
2016-09-19,28.798,29.045,28.312,28.395,188092000
2016-09-20,28.263,28.53,28.128,28.392,138057200
2016-09-21,28.462,28.497,28.11,28.388,144012800
2016-09-22,28.587,28.735,28.5,28.655,124296000
2016-09-23,28.605,28.698,27.888,28.177,209924800
2016-09-26,27.91,28.347,27.888,28.22,119477600
2016-09-27,28.25,28.295,28.085,28.272,98429600
2016-09-28,28.423,28.66,28.358,28.487,118564400
2016-09-29,28.29,28.45,27.95,28.045,143548000
2016-09-30,28.115,28.343,27.95,28.263,145516400
2016-10-03,28.177,28.263,28.07,28.13,86807200
2016-10-04,28.265,28.577,28.157,28.25,118947200
2016-10-05,28.35,28.415,28.173,28.263,85812400
2016-10-06,28.425,28.585,28.282,28.472,115117200
2016-10-07,28.577,28.64,28.378,28.515,97433600
2016-10-10,28.755,29.188,28.68,29.013,144944000
2016-10-11,29.425,29.673,29.05,29.075,256164000
2016-10-12,29.337,29.495,29.188,29.335,150347200
2016-10-13,29.198,29.36,28.93,29.245,140769600
2016-10-14,29.47,29.542,29.282,29.407,142608800
2016-10-17,29.333,29.46,29.195,29.388,94499600
2016-10-18,29.545,29.552,29.362,29.368,98214000
2016-10-19,29.312,29.44,28.45,29.28,80138400
2016-10-20,29.215,29.345,29.083,29.265,96503200
2016-10-21,29.202,29.228,29.07,29.15,92770800
2016-10-24,29.275,29.435,29.25,29.413,94154800
2016-10-25,29.487,29.59,29.327,29.562,192516000
2016-10-26,28.577,28.925,28.327,28.897,264536800
2016-10-27,28.847,28.965,28.525,28.62,138248000
2016-10-28,28.468,28.802,28.362,28.43,151446800
2016-10-31,28.413,28.558,28.3,28.385,105677600
2016-11-01,28.365,28.442,27.632,27.872,175303200
2016-11-02,27.85,28.087,27.808,27.897,113326800
2016-11-03,27.745,27.865,27.388,27.458,107730400
2016-11-04,27.132,27.562,27.028,27.21,123348000
2016-11-07,27.52,27.628,27.365,27.603,130240000
2016-11-08,27.577,27.93,27.425,27.765,97016800
2016-11-09,27.47,27.83,27.013,27.72,236705600
2016-11-10,27.772,27.772,26.458,26.948,228538000
2016-11-11,26.78,27.218,26.638,27.108,136575600
2016-11-14,26.927,26.952,26.02,26.427,204702000
2016-11-15,26.642,26.92,26.54,26.778,129058000
2016-11-16,26.675,27.558,26.65,27.497,235362000
2016-11-17,27.452,27.587,27.208,27.487,110528000
2016-11-18,27.43,27.635,27.415,27.515,113715600
2016-11-21,27.53,27.997,27.503,27.933,117058400
2016-11-22,27.987,28.105,27.85,27.95,103862000
2016-11-23,27.84,27.878,27.583,27.808,109705600
2016-11-25,27.782,27.968,27.737,27.948,45903600
2016-11-28,27.858,28.118,27.847,27.892,108776000
2016-11-29,27.695,28.007,27.517,27.865,114115200
2016-11-30,27.9,28.05,27.567,27.63,144649200
2016-12-01,27.593,27.735,27.257,27.372,148347600
2016-12-02,27.292,27.522,27.212,27.475,106112000
2016-12-05,27.5,27.507,27.062,27.278,137298000
2016-12-06,27.375,27.59,27.298,27.487,104782000
2016-12-07,27.315,27.798,27.29,27.757,119994800
2016-12-08,27.715,28.108,27.65,28.03,108273200
2016-12-09,28.077,28.675,28.077,28.487,137610400
2016-12-12,28.323,28.75,28.122,28.325,105497600
2016-12-13,28.46,28.98,28.438,28.798,174935200
2016-12-14,28.76,29.05,28.745,28.798,136127200
2016-12-15,28.845,29.183,28.808,28.955,186098000
2016-12-16,29.118,29.125,28.913,28.993,177404400
2016-12-19,28.95,29.345,28.938,29.16,111117600
2016-12-20,29.185,29.375,29.17,29.237,85700000
2016-12-21,29.2,29.35,29.195,29.265,95132800
2016-12-22,29.087,29.128,28.91,29.073,104343600
2016-12-23,28.897,29.13,28.897,29.13,56998000
2016-12-27,29.13,29.45,29.122,29.315,73187600
2016-12-28,29.38,29.505,29.05,29.19,83623600
2016-12-29,29.112,29.278,29.1,29.183,60158000
2016-12-30,29.163,29.3,28.858,28.955,122345200
2017-01-03,28.95,29.083,28.69,29.038,115127600
2017-01-04,28.962,29.128,28.938,29.005,84472400
2017-01-05,28.98,29.215,28.952,29.153,88774400
2017-01-06,29.195,29.54,29.118,29.478,127007600
2017-01-09,29.487,29.858,29.485,29.747,134247600
2017-01-10,29.692,29.845,29.575,29.778,97848400
2017-01-11,29.685,29.983,29.65,29.938,110354400
2017-01-12,29.725,29.825,29.552,29.812,108344800
2017-01-13,29.778,29.905,29.702,29.76,104447600
2017-01-17,29.585,30.06,29.555,30,137759200
2017-01-18,30,30.125,29.927,29.997,94852000
2017-01-19,29.85,30.022,29.843,29.945,102389200
2017-01-20,30.112,30.112,29.933,30,130391600
2017-01-23,30,30.202,29.942,30.02,88200800
2017-01-24,29.888,30.025,29.875,29.993,92844000
2017-01-25,30.105,30.525,30.07,30.47,129510400
2017-01-26,30.417,30.61,30.4,30.485,105350400
2017-01-27,30.535,30.587,30.4,30.487,82251600
2017-01-30,30.233,30.407,30.165,30.407,121510000
2017-01-31,30.288,30.347,30.155,30.337,196804000
2017-02-01,31.757,32.623,31.753,32.188,447940000
2017-02-02,31.995,32.347,31.945,32.132,134841600
2017-02-03,32.077,32.298,32.04,32.27,98029200
2017-02-06,32.283,32.625,32.225,32.572,107383600
2017-02-07,32.635,33.022,32.612,32.882,152735200
2017-02-08,32.838,33.055,32.805,33.01,92016400
2017-02-09,32.912,33.112,32.78,33.105,113399600
2017-02-10,33.115,33.235,33.013,33.03,80262000
2017-02-13,33.27,33.455,33.188,33.322,92141600
2017-02-14,33.368,33.772,33.312,33.755,132904800
2017-02-15,33.88,34.068,33.655,33.877,142492400
2017-02-16,33.917,33.975,33.71,33.838,90338400
2017-02-17,33.775,33.958,33.775,33.93,88792800
2017-02-21,34.057,34.188,33.995,34.175,98028800
2017-02-22,34.107,34.28,34.028,34.278,83347600
2017-02-23,34.345,34.37,34.075,34.132,83152800
2017-02-24,33.978,34.165,33.82,34.165,87106400
2017-02-27,34.285,34.36,34.07,34.232,81029600
2017-02-28,34.27,34.36,34.175,34.248,93931600
2017-03-01,34.472,35.037,34.4,34.947,145658400
2017-03-02,35,35.07,34.69,34.74,104844000
2017-03-03,34.695,34.958,34.647,34.945,84432400
2017-03-06,34.842,34.943,34.65,34.835,87000000
2017-03-07,34.765,34.995,34.697,34.88,69785200
2017-03-08,34.737,34.95,34.705,34.75,74828800
2017-03-09,34.685,34.697,34.263,34.67,88623600
2017-03-10,34.812,34.84,34.66,34.785,78451200
2017-03-13,34.713,34.857,34.705,34.8,69686800
2017-03-14,34.825,34.912,34.71,34.748,61236400
2017-03-15,34.853,35.188,34.757,35.115,102767200
2017-03-16,35.18,35.255,35.065,35.173,76928000
2017-03-17,35.25,35.25,34.972,34.998,175540000
2017-03-20,35.1,35.375,35.057,35.365,86168000
2017-03-21,35.528,35.7,34.932,34.96,158119600
2017-03-22,34.963,35.4,34.94,35.355,103440800
2017-03-23,35.315,35.395,35.153,35.23,81385200
2017-03-24,35.375,35.435,35.088,35.16,89582400
2017-03-27,34.847,35.305,34.655,35.22,94300400
2017-03-28,35.228,36.01,35.155,35.95,133499200
2017-03-29,35.92,36.123,35.798,36.03,116760000
2017-03-30,36.048,36.125,35.875,35.982,84829200
2017-03-31,35.93,36.068,35.752,35.915,78646800
2017-04-03,35.928,36.03,35.763,35.925,79942800
2017-04-04,35.812,36.222,35.792,36.193,79565600
2017-04-05,36.055,36.365,35.952,36.005,110871600
2017-04-06,36.072,36.13,35.862,35.915,84596000
2017-04-07,35.932,36.045,35.818,35.835,66688800
2017-04-10,35.9,35.97,35.725,35.792,75733600
2017-04-11,35.735,35.838,35.015,35.408,121517600
2017-04-12,35.4,35.537,35.252,35.45,81400000
2017-04-13,35.478,35.595,35.263,35.263,71291600
2017-04-17,35.37,35.47,35.217,35.458,66328400
2017-04-18,35.353,35.51,35.278,35.3,58790000
2017-04-19,35.47,35.5,35.112,35.17,69313600
2017-04-20,35.305,35.73,35.29,35.61,93278400
2017-04-21,35.61,35.67,35.463,35.568,69283600
2017-04-24,35.875,35.987,35.795,35.91,68537200
2017-04-25,35.978,36.225,35.967,36.132,75486000
2017-04-26,36.118,36.15,35.845,35.92,80164800
2017-04-27,35.98,36.04,35.827,35.947,56985200
2017-04-28,36.022,36.075,35.818,35.912,83441600
2017-05-01,36.275,36.8,36.24,36.645,134411600
2017-05-02,36.885,37.022,36.71,36.877,181408800
2017-05-03,36.397,36.873,36.068,36.765,182788000
2017-05-04,36.63,36.785,36.452,36.632,93487600
2017-05-05,36.69,37.245,36.69,37.24,109310800
2017-05-08,37.257,38.425,37.257,38.252,195009600
2017-05-09,38.467,38.72,38.362,38.498,156521600
2017-05-10,38.408,38.485,38.028,38.315,103222800
2017-05-11,38.112,38.518,38.077,38.487,109020400
2017-05-12,38.675,39.105,38.667,39.025,130108000
2017-05-15,39.002,39.162,38.763,38.925,104038800
2017-05-16,38.985,39.015,38.68,38.868,80194000
2017-05-17,38.4,38.643,37.428,37.562,203070800
2017-05-18,37.818,38.335,37.783,38.135,134272800
2017-05-19,38.345,38.495,38.158,38.265,107843200
2017-05-22,38.5,38.645,38.228,38.498,91865600
2017-05-23,38.725,38.725,38.327,38.45,79675600
2017-05-24,38.46,38.542,38.167,38.335,76712000
2017-05-25,38.432,38.588,38.257,38.467,76942400
2017-05-26,38.5,38.56,38.327,38.403,87710400
2017-05-30,38.355,38.607,38.333,38.417,80507600
2017-05-31,38.493,38.542,38.095,38.19,97804800
2017-06-01,38.292,38.333,38.055,38.295,65616400
2017-06-02,38.395,38.862,38.222,38.862,111082800
2017-06-05,38.585,38.612,38.365,38.482,101326800
2017-06-06,38.475,38.952,38.445,38.612,106499600
2017-06-07,38.755,38.995,38.62,38.842,84278400
2017-06-08,38.812,38.885,38.6,38.748,85003200
2017-06-09,38.798,38.798,36.505,37.245,259530800
2017-06-12,36.435,36.522,35.627,36.355,289229200
2017-06-13,36.79,36.862,36.287,36.647,136661600
2017-06-14,36.875,36.875,35.96,36.29,126124800
2017-06-15,35.83,36.12,35.553,36.072,128661600
2017-06-16,35.945,36.125,35.55,35.568,201444400
2017-06-19,35.915,36.685,35.915,36.585,130165600
2017-06-20,36.717,36.717,36.235,36.252,99600400
2017-06-21,36.38,36.518,36.153,36.467,85063200
2017-06-22,36.443,36.675,36.28,36.408,76425200
2017-06-23,36.283,36.79,36.278,36.57,141757600
2017-06-26,36.792,37.07,36.345,36.455,102769600
2017-06-27,36.252,36.54,35.905,35.932,99047600
2017-06-28,36.123,36.528,35.79,36.458,88329600
2017-06-29,36.178,36.283,35.57,35.92,125997600
2017-06-30,36.112,36.24,35.945,36.005,92096400
2017-07-03,36.22,36.325,35.775,35.875,57111200
2017-07-05,35.923,36.197,35.68,36.022,86278400
2017-07-06,35.755,35.875,35.603,35.682,96515200
2017-07-07,35.725,36.188,35.725,36.045,76806800
2017-07-10,36.028,36.487,35.842,36.265,84362400
2017-07-11,36.182,36.463,36.095,36.382,79127200
2017-07-12,36.467,36.545,36.205,36.435,99538000
2017-07-13,36.375,37.123,36.36,36.943,100797600
2017-07-14,36.993,37.333,36.833,37.26,80528400
2017-07-17,37.205,37.725,37.143,37.39,95174000
2017-07-18,37.3,37.533,37.167,37.52,71475200
2017-07-19,37.62,37.855,37.487,37.755,83692000
2017-07-20,37.875,37.935,37.548,37.585,68974800
2017-07-21,37.498,37.61,37.22,37.568,105010400
2017-07-24,37.645,38.11,37.475,38.022,85972800
2017-07-25,37.95,38.46,37.95,38.185,75415600
2017-07-26,38.338,38.482,38.265,38.365,63124000
2017-07-27,38.438,38.498,36.825,37.64,129905200
2017-07-28,37.472,37.557,37.298,37.375,68854800
2017-07-31,37.475,37.583,37.033,37.182,79383600
2017-08-01,37.275,37.555,37.103,37.513,141474400
2017-08-02,39.82,39.938,39.04,39.285,279747200
2017-08-03,39.263,39.303,38.755,38.893,108389200
2017-08-04,39.018,39.35,38.923,39.097,82239600
2017-08-07,39.265,39.73,39.167,39.702,87481200
2017-08-08,39.65,40.458,39.568,40.02,144823600
2017-08-09,39.815,40.318,39.778,40.265,104526000
2017-08-10,39.975,40,38.658,38.83,163217200
2017-08-11,39.15,39.643,39.018,39.37,105028400
2017-08-14,39.83,40.053,39.688,39.963,88490800
2017-08-15,40.165,40.55,40.035,40.4,117862000
2017-08-16,40.485,40.627,40.037,40.237,110686400
2017-08-17,40.13,40.178,39.46,39.465,111762400
2017-08-18,39.465,39.875,39.18,39.375,109712400
2017-08-21,39.375,39.472,38.778,39.303,105474000
2017-08-22,39.557,40,39.505,39.945,86418400
2017-08-23,39.768,40.118,39.72,39.995,77596400
2017-08-24,40.107,40.185,39.638,39.818,79275600
2017-08-25,39.912,40.14,39.818,39.965,101920400
2017-08-28,40.035,40.5,39.982,40.368,103864000
2017-08-29,40.025,40.78,40,40.728,118067600
2017-08-30,40.95,40.972,40.653,40.838,109078400
2017-08-31,40.91,41.13,40.87,41,107140400
2017-09-01,41.2,41.235,40.908,41.013,66364400
2017-09-05,40.938,41.062,40.14,40.52,117874000
2017-09-06,40.678,40.748,40.13,40.478,86606800
2017-09-07,40.522,40.56,40.09,40.315,87714000
2017-09-08,40.215,40.287,39.632,39.658,114446000
2017-09-11,40.125,40.513,39.972,40.375,126323200
2017-09-12,40.653,40.99,39.693,40.215,286856000
2017-09-13,39.967,39.99,39.478,39.912,179629600
2017-09-14,39.748,39.85,39.522,39.57,95042800
2017-09-15,39.618,40.243,39.5,39.97,196458400
2017-09-18,40.028,40.125,39.5,39.667,113077600
2017-09-19,39.877,39.943,39.61,39.682,83242400
2017-09-20,39.475,39.565,38.458,39.018,211805600
2017-09-21,38.95,38.95,38.188,38.347,150046800
2017-09-22,37.885,38.068,37.64,37.972,186581600
2017-09-25,37.498,37.958,37.29,37.638,177549200
2017-09-26,37.945,38.48,37.923,38.285,146640000
2017-09-27,38.45,38.68,38.385,38.557,102016800
2017-09-28,38.472,38.57,38.175,38.32,88022000
2017-09-29,38.303,38.533,38,38.53,105199200
2017-10-02,38.565,38.612,38.18,38.452,74795200
2017-10-03,38.502,38.772,38.478,38.62,64921200
2017-10-04,38.408,38.465,38.115,38.37,80655200
2017-10-05,38.545,38.86,38.513,38.847,85135200
2017-10-06,38.743,38.873,38.64,38.825,69630400
2017-10-09,38.952,39.182,38.873,38.96,65051600
2017-10-10,39.015,39.5,38.775,38.975,62468000
2017-10-11,38.993,39.245,38.938,39.138,67622400
2017-10-12,39.088,39.342,38.932,39,64500400
2017-10-13,39.182,39.32,39.103,39.248,65576800
2017-10-16,39.475,40,39.412,39.97,96486000
2017-10-17,39.945,40.217,39.807,40.118,75989200
2017-10-18,40.105,40.178,39.9,39.94,65496800
2017-10-19,39.188,39.27,38.755,38.995,170336800
2017-10-20,39.153,39.438,38.99,39.062,95896400
2017-10-23,39.222,39.423,38.875,39.042,87937200
2017-10-24,39.072,39.355,39.05,39.275,71028800
2017-10-25,39.228,39.388,38.818,39.103,84828400
2017-10-26,39.307,39.458,39.195,39.353,68002000
2017-10-27,39.822,40.9,39.675,40.763,177816800
2017-10-30,40.972,42.018,40.93,41.68,178803200
2017-10-31,41.975,42.412,41.735,42.26,144187200
2017-11-01,42.467,42.485,41.403,41.722,134551200
2017-11-02,41.65,42.125,41.32,42.028,165573600
2017-11-03,43.5,43.565,42.78,43.125,237594400
2017-11-06,43.092,43.748,42.93,43.562,140105200
2017-11-07,43.478,43.812,43.4,43.702,97446000
2017-11-08,43.665,44.06,43.583,44.06,97638000
2017-11-09,43.778,44.025,43.285,43.97,117930400
2017-11-10,43.778,43.845,43.568,43.667,100582000
2017-11-13,43.375,43.625,43.35,43.493,67928400
2017-11-14,43.26,43.37,42.795,42.835,99130000
2017-11-15,42.493,42.58,42.095,42.27,116632400
2017-11-16,42.795,42.967,42.575,42.775,94550000
2017-11-17,42.76,42.847,42.41,42.537,87598000
2017-11-20,42.572,42.64,42.39,42.495,65049600
2017-11-21,42.695,43.425,42.695,43.285,100525200
2017-11-22,43.34,43.75,43.263,43.74,102355600
2017-11-24,43.775,43.875,43.662,43.743,56106800
2017-11-27,43.763,43.77,43.335,43.522,82867200
2017-11-28,43.575,43.717,42.965,43.268,105715200
2017-11-29,43.158,43.23,41.79,42.37,166665600
2017-11-30,42.607,43.035,42.11,42.963,166108800
2017-12-01,42.487,42.917,42.125,42.763,159037200
2017-12-04,43.12,43.155,42.408,42.45,130169600
2017-12-05,42.265,42.88,42.1,42.41,109400800
2017-12-06,41.875,42.55,41.615,42.252,114240000
2017-12-07,42.257,42.61,42.228,42.33,102693200
2017-12-08,42.623,42.75,42.205,42.342,93420800
2017-12-11,42.3,43.222,42.197,43.167,141095200
2017-12-12,43.037,43.097,42.865,42.925,77636800
2017-12-13,43.125,43.385,43,43.068,95273600
2017-12-14,43.1,43.283,42.912,43.055,81906000
2017-12-15,43.408,43.542,43.115,43.493,160677200
2017-12-18,43.72,44.3,43.715,44.105,117684400
2017-12-19,43.757,43.847,43.522,43.635,109745600
2017-12-20,43.717,43.855,43.312,43.588,93902400
2017-12-21,43.542,44.005,43.525,43.752,83799600
2017-12-22,43.67,43.855,43.625,43.752,65397600
2017-12-26,42.7,42.868,42.42,42.643,132742000
2017-12-27,42.525,42.695,42.428,42.65,85992800
2017-12-28,42.75,42.963,42.62,42.77,65920800
2017-12-29,42.63,42.647,42.305,42.307,103999600
2018-01-02,42.54,43.075,42.315,43.065,102223600
2018-01-03,43.132,43.638,42.99,43.057,118071600
2018-01-04,43.135,43.368,43.02,43.257,89738400
2018-01-05,43.36,43.842,43.263,43.75,94640000
2018-01-08,43.588,43.903,43.482,43.588,82271200
2018-01-09,43.638,43.765,43.353,43.583,86336000
2018-01-10,43.29,43.575,43.25,43.572,95839600
2018-01-11,43.647,43.873,43.623,43.82,74670800
2018-01-12,44.045,44.34,43.912,44.272,101672400
2018-01-16,44.475,44.847,44.035,44.048,118263600
2018-01-17,44.037,44.812,43.768,44.775,137547200
2018-01-18,44.842,45.025,44.562,44.815,124773600
2018-01-19,44.653,44.895,44.353,44.615,129700400
2018-01-22,44.325,44.445,44.15,44.25,108434400
2018-01-23,44.325,44.86,44.205,44.26,130756400
2018-01-24,44.312,44.325,43.3,43.555,204420400
2018-01-25,43.627,43.737,42.632,42.778,166116000
2018-01-26,43,43,42.515,42.877,156572000
2018-01-29,42.54,42.54,41.768,41.99,202561600
2018-01-30,41.382,41.842,41.175,41.743,184192800
2018-01-31,41.717,42.11,41.625,41.857,129915600
2018-02-01,41.792,42.155,41.69,41.945,188923200
2018-02-02,41.5,41.7,40.025,40.125,346375200
2018-02-05,39.775,40.97,39,39.123,290954000
2018-02-06,38.708,40.93,38.5,40.757,272975200
2018-02-07,40.772,40.85,39.768,39.885,206434400
2018-02-08,40.072,40.25,38.757,38.787,217562000
2018-02-09,39.268,39.472,37.56,39.103,282690400
2018-02-12,39.625,40.972,39.377,40.678,243278000
2018-02-13,40.487,41.188,40.412,41.085,130196800
2018-02-14,40.76,41.885,40.72,41.842,162579600
2018-02-15,42.447,43.272,42.25,43.248,204588800
2018-02-16,43.09,43.705,42.943,43.107,160704400
2018-02-20,43.013,43.565,42.855,42.963,135722000
2018-02-21,43.208,43.53,42.752,42.768,149886400
2018-02-22,42.95,43.487,42.928,43.125,123967600
2018-02-23,43.417,43.912,43.385,43.875,135249600
2018-02-26,44.088,44.847,44.053,44.743,152648800
2018-02-27,44.775,45.12,44.54,44.597,155712400
2018-02-28,44.815,45.155,44.513,44.53,151128400
2018-03-01,44.635,44.945,43.165,43.75,195208000
2018-03-02,43.2,44.075,43.112,44.053,153816000
2018-03-05,43.803,44.435,43.63,44.205,113605600
2018-03-06,44.478,44.562,44.033,44.167,95154000
2018-03-07,43.735,43.963,43.568,43.757,126814000
2018-03-08,43.87,44.28,43.768,44.235,95096400
2018-03-09,44.49,45,44.347,44.995,128740800
2018-03-12,45.072,45.597,45.053,45.43,128828400
2018-03-13,45.647,45.875,44.81,44.993,126774000
2018-03-14,45.08,45.13,44.452,44.61,117473600
2018-03-15,44.625,45.06,44.518,44.662,90975200
2018-03-16,44.662,44.78,44.405,44.505,157618800
2018-03-19,44.33,44.368,43.415,43.825,133787200
2018-03-20,43.81,44.2,43.735,43.81,78597600
2018-03-21,43.76,43.772,42.815,42.818,148219600
2018-03-22,42.5,43.17,42.15,42.213,165963200
2018-03-23,42.097,42.48,41.235,41.235,164115200
2018-03-26,42.018,43.275,41.61,43.193,150164800
2018-03-27,43.42,43.787,41.73,42.085,163690400
2018-03-28,41.812,42.505,41.298,41.62,166674000
2018-03-29,41.952,42.938,41.725,41.945,153594000
2018-04-02,41.66,42.235,41.118,41.67,150347200
2018-04-03,41.91,42.188,41.22,42.097,121112000
2018-04-04,41.22,43.002,41.193,42.903,138422000
2018-04-05,43.145,43.557,43.02,43.2,107732800
2018-04-06,42.743,43.12,42.05,42.095,140021200
2018-04-09,42.47,43.272,42.463,42.513,116070800
2018-04-10,43.25,43.5,42.882,43.312,113634400
2018-04-11,43.057,43.48,42.925,43.11,89726400
2018-04-12,43.353,43.75,43.26,43.535,91557200
2018-04-13,43.695,43.96,43.463,43.682,100497200
2018-04-16,43.757,44.048,43.708,43.955,86313600
2018-04-17,44.123,44.735,44.103,44.56,106421600
2018-04-18,44.452,44.705,44.22,44.46,83018000
2018-04-19,43.44,43.847,43.165,43.2,139235200
2018-04-20,42.65,42.805,41.357,41.43,261964400
2018-04-23,41.708,41.73,41.022,41.31,146062000
2018-04-24,41.417,41.583,40.305,40.735,134768000
2018-04-25,40.655,41.355,40.603,40.912,113528400
2018-04-26,41.03,41.432,40.842,41.055,111852000
2018-04-27,41,41.083,40.158,40.58,142623200
2018-04-30,40.533,41.815,40.46,41.315,169709600
2018-05-01,41.603,42.3,41.318,42.275,214277600
2018-05-02,43.807,44.438,43.45,44.143,266157600
2018-05-03,43.97,44.375,43.61,44.222,136272800
2018-05-04,44.562,46.062,44.542,45.958,224805200
2018-05-07,46.295,46.917,46.188,46.29,169805600
2018-05-08,46.248,46.555,45.917,46.513,113611200
2018-05-09,46.638,46.85,46.305,46.84,92844800
2018-05-10,46.935,47.592,46.912,47.51,111957200
2018-05-11,47.373,47.515,46.862,47.147,104848800
2018-05-14,47.252,47.382,46.965,47.037,83115200
2018-05-15,46.695,46.768,46.275,46.61,94780800
2018-05-16,46.518,47.115,46.5,47.045,76732400
2018-05-17,47,47.228,46.59,46.748,69176000
2018-05-18,46.798,46.952,46.533,46.577,73190800
2018-05-21,47,47.318,46.728,46.908,73603200
2018-05-22,47.095,47.22,46.695,46.79,60962800
2018-05-23,46.588,47.125,46.44,47.09,80233600
2018-05-24,47.193,47.21,46.553,47.037,92936000
2018-05-25,47.057,47.412,46.912,47.145,69844000
2018-05-29,46.9,47.188,46.717,46.975,90056400
2018-05-30,46.93,47,46.695,46.875,74762000
2018-05-31,46.805,47.057,46.535,46.717,109931200
2018-06-01,46.998,47.565,46.938,47.56,93770000
2018-06-04,47.91,48.355,47.838,47.958,105064800
2018-06-05,48.268,48.485,48.09,48.327,86264000
2018-06-06,48.408,48.52,47.98,48.495,83734400
2018-06-07,48.535,48.55,48.085,48.365,85388800
2018-06-08,47.792,48,47.443,47.925,106627200
2018-06-11,47.838,47.993,47.553,47.807,73234000
2018-06-12,47.847,48.153,47.787,48.07,67644400
2018-06-13,48.105,48.22,47.61,47.675,86553600
2018-06-14,47.888,47.893,47.555,47.7,86440400
2018-06-15,47.507,47.54,47.065,47.21,246876800
2018-06-18,46.97,47.305,46.8,47.185,73939600
2018-06-19,46.285,46.583,45.862,46.423,134314000
2018-06-20,46.588,46.8,46.432,46.625,82514800
2018-06-21,46.812,47.088,46.235,46.365,102847600
2018-06-22,46.53,46.537,46.175,46.23,108801600
2018-06-25,45.85,46.23,45.182,45.542,126652400
2018-06-26,45.748,46.632,45.635,46.107,98276800
2018-06-27,46.307,46.82,46.007,46.04,101141200
2018-06-28,46.025,46.553,45.95,46.375,69460800
2018-06-29,46.572,46.798,45.728,46.278,90950800
2018-07-02,45.955,46.825,45.855,46.795,70925200
2018-07-03,46.947,46.987,45.885,45.98,55819200
2018-07-05,46.315,46.603,46.07,46.35,66416800
2018-07-06,46.355,47.107,46.3,46.993,69940800
2018-07-09,47.375,47.67,47.325,47.645,79026400
2018-07-10,47.678,47.82,47.545,47.588,63756400
2018-07-11,47.125,47.445,46.903,46.97,75326000
2018-07-12,47.382,47.853,47.327,47.757,72164400
2018-07-13,47.77,47.96,47.725,47.833,50055600
2018-07-16,47.88,48.162,47.605,47.728,60172400
2018-07-17,47.438,47.967,47.3,47.862,62138000
2018-07-18,47.945,47.95,47.482,47.6,65573600
2018-07-19,47.423,48.138,47.423,47.97,81147200
2018-07-20,47.945,48.107,47.542,47.86,82704800
2018-07-23,47.67,47.99,47.39,47.903,63957600
2018-07-24,48.112,48.415,48.013,48.25,74791600
2018-07-25,48.265,48.713,48.107,48.705,66839600
2018-07-26,48.653,48.99,48.403,48.553,76304000
2018-07-27,48.748,48.798,47.525,47.745,96096000
2018-07-30,47.975,48.05,47.268,47.478,84118000
2018-07-31,47.575,48.035,47.335,47.572,157492000
2018-08-01,49.783,50.44,49.327,50.375,271742800
2018-08-02,50.145,52.095,50.088,51.847,249616000
2018-08-03,51.757,52.185,51.37,51.998,133789600
2018-08-06,52,52.312,51.768,52.268,101701600
2018-08-07,52.33,52.375,51.69,51.778,102349600
2018-08-08,51.513,51.952,51.13,51.812,90102000
2018-08-09,52.382,52.445,51.8,52.22,93970400
2018-08-10,51.84,52.275,51.667,51.882,98444800
2018-08-13,52.327,52.737,51.925,52.217,103563600
2018-08-14,52.54,52.64,52.065,52.438,82992000
2018-08-15,52.305,52.685,52.083,52.56,115230400
2018-08-16,52.938,53.452,52.868,53.33,114001600
2018-08-17,53.36,54.487,53.29,54.395,141708000
2018-08-20,54.525,54.795,53.778,53.865,121150800
2018-08-21,54.2,54.298,53.507,53.76,104639200
2018-08-22,53.525,54.09,53.46,53.763,76072400
2018-08-23,53.662,54.263,53.65,53.873,75532800
2018-08-24,54.15,54.225,53.778,54.04,73905600
2018-08-27,54.287,54.685,54.083,54.485,82100400
2018-08-28,54.752,55.135,54.73,54.925,91107200
2018-08-29,55.037,55.873,54.853,55.745,109019200
2018-08-30,55.812,57.065,55.6,56.257,195175200
2018-08-31,56.627,57.217,56.5,56.908,173360400
2018-09-04,57.103,57.295,56.658,57.09,109560400
2018-09-05,57.248,57.417,56.275,56.717,133332000
2018-09-06,56.557,56.838,55.325,55.775,137160000
2018-09-07,55.463,56.342,55.178,55.325,150479200
2018-09-10,55.237,55.463,54.118,54.583,158066000
2018-09-11,54.502,56.075,54.14,55.963,142996000
2018-09-12,56.235,56.25,54.96,55.268,197114800
2018-09-13,55.88,57.088,55.643,56.603,166825600
2018-09-14,56.438,56.71,55.63,55.96,127997200
2018-09-17,55.537,55.737,54.318,54.47,148780400
2018-09-18,54.447,55.463,54.28,54.56,126286800
2018-09-19,54.625,54.905,53.825,54.592,108495200
2018-09-20,55.06,55.57,54.787,55.007,106435200
2018-09-21,55.195,55.34,54.322,54.415,384986800
2018-09-24,54.205,55.315,54.158,55.197,110773600
2018-09-25,54.938,55.705,54.925,55.548,98217600
2018-09-26,55.25,55.938,54.94,55.105,95938800
2018-09-27,55.955,56.61,55.885,56.237,120724800
2018-09-28,56.197,56.46,56.005,56.435,91717600
2018-10-01,56.987,57.355,56.588,56.815,94403200
2018-10-02,56.812,57.5,56.658,57.32,99152800
2018-10-03,57.513,58.368,57.445,58.018,114619200
2018-10-04,57.695,58.088,56.682,56.998,128168000
2018-10-05,56.99,57.103,55.145,56.072,134322000
2018-10-08,55.553,56.2,55.05,55.943,118655600
2018-10-09,55.91,56.818,55.562,56.717,107564000
2018-10-10,56.365,56.588,54.013,54.09,167962400
2018-10-11,53.63,54.875,53.08,53.612,212497600
2018-10-12,55.105,55.72,54.21,55.528,161351600
2018-10-15,55.29,55.458,54.318,54.34,123164000
2018-10-16,54.732,55.748,54.19,55.537,116736000
2018-10-17,55.575,55.66,54.835,55.298,91541600
2018-10-18,54.465,54.935,53.25,54.005,130325200
2018-10-19,54.515,55.315,54.357,54.827,132314800
2018-10-22,54.947,55.84,54.735,55.162,115168400
2018-10-23,53.958,55.812,53.675,55.682,155071200
2018-10-24,55.65,56.057,53.635,53.772,163702000
2018-10-25,54.428,55.345,54.188,54.95,119423200
2018-10-26,53.975,55.048,53.167,54.075,189033600
2018-10-29,54.798,54.923,51.522,53.06,183742000
2018-10-30,52.787,53.795,52.318,53.325,146640000
2018-10-31,54.22,55.112,54.155,54.715,153435600
2018-11-01,54.763,55.59,54.202,55.555,233292800
2018-11-02,52.388,53.412,51.357,51.87,365314800
2018-11-05,51.075,51.097,49.542,50.397,264654800
2018-11-06,50.48,51.18,50.423,50.943,127531600
2018-11-07,51.493,52.515,51.033,52.487,133697600
2018-11-08,52.495,52.53,51.688,52.123,101450400
2018-11-09,51.388,51.502,50.562,51.118,137463200
2018-11-12,49.75,49.963,48.447,48.542,204542000
2018-11-13,47.908,49.295,47.862,48.057,187531600
2018-11-14,48.475,48.62,46.482,46.7,243204000
2018-11-15,47.097,47.993,46.725,47.853,185915200
2018-11-16,47.625,48.743,47.365,48.382,147713200
2018-11-19,47.5,47.675,46.248,46.465,167701200
2018-11-20,44.592,45.368,43.877,44.245,271300800
2018-11-21,44.932,45.068,44.138,44.195,124496800
2018-11-23,43.735,44.15,43.025,43.072,94496000
2018-11-26,43.56,43.737,42.565,43.655,179994000
2018-11-27,42.877,43.693,42.72,43.56,165549600
2018-11-28,44.182,45.322,43.732,45.235,184250000
2018-11-29,45.665,45.7,44.425,44.888,167080000
2018-11-30,45.072,45.083,44.257,44.645,158126000
2018-12-03,46.115,46.235,45.303,46.205,163210000
2018-12-04,45.237,45.597,44.068,44.173,165377200
2018-12-06,42.94,43.695,42.605,43.68,172393600
2018-12-07,43.373,43.623,42.075,42.123,169126400
2018-12-10,41.25,42.522,40.833,42.4,248104000
2018-12-11,42.915,42.947,41.75,42.158,189126800
2018-12-12,42.6,42.98,42.255,42.275,142510800
2018-12-13,42.623,43.143,42.388,42.737,127594400
2018-12-14,42.25,42.27,41.32,41.37,162814800
2018-12-17,41.362,42.088,40.682,40.985,177151600
2018-12-18,41.345,41.882,41.097,41.518,135366000
2018-12-19,41.5,41.862,39.772,40.222,196189200
2018-12-20,40.1,40.528,38.825,39.208,259092000
2018-12-21,39.215,39.54,37.408,37.682,382978400
2018-12-24,37.037,37.888,36.647,36.708,148676800
2018-12-26,37.075,39.307,36.68,39.292,234330000
2018-12-27,38.96,39.193,37.518,39.037,212468400
2018-12-28,39.375,39.63,38.638,39.057,169165600
2018-12-31,39.632,39.84,39.12,39.435,140014000
2019-01-02,38.722,39.713,38.557,39.48,148158800
2019-01-03,35.995,36.43,35.5,35.548,365248800
2019-01-04,36.132,37.138,35.95,37.065,234428400
2019-01-07,37.175,37.208,36.475,36.982,219111200
2019-01-08,37.39,37.955,37.13,37.688,164101200
2019-01-09,37.822,38.632,37.408,38.327,180396400
2019-01-10,38.125,38.493,37.715,38.45,143122800
2019-01-11,38.22,38.425,37.877,38.072,108092800
2019-01-14,37.713,37.818,37.305,37.5,129756800
2019-01-15,37.568,38.347,37.513,38.268,114843600
2019-01-16,38.27,38.97,38.25,38.735,122278800
2019-01-17,38.55,39.415,38.315,38.965,119284800
2019-01-18,39.375,39.47,38.995,39.205,135004000
2019-01-22,39.103,39.182,38.155,38.325,121576000
2019-01-23,38.537,38.785,37.925,38.48,92522400
2019-01-24,38.528,38.62,37.935,38.175,101766000
2019-01-25,38.87,39.533,38.58,39.44,134142000
2019-01-28,38.947,39.083,38.415,39.075,104768400
2019-01-29,39.062,39.533,38.528,38.67,166348800
2019-01-30,40.812,41.537,40.057,41.312,244439200
2019-01-31,41.528,42.25,41.14,41.61,162958400
2019-02-01,41.74,42.245,41.482,41.63,130672400
2019-02-04,41.853,42.915,41.82,42.812,125982000
2019-02-05,43.215,43.77,43.088,43.545,144406400
2019-02-06,43.662,43.893,43.213,43.56,112958400
2019-02-07,43.1,43.485,42.585,42.735,126966800
2019-02-08,42.248,42.665,42.105,42.603,95280000
2019-02-11,42.763,42.803,42.312,42.357,83973600
2019-02-12,42.525,42.75,42.425,42.722,89134000
2019-02-13,42.847,43.12,42.48,42.545,89960800
2019-02-14,42.428,42.815,42.345,42.7,87342800
2019-02-15,42.812,42.925,42.438,42.605,98507200
2019-02-19,42.428,42.86,42.373,42.732,75891200
2019-02-20,42.798,43.33,42.748,43.007,104457600
2019-02-21,42.95,43.092,42.575,42.765,68998800
2019-02-22,42.895,43.25,42.845,43.243,75652800
2019-02-25,43.54,43.967,43.487,43.557,87493600
2019-02-26,43.428,43.825,43.292,43.583,68280800
2019-02-27,43.303,43.75,43.182,43.717,111341600
2019-02-28,43.58,43.728,43.23,43.287,112861600
2019-03-01,43.57,43.787,43.222,43.743,103544800
2019-03-04,43.923,44.438,43.493,43.963,109744800
2019-03-05,43.985,44,43.635,43.882,78949600
2019-03-06,43.667,43.873,43.485,43.63,83241600
2019-03-07,43.467,43.61,43.005,43.125,99185600
2019-03-08,42.58,43.268,42.375,43.228,95997600
2019-03-11,43.873,44.78,43.838,44.725,128044000
2019-03-12,45,45.667,44.842,45.228,129870400
2019-03-13,45.562,45.825,45.23,45.428,124130000
2019-03-14,45.975,46.025,45.64,45.932,94318000
2019-03-15,46.213,46.833,45.935,46.53,156171600
2019-03-18,46.45,47.097,46.447,47.005,104879200
2019-03-19,47.088,47.248,46.48,46.632,126585600
2019-03-20,46.557,47.373,46.182,47.04,124140800
2019-03-21,47.505,49.083,47.452,48.772,204136800
2019-03-22,48.835,49.423,47.695,47.763,169630800
2019-03-25,47.877,47.995,46.65,47.185,175381200
2019-03-26,47.915,48.22,46.145,46.697,199202000
2019-03-27,47.188,47.44,46.638,47.118,119393600
2019-03-28,47.237,47.39,46.882,47.18,83121600
2019-03-29,47.458,47.52,47.135,47.487,94256000
2019-04-01,47.91,47.92,47.095,47.81,111448000
2019-04-02,47.772,48.615,47.763,48.505,91062800
2019-04-03,48.312,49.125,48.287,48.838,93087200
2019-04-04,48.697,49.092,48.285,48.923,76457200
2019-04-05,49.112,49.275,48.982,49.25,74106400
2019-04-08,49.105,50.057,49.085,50.025,103526800
2019-04-09,50.08,50.713,49.807,49.875,143072800
2019-04-10,49.67,50.185,49.545,50.155,86781200
2019-04-11,50.213,50.25,49.61,49.737,83603200
2019-04-12,49.8,50.035,49.053,49.717,111042800
2019-04-15,49.645,49.963,49.502,49.807,70146400
2019-04-16,49.865,50.342,49.64,49.812,102785600
2019-04-17,49.885,50.845,49.653,50.783,115627200
2019-04-18,50.78,51.037,50.63,50.965,96783200
2019-04-22,50.708,51.235,50.585,51.132,77758000
2019-04-23,51.107,51.938,50.975,51.87,93292000
2019-04-24,51.84,52.12,51.763,51.79,70162400
2019-04-25,51.708,51.94,51.28,51.32,74172800
2019-04-26,51.225,51.25,50.53,51.075,74596400
2019-04-29,51.1,51.493,50.965,51.153,88818800
2019-04-30,50.765,50.85,49.778,50.167,186139600
2019-05-01,52.47,53.827,52.307,52.63,259309200
2019-05-02,52.46,53.162,52.033,52.287,127985200
2019-05-03,52.722,52.96,52.557,52.938,83569600
2019-05-06,51.072,52.21,50.875,52.12,129772400
2019-05-07,51.47,51.855,50.208,50.715,155054800
2019-05-08,50.475,51.335,50.438,50.725,105358000
2019-05-09,50.1,50.42,49.165,50.18,139634400
2019-05-10,49.355,49.713,48.193,49.295,164834800
2019-05-13,46.928,47.37,45.713,46.43,229722400
2019-05-14,46.603,47.425,46.353,47.165,146118800
2019-05-15,46.568,47.938,46.505,47.73,106178800
2019-05-16,47.478,48.118,47.21,47.52,132125600
2019-05-17,46.732,47.725,46.69,47.25,131516400
2019-05-20,45.88,46.088,45.07,45.772,154449200
2019-05-21,46.305,47,46.175,46.65,113459200
2019-05-22,46.165,46.428,45.638,45.695,118994400
2019-05-23,44.95,45.135,44.452,44.915,146118800
2019-05-24,45.05,45.535,44.655,44.743,94858800
2019-05-28,44.73,45.147,44.478,44.557,111792800
2019-05-29,44.105,44.838,44,44.345,113924800
2019-05-30,44.487,44.807,44.167,44.575,84873600
2019-05-31,44.057,44.498,43.748,43.768,108174400
2019-06-03,43.9,44.48,42.568,43.325,161584400
2019-06-04,43.86,44.958,43.63,44.91,123872000
2019-06-05,46.07,46.248,45.285,45.635,119093600
2019-06-06,45.77,46.368,45.537,46.305,90105200
2019-06-07,46.627,47.98,46.443,47.537,122737600
2019-06-10,47.952,48.842,47.905,48.145,104883600
2019-06-11,48.715,49,48.4,48.702,107731600
2019-06-12,48.487,48.993,48.347,48.548,73012800
2019-06-13,48.675,49.197,48.4,48.537,86698400
2019-06-14,47.888,48.397,47.575,48.185,75046000
2019-06-17,48.225,48.74,48.042,48.472,58676400
2019-06-18,49.013,50.072,48.803,49.612,106204000
2019-06-19,49.92,49.97,49.327,49.467,84496800
2019-06-20,50.092,50.153,49.507,49.865,86056000
2019-06-21,49.7,50.213,49.537,49.695,191202400
2019-06-24,49.635,50.04,49.542,49.645,72881600
2019-06-25,49.607,49.815,48.822,48.893,84281200
2019-06-26,49.443,50.248,49.338,49.95,104270000
2019-06-27,50.072,50.393,49.893,49.935,83598800
2019-06-28,49.67,49.875,49.263,49.48,124442400
2019-07-01,50.792,51.123,50.162,50.388,109012000
2019-07-02,50.353,50.783,50.34,50.682,67740800
2019-07-03,50.82,51.11,50.673,51.103,45448000
2019-07-05,50.838,51.27,50.725,51.057,69062000
2019-07-08,50.202,50.35,49.603,50.005,101354400
2019-07-09,49.8,50.377,49.702,50.31,82312000
2019-07-10,50.463,50.932,50.39,50.807,71588400
2019-07-11,50.827,51.097,50.428,50.438,80767200
2019-07-12,50.612,51,50.55,50.825,70380800
2019-07-15,51.022,51.467,51,51.303,67789600
2019-07-16,51.147,51.528,50.875,51.125,67467200
2019-07-17,51.013,51.272,50.818,50.838,56430000
2019-07-18,51,51.47,50.925,51.415,74162400
2019-07-19,51.447,51.625,50.59,50.647,83717200
2019-07-22,50.912,51.807,50.903,51.805,89111600
2019-07-23,52.115,52.228,51.822,52.21,73420800
2019-07-24,51.917,52.287,51.792,52.167,59966400
2019-07-25,52.222,52.31,51.682,51.755,55638400
2019-07-26,51.87,52.432,51.785,51.935,70475600
2019-07-29,52.115,52.66,52.11,52.42,86693600
2019-07-30,52.19,52.54,51.827,52.195,135742800
2019-07-31,54.105,55.342,52.825,53.26,277125600
2019-08-01,53.475,54.507,51.685,52.107,216071600
2019-08-02,51.382,51.607,50.408,51.005,163448400
2019-08-05,49.498,49.662,48.145,48.335,209572000
2019-08-06,49.077,49.518,48.51,49.25,143299200
2019-08-07,48.853,49.89,48.455,49.76,133457600
2019-08-08,50.05,50.882,49.847,50.857,108038000
2019-08-09,50.325,50.69,49.822,50.248,98478800
2019-08-12,49.905,50.513,49.787,50.12,89927600
2019-08-13,50.255,53.035,50.12,52.243,188874000
2019-08-14,50.79,51.61,50.647,50.688,146189600
2019-08-15,50.865,51.285,49.917,50.435,108909600
2019-08-16,51.07,51.79,50.96,51.625,110481600
2019-08-19,52.655,53.182,52.507,52.588,97654400
2019-08-20,52.72,53.338,52.58,52.59,107537200
2019-08-21,53.248,53.412,52.9,53.16,86141600
2019-08-22,53.298,53.61,52.688,53.115,89014800
2019-08-23,52.357,53.013,50.25,50.66,187272000
2019-08-26,51.465,51.798,51.265,51.623,104174400
2019-08-27,51.965,52.138,50.882,51.04,103493200
2019-08-28,51.025,51.43,50.83,51.382,63755200
2019-08-29,52.125,52.33,51.665,52.252,83962000
2019-08-30,52.54,52.612,51.8,52.185,84573600
2019-09-03,51.607,51.745,51.055,51.425,80092000
2019-09-04,52.097,52.37,51.83,52.298,76752400
2019-09-05,53,53.493,52.877,53.32,95654800
2019-09-06,53.513,53.605,53.127,53.315,77449200
2019-09-09,53.71,54.11,52.768,53.542,109237600
2019-09-10,53.465,54.195,52.928,54.175,127111600
2019-09-11,54.518,55.928,54.432,55.897,177158400
2019-09-12,56.2,56.605,55.715,55.772,128906800
2019-09-13,55,55.197,54.255,54.688,159053200
2019-09-16,54.432,55.033,54.39,54.975,84632400
2019-09-17,54.99,55.205,54.78,55.175,73274800
2019-09-18,55.265,55.713,54.86,55.693,101360000
2019-09-19,55.502,55.94,55.092,55.24,88242400
2019-09-20,55.345,55.64,54.368,54.432,221652400
2019-09-23,54.737,54.96,54.412,54.68,76662000
2019-09-24,55.257,55.623,54.298,54.42,124763200
2019-09-25,54.638,55.375,54.285,55.257,87613600
2019-09-26,55,55.235,54.708,54.972,75334000
2019-09-27,55.135,55.24,54.32,54.705,101408000
2019-09-30,55.225,56.145,55.197,55.993,103909600
2019-10-01,56.268,57.055,56.05,56.147,139223200
2019-10-02,55.765,55.895,54.482,54.74,138449200
2019-10-03,54.607,55.24,53.783,55.205,114426000
2019-10-04,56.41,56.873,55.972,56.752,138478800
2019-10-07,56.568,57.482,56.46,56.765,122306000
2019-10-08,56.455,57.015,56.083,56.1,111820000
2019-10-09,56.757,56.947,56.41,56.757,74770400
2019-10-10,56.982,57.61,56.825,57.522,113013600
2019-10-11,58.237,59.41,58.077,59.053,166795600
2019-10-14,58.725,59.533,58.667,58.967,96427600
2019-10-15,59.097,59.412,58.72,58.83,87360000
2019-10-16,58.342,58.81,58.3,58.592,73903200
2019-10-17,58.772,59.037,58.38,58.82,67585200
2019-10-18,58.647,59.395,58.572,59.103,97433600
2019-10-21,59.38,60.248,59.33,60.127,87247200
2019-10-22,60.29,60.55,59.905,59.99,82293600
2019-10-23,60.525,60.81,60.305,60.795,75828800
2019-10-24,61.127,61.2,60.452,60.895,69275200
2019-10-25,60.79,61.682,60.72,61.645,73477200
2019-10-28,61.855,62.312,61.68,62.263,96572800
2019-10-29,62.243,62.438,60.643,60.822,142839600
2019-10-30,61.19,61.325,60.303,60.815,124522000
2019-10-31,61.81,62.292,59.315,62.19,139162000
2019-11-01,62.385,63.982,62.29,63.955,151125200
2019-11-04,64.332,64.463,63.845,64.375,103272000
2019-11-05,64.262,64.548,64.08,64.283,79897600
2019-11-06,64.192,64.372,63.842,64.31,75864400
2019-11-07,64.685,65.088,64.527,64.857,94940400
2019-11-08,64.673,65.11,64.213,65.035,69986400
2019-11-11,64.575,65.618,64.57,65.55,81821200
2019-11-12,65.387,65.698,65.23,65.49,87388800
2019-11-13,65.283,66.195,65.268,66.118,102734400
2019-11-14,65.938,66.22,65.525,65.66,89182800
2019-11-15,65.92,66.445,65.753,66.44,100206400
2019-11-18,66.45,66.857,66.058,66.775,86703200
2019-11-19,66.975,67,66.348,66.573,76167200
2019-11-20,66.385,66.52,65.1,65.798,106234400
2019-11-21,65.923,66.003,65.295,65.503,121395200
2019-11-22,65.647,65.795,65.21,65.445,65325200
2019-11-25,65.677,66.61,65.63,66.592,84020400
2019-11-26,66.735,66.79,65.625,66.073,105207600
2019-11-27,66.395,66.995,66.327,66.96,65235600
2019-11-29,66.65,67,66.475,66.812,46617600
2019-12-02,66.817,67.062,65.863,66.04,94487200
2019-12-03,64.577,64.882,64.073,64.863,114430400
2019-12-04,65.268,65.827,65.17,65.435,67181600
2019-12-05,65.948,66.473,65.683,66.395,74424400
2019-12-06,66.87,67.75,66.825,67.677,106075600
2019-12-09,67.5,67.7,66.228,66.73,128042400
2019-12-10,67.15,67.518,66.465,67.12,90420400
2019-12-11,67.202,67.775,67.125,67.692,78756800
2019-12-12,66.945,68.14,66.83,67.865,137310400
2019-12-13,67.865,68.825,67.732,68.787,133587600
2019-12-16,69.25,70.198,69.245,69.965,128186000
2019-12-17,69.893,70.442,69.7,70.103,114158400
2019-12-18,69.95,70.475,69.78,69.935,116028400
2019-12-19,69.875,70.295,69.738,70.005,98369200
2019-12-20,70.558,70.662,69.64,69.86,275978000
2019-12-23,70.132,71.062,70.092,71,98572000
2019-12-24,71.173,71.223,70.73,71.067,48478800
2019-12-26,71.205,72.495,71.175,72.478,93121200
2019-12-27,72.78,73.493,72.03,72.45,146266000
2019-12-30,72.365,73.173,71.305,72.88,144114400
2019-12-31,72.482,73.42,72.38,73.412,100805600
2020-01-02,74.06,75.15,73.798,75.088,135480400
2020-01-03,74.287,75.145,74.125,74.357,146322800
2020-01-06,73.448,74.99,73.188,74.95,118387200
2020-01-07,74.96,75.225,74.37,74.598,108872000
2020-01-08,74.29,76.11,74.29,75.798,132079200
2020-01-09,76.81,77.607,76.55,77.408,170108400
2020-01-10,77.65,78.168,77.062,77.582,140644800
2020-01-13,77.91,79.268,77.787,79.24,121532000
2020-01-14,79.175,79.393,78.043,78.17,161954400
2020-01-15,77.963,78.875,77.387,77.835,121923600
2020-01-16,78.397,78.925,78.022,78.81,108829200
2020-01-17,79.067,79.685,78.75,79.683,137816400
2020-01-21,79.298,79.755,79,79.143,110843200
2020-01-22,79.645,79.997,79.327,79.425,101832400
2020-01-23,79.48,79.89,78.912,79.808,104472000
2020-01-24,80.062,80.832,79.38,79.577,146537600
2020-01-27,77.515,77.942,76.22,77.238,161940000
2020-01-28,78.15,79.6,78.048,79.423,162234000
2020-01-29,81.113,81.963,80.345,81.085,216229200
2020-01-30,80.135,81.022,79.688,80.967,126743200
2020-01-31,80.232,80.67,77.073,77.378,199588400
2020-02-03,76.075,78.372,75.555,77.165,173788400
2020-02-04,78.827,79.91,78.408,79.713,136616400
2020-02-05,80.88,81.19,79.738,80.363,118826800
2020-02-06,80.643,81.305,80.065,81.302,105425600
2020-02-07,80.592,80.85,79.5,80.007,117684000
2020-02-10,78.545,80.387,78.463,80.387,109348800
2020-02-11,80.9,80.975,79.677,79.902,94323200
2020-02-12,80.368,81.805,80.368,81.8,113730400
2020-02-13,81.048,81.555,80.838,81.217,94747600
2020-02-14,81.185,81.495,80.713,81.238,80113600
2020-02-18,78.84,79.938,78.652,79.75,152531200
2020-02-19,80,81.143,80,80.905,93984000
2020-02-20,80.658,81.162,79.552,80.075,100566000
2020-02-21,79.655,80.113,77.625,78.262,129554000
2020-02-24,74.315,76.045,72.308,74.545,222195200
2020-02-25,75.238,75.632,71.533,72.02,230673600
2020-02-26,71.632,74.47,71.625,73.162,198054800
2020-02-27,70.275,71.5,68.24,68.38,320605600
2020-02-28,64.315,69.603,64.092,68.34,426510000
2020-03-02,70.57,75.36,69.43,74.702,341397200
2020-03-03,75.918,76,71.45,72.33,319475600
2020-03-04,74.11,75.85,73.283,75.685,219178400
2020-03-05,73.88,74.887,72.853,73.23,187572800
2020-03-06,70.5,72.705,70.308,72.257,226176800
2020-03-09,65.938,69.522,65.75,66.543,286744800
2020-03-10,69.285,71.61,67.342,71.335,285290000
2020-03-11,69.348,70.305,67.965,68.857,255598800
2020-03-12,63.985,67.5,62,62.057,418474000
2020-03-13,66.223,69.98,63.237,69.493,370732000
2020-03-16,60.487,64.77,60,60.553,322423600
2020-03-17,61.877,64.402,59.6,63.215,324056000
2020-03-18,59.943,62.5,59.28,61.667,300233600
2020-03-19,61.847,63.21,60.653,61.195,271857200
2020-03-20,61.795,62.958,57,57.31,401693200
2020-03-23,57.02,57.125,53.153,56.092,336752800
2020-03-24,59.09,61.923,58.575,61.72,287531200
2020-03-25,62.688,64.562,61.075,61.38,303602000
2020-03-26,61.63,64.67,61.59,64.61,252087200
2020-03-27,63.188,63.967,61.763,61.935,204216800
2020-03-30,62.685,63.88,62.35,63.702,167976400
2020-03-31,63.9,65.622,63,63.572,197002000
2020-04-01,61.625,62.18,59.783,60.228,176218400
2020-04-02,60.085,61.287,59.225,61.232,165934000
2020-04-03,60.7,61.425,59.743,60.353,129880000
2020-04-06,62.725,65.777,62.345,65.618,201820400
2020-04-07,67.7,67.925,64.75,64.857,202887200
2020-04-08,65.685,66.842,65.308,66.518,168895200
2020-04-09,67.175,67.518,66.175,66.997,161834800
2020-04-13,67.077,68.425,66.457,68.312,131022800
2020-04-14,70,72.062,69.512,71.762,194994800
2020-04-15,70.6,71.582,70.158,71.107,131154400
2020-04-16,71.845,72.05,70.588,71.673,157125200
2020-04-17,71.173,71.738,69.215,70.7,215250000
2020-04-20,69.488,70.42,69.213,69.232,130015200
2020-04-21,69.07,69.312,66.357,67.092,180991600
2020-04-22,68.402,69.475,68.05,69.025,116862400
2020-04-23,68.967,70.438,68.717,68.757,124814400
2020-04-24,69.3,70.753,69.25,70.743,126161200
2020-04-27,70.45,71.135,69.988,70.793,117087600
2020-04-28,71.27,71.457,69.55,69.645,112004800
2020-04-29,71.183,72.418,70.973,71.933,137280800
2020-04-30,72.49,73.632,72.088,73.45,183064000
2020-05-01,71.562,74.75,71.463,72.268,240616800
2020-05-04,72.293,73.423,71.58,73.29,133568000
2020-05-05,73.765,75.25,73.615,74.39,147751200
2020-05-06,75.115,75.81,74.717,75.158,142333600
2020-05-07,75.805,76.293,75.493,75.935,115215200
2020-05-08,76.41,77.588,76.073,77.533,133838400
2020-05-11,77.025,79.262,76.81,78.753,145946400
2020-05-12,79.457,79.923,77.728,77.853,162301200
2020-05-13,78.037,78.988,75.802,76.912,200622400
2020-05-14,76.128,77.448,75.382,77.385,158929200
2020-05-15,75.088,76.975,75.052,76.927,166348400
2020-05-18,78.293,79.125,77.58,78.74,135178400
2020-05-19,78.757,79.63,78.253,78.285,101729600
2020-05-20,79.17,79.88,79.13,79.808,111504800
2020-05-21,79.665,80.223,78.967,79.213,102688800
2020-05-22,78.942,79.808,78.838,79.723,81803200
2020-05-26,80.875,81.06,79.125,79.183,125522000
2020-05-27,79.035,79.677,78.272,79.527,112945200
2020-05-28,79.192,80.86,78.908,79.562,133560800
2020-05-29,79.812,80.287,79.118,79.485,153532400
2020-06-01,79.438,80.588,79.302,80.463,80791200
2020-06-02,80.188,80.86,79.732,80.835,87642800
2020-06-03,81.165,81.55,80.575,81.28,104491200
2020-06-04,81.098,81.405,80.195,80.58,87560400
2020-06-05,80.838,82.938,80.808,82.875,137250400
2020-06-08,82.562,83.4,81.83,83.365,95654400
2020-06-09,83.035,86.402,83.003,85.997,147712400
2020-06-10,86.975,88.692,86.522,88.21,166651600
2020-06-11,87.327,87.765,83.87,83.975,201662400
2020-06-12,86.18,86.95,83.555,84.7,200146000
2020-06-15,83.312,86.42,83.145,85.747,138808800
2020-06-16,87.865,88.3,86.18,88.02,165428800
2020-06-17,88.787,88.85,87.772,87.897,114406400
2020-06-18,87.853,88.363,87.305,87.933,96820400
2020-06-19,88.66,89.14,86.287,87.43,264476000
2020-06-22,87.835,89.865,87.787,89.717,135445200
2020-06-23,91,93.095,90.567,91.632,212155600
2020-06-24,91.25,92.198,89.63,90.015,192623200
2020-06-25,90.175,91.25,89.393,91.21,137522400
2020-06-26,91.103,91.33,88.255,88.408,205256800
2020-06-29,88.312,90.543,87.82,90.445,130646000
2020-06-30,90.02,91.495,90,91.2,140223200
2020-07-01,91.28,91.84,90.978,91.027,110737200
2020-07-02,91.963,92.618,90.91,91.027,114041600
2020-07-06,92.5,93.945,92.467,93.463,118655600
2020-07-07,93.853,94.655,93.058,93.173,112424400
2020-07-08,94.18,95.375,94.09,95.342,117092000
2020-07-09,96.262,96.317,94.673,95.753,125642800
2020-07-10,95.335,95.98,94.705,95.92,90257200
2020-07-13,97.265,99.955,95.257,95.478,191649200
2020-07-14,94.84,97.255,93.878,97.058,170989200
2020-07-15,98.99,99.247,96.49,97.725,153198000
2020-07-16,96.562,97.405,95.905,96.522,110577600
2020-07-17,96.988,97.147,95.84,96.327,92186800
2020-07-20,96.418,98.5,96.062,98.357,90318000
2020-07-21,99.173,99.25,96.743,97,103433200
2020-07-22,96.692,97.975,96.603,97.272,89001600
2020-07-23,96.997,97.077,92.01,92.845,197004400
2020-07-24,90.988,92.97,89.145,92.615,185438800
2020-07-27,93.71,94.905,93.48,94.81,121214000
2020-07-28,94.368,94.55,93.247,93.253,103625600
2020-07-29,93.75,95.23,93.713,95.04,90329200
2020-07-30,94.188,96.298,93.768,96.19,158130000
2020-07-31,102.885,106.415,100.825,106.26,374336800
2020-08-03,108.2,111.637,107.893,108.938,308151200
2020-08-04,109.132,110.79,108.387,109.665,173071600
2020-08-05,109.378,110.393,108.897,110.062,121776800
2020-08-06,110.405,114.412,109.798,113.902,202428800
2020-08-07,113.205,113.675,110.293,111.113,198045600
2020-08-10,112.6,113.775,110,112.728,212403600
2020-08-11,111.97,112.482,109.107,109.375,187902400
2020-08-12,110.497,113.275,110.298,113.01,165598000
2020-08-13,114.43,116.043,113.927,115.01,210082000
2020-08-14,114.83,115,113.045,114.908,165565200
2020-08-17,116.062,116.088,113.963,114.607,119561600
2020-08-18,114.353,116,114.007,115.562,105633600
2020-08-19,115.982,117.162,115.61,115.707,145538000
2020-08-20,115.75,118.393,115.732,118.275,126907200
2020-08-21,119.262,124.868,119.25,124.37,338054800
2020-08-24,128.697,128.785,123.938,125.857,345937600
2020-08-25,124.698,125.18,123.052,124.825,211495600
2020-08-26,126.18,126.993,125.082,126.522,163022400
2020-08-27,127.143,127.485,123.832,125.01,155552400
2020-08-28,126.012,126.442,124.577,124.808,187630000
2020-08-31,127.58,131,126,129.04,225702700
2020-09-01,132.76,134.8,130.53,134.18,151948100
2020-09-02,137.59,137.98,127,131.4,200119000
2020-09-03,126.91,128.84,120.5,120.88,257599600
2020-09-04,120.07,123.7,110.89,120.96,332607200
2020-09-08,113.95,118.99,112.68,112.82,231366600
2020-09-09,117.26,119.14,115.26,117.32,176940500
2020-09-10,120.36,120.5,112.5,113.49,182274400
2020-09-11,114.57,115.23,110,112,180860300
2020-09-14,114.72,115.93,112.8,115.36,140150100
2020-09-15,118.33,118.83,113.61,115.54,184642000
2020-09-16,115.23,116,112.04,112.13,154679000
2020-09-17,109.72,112.2,108.71,110.34,178011000
2020-09-18,110.4,110.88,106.09,106.84,287104900
2020-09-21,104.54,110.19,103.1,110.08,195713800
2020-09-22,112.68,112.86,109.16,111.81,183055400
2020-09-23,111.62,112.11,106.77,107.12,150718700
2020-09-24,105.17,110.25,105,108.22,167743300
2020-09-25,108.43,112.44,107.67,112.28,149981400
2020-09-28,115.01,115.32,112.78,114.96,137672400
2020-09-29,114.55,115.31,113.57,114.09,99382200
2020-09-30,113.79,117.26,113.62,115.81,142675200
2020-10-01,117.64,117.72,115.83,116.79,116120400
2020-10-02,112.89,115.37,112.22,113.02,144712000
2020-10-05,113.91,116.65,113.55,116.5,106243800
2020-10-06,115.7,116.12,112.25,113.16,161498200
2020-10-07,114.62,115.55,114.13,115.08,96849000
2020-10-08,116.25,116.4,114.59,114.97,83477200
2020-10-09,115.28,117,114.92,116.97,100506900
2020-10-12,120.06,125.18,119.28,124.4,240226800
2020-10-13,125.27,125.39,119.65,121.1,262330500
2020-10-14,121,123.03,119.62,121.19,150712000
2020-10-15,118.72,121.2,118.15,120.71,112559200
2020-10-16,121.28,121.55,118.81,119.02,115393800
2020-10-19,119.96,120.42,115.66,115.98,120639300
2020-10-20,116.2,118.98,115.63,117.51,124423700
2020-10-21,116.67,118.71,116.45,116.87,89946000
2020-10-22,117.45,118.04,114.59,115.75,101988000
2020-10-23,116.39,116.55,114.28,115.04,82572600
2020-10-26,114.01,116.55,112.88,115.05,111850700
2020-10-27,115.49,117.28,114.54,116.6,92276800
2020-10-28,115.05,115.43,111.1,111.2,143937800
2020-10-29,112.37,116.93,112.2,115.32,146129200
2020-10-30,111.06,111.99,107.72,108.86,190272600
2020-11-02,109.11,110.68,107.32,108.77,122866900
2020-11-03,109.66,111.49,108.73,110.44,107624400
2020-11-04,114.14,115.59,112.35,114.95,138235500
2020-11-05,117.95,119.62,116.87,119.03,126387100
2020-11-06,118.32,119.2,116.13,118.69,114457900
2020-11-09,120.5,121.99,116.05,116.32,154515300
2020-11-10,115.55,117.59,114.13,115.97,138023400
2020-11-11,117.19,119.63,116.44,119.49,112295000
2020-11-12,119.62,120.53,118.57,119.21,103162300
2020-11-13,119.44,119.67,117.87,119.26,81581900
2020-11-16,118.92,120.99,118.15,120.3,91183000
2020-11-17,119.55,120.67,118.96,119.39,74271000
2020-11-18,118.61,119.82,118,118.03,76322100
2020-11-19,117.59,119.06,116.81,118.64,74113000
2020-11-20,118.64,118.77,117.29,117.34,73604300
2020-11-23,117.18,117.62,113.75,113.85,127959300
2020-11-24,113.91,115.85,112.59,115.17,113874200
2020-11-25,115.55,116.75,115.17,116.03,76499200
2020-11-27,116.57,117.49,116.22,116.59,46691300
2020-11-30,116.97,120.97,116.81,119.05,169410200
2020-12-01,121.01,123.47,120.01,122.72,127728200
2020-12-02,122.02,123.37,120.89,123.08,89004200
2020-12-03,123.52,123.78,122.21,122.94,78967600
2020-12-04,122.6,122.86,121.52,122.25,78260400
2020-12-07,122.31,124.57,122.25,123.75,86712000
2020-12-08,124.37,124.98,123.09,124.38,82225500
2020-12-09,124.53,125.95,121,121.78,115089200
2020-12-10,120.5,123.87,120.15,123.24,81312200
2020-12-11,122.43,122.76,120.55,122.41,86939800
2020-12-14,122.6,123.35,121.54,121.78,79184500
2020-12-15,124.34,127.9,124.13,127.88,157243700
2020-12-16,127.41,128.37,126.56,127.81,98208600
2020-12-17,128.9,129.58,128.04,128.7,94359800
2020-12-18,128.96,129.1,126.12,126.66,192541500
2020-12-21,125.02,128.31,123.45,128.23,121251600
2020-12-22,131.61,134.41,129.65,131.88,168904800
2020-12-23,132.16,132.43,130.78,130.96,88223700
2020-12-24,131.32,133.46,131.1,131.97,54930100
2020-12-28,133.99,137.34,133.51,136.69,124486200
2020-12-29,138.05,138.79,134.34,134.87,121047300
2020-12-30,135.58,135.99,133.4,133.72,96452100
2020-12-31,134.08,134.74,131.72,132.69,99116600
2021-01-04,133.52,133.61,126.76,129.41,143301900
2021-01-05,128.89,131.74,128.43,131.01,97664900
2021-01-06,127.72,131.05,126.38,126.6,155088000
2021-01-07,128.36,131.63,127.86,130.92,109578200
2021-01-08,132.43,132.63,130.23,132.05,105158200
2021-01-11,129.19,130.17,128.5,128.98,100384500
2021-01-12,128.5,129.69,126.86,128.8,91951100
2021-01-13,128.76,131.45,128.49,130.89,88636800
2021-01-14,130.8,131,128.76,128.91,90221800
2021-01-15,128.78,130.22,127,127.14,111598500
2021-01-19,127.78,128.71,126.94,127.83,90757300
2021-01-20,128.66,132.49,128.55,132.03,104319500
2021-01-21,133.8,139.67,133.59,136.87,120150900
2021-01-22,136.28,139.85,135.02,139.07,114459400
2021-01-25,143.07,145.09,136.54,142.92,157611700
2021-01-26,143.6,144.3,141.37,143.16,98390600
2021-01-27,143.43,144.3,140.41,142.06,140843800
2021-01-28,139.52,141.99,136.7,137.09,142621100
2021-01-29,135.83,136.74,130.21,131.96,177523800
2021-02-01,133.75,135.38,130.93,134.14,106239800
2021-02-02,135.73,136.31,134.61,134.99,83305400
2021-02-03,135.76,135.77,133.61,133.94,89880900
2021-02-04,136.3,137.4,134.59,137.39,84183100
2021-02-05,137.35,137.42,135.86,136.76,75693800
2021-02-08,136.03,136.96,134.92,136.91,71297200
2021-02-09,136.62,137.88,135.85,136.01,76774200
2021-02-10,136.48,136.99,134.4,135.39,73046600
2021-02-11,135.9,136.39,133.77,135.13,64280000
2021-02-12,134.35,135.53,133.69,135.37,60145100
2021-02-16,135.49,136.01,132.79,133.19,80576300
2021-02-17,131.25,132.22,129.47,130.84,97918500
2021-02-18,129.2,130,127.41,129.71,96856700
2021-02-19,130.24,130.71,128.8,129.87,87668800
2021-02-22,128.01,129.72,125.6,126,103916400
2021-02-23,123.76,126.71,118.39,125.86,158273000
2021-02-24,124.94,125.56,122.23,125.35,111039900
2021-02-25,124.68,126.46,120.54,120.99,148199500
2021-02-26,122.59,124.85,121.2,121.26,164560400
2021-03-01,123.75,127.93,122.79,127.79,116307900
2021-03-02,128.41,128.72,125.01,125.12,102260900
2021-03-03,124.81,125.71,121.84,122.06,112966300
2021-03-04,121.75,123.6,118.62,120.13,178155000
2021-03-05,120.98,121.94,117.57,121.42,153766600
2021-03-08,120.93,121,116.21,116.36,154376600
2021-03-09,119.03,122.06,118.79,121.09,129525800
2021-03-10,121.69,122.17,119.45,119.98,111943300
2021-03-11,122.54,123.21,121.26,121.96,103026500
2021-03-12,120.4,121.17,119.16,121.03,88105100
2021-03-15,121.41,124,120.42,123.99,92403800
2021-03-16,125.7,127.22,124.72,125.57,115227900
2021-03-17,124.05,125.86,122.34,124.76,111932600
2021-03-18,122.88,123.18,120.32,120.53,121229700
2021-03-19,119.9,121.43,119.68,119.99,185549500
2021-03-22,120.33,123.87,120.26,123.39,111912300
2021-03-23,123.33,124.24,122.14,122.54,95467100
2021-03-24,122.82,122.9,120.07,120.09,88530500
2021-03-25,119.54,121.66,119,120.59,98844700
2021-03-26,120.35,121.48,118.92,121.21,94071200
2021-03-29,121.65,122.58,120.73,121.39,80819200
2021-03-30,120.11,120.4,118.86,119.9,85671900
2021-03-31,121.65,123.52,121.15,122.15,118323800
2021-04-01,123.66,124.18,122.49,123,75089100
2021-04-05,123.87,126.16,123.07,125.9,88651200
2021-04-06,126.5,127.13,125.65,126.21,80171300
2021-04-07,125.83,127.92,125.14,127.9,83466700
2021-04-08,128.95,130.39,128.52,130.36,88844600
2021-04-09,129.8,133.04,129.47,133,106686700
2021-04-12,132.52,132.85,130.63,131.24,91420000
2021-04-13,132.44,134.66,131.93,134.43,91266500
2021-04-14,134.94,135,131.66,132.03,87222800
2021-04-15,133.82,135,133.64,134.5,89347100
2021-04-16,134.3,134.67,133.28,134.16,84922400
2021-04-19,133.51,135.47,133.34,134.84,94264200
2021-04-20,135.02,135.53,131.81,133.11,94812300
2021-04-21,132.36,133.75,131.3,133.5,68847100
2021-04-22,133.04,134.15,131.41,131.94,84566500
2021-04-23,132.16,135.12,132.16,134.32,78657500
2021-04-26,134.83,135.06,133.56,134.72,66905100
2021-04-27,135.01,135.41,134.11,134.39,66015800
2021-04-28,134.31,135.02,133.08,133.58,107760100
2021-04-29,136.47,137.07,132.45,133.48,151101000
2021-04-30,131.78,133.56,131.07,131.46,109839500
2021-05-03,132.04,134.07,131.83,132.54,75135100
2021-05-04,131.19,131.49,126.7,127.85,137564700
2021-05-05,129.2,130.45,127.97,128.1,84000900
2021-05-06,127.89,129.75,127.13,129.74,78128300
2021-05-07,130.85,131.26,129.48,130.21,78973300
2021-05-10,129.41,129.54,126.81,126.85,88071200
2021-05-11,123.5,126.27,122.77,125.91,126142800
2021-05-12,123.4,124.64,122.25,122.77,112172300
2021-05-13,124.58,126.15,124.26,124.97,105861300
2021-05-14,126.25,127.89,125.85,127.45,81918000
2021-05-17,126.82,126.93,125.17,126.27,74244600
2021-05-18,126.56,126.99,124.78,124.85,63342900
2021-05-19,123.16,124.92,122.86,124.69,92612000
2021-05-20,125.23,127.72,125.1,127.31,76857100
2021-05-21,127.82,128,125.21,125.43,79295400
2021-05-24,126.01,127.94,125.94,127.1,63092900
2021-05-25,127.82,128.32,126.32,126.9,72009500
2021-05-26,126.96,127.39,126.42,126.85,56575900
2021-05-27,126.44,127.64,125.08,125.28,94625600
2021-05-28,125.57,125.8,124.55,124.61,71311100
2021-06-01,125.08,125.35,123.94,124.28,67637100
2021-06-02,124.28,125.24,124.05,125.06,59278900
2021-06-03,124.68,124.85,123.13,123.54,76229200
2021-06-04,124.07,126.16,123.85,125.89,75169300
2021-06-07,126.17,126.32,124.83,125.9,71057600
2021-06-08,126.6,128.46,126.21,126.74,74403800
2021-06-09,127.21,127.75,126.52,127.13,56877900
2021-06-10,127.02,128.19,125.94,126.11,71186400
2021-06-11,126.53,127.44,126.1,127.35,53522400
2021-06-14,127.82,130.54,127.07,130.48,96906500
2021-06-15,129.94,130.6,129.39,129.64,62746300
2021-06-16,130.37,130.89,128.46,130.15,91815000
2021-06-17,129.8,132.55,129.65,131.79,96721700
2021-06-18,130.71,131.51,130.24,130.46,108953300
2021-06-21,130.3,132.41,129.21,132.3,79663300
2021-06-22,132.13,134.08,131.62,133.98,74783600
2021-06-23,133.77,134.32,133.23,133.7,60214200
2021-06-24,134.45,134.64,132.93,133.41,68711000
2021-06-25,133.46,133.89,132.81,133.11,70783700
2021-06-28,133.41,135.25,133.35,134.78,62111300
2021-06-29,134.8,136.49,134.35,136.33,64556100
2021-06-30,136.17,137.41,135.87,136.96,63261400
2021-07-01,136.6,137.33,135.76,137.27,52485800
2021-07-02,137.9,140,137.75,139.96,78852600
2021-07-06,140.07,143.15,140.07,142.02,108181800
2021-07-07,143.54,144.89,142.66,144.57,104911600
2021-07-08,141.58,144.06,140.67,143.24,105575500
2021-07-09,142.75,145.65,142.65,145.11,99890800
2021-07-12,146.21,146.32,144,144.5,76299700
2021-07-13,144.03,147.46,143.63,145.64,100827100
2021-07-14,148.1,149.57,147.68,149.15,127050800
2021-07-15,149.24,150,147.09,148.48,106820300
2021-07-16,148.46,149.76,145.88,146.39,93251400
2021-07-19,143.75,144.07,141.67,142.45,121434600
2021-07-20,143.46,147.1,142.96,146.15,96350000
2021-07-21,145.53,146.13,144.63,145.4,74993500
2021-07-22,145.94,148.2,145.81,146.8,77338200
2021-07-23,147.55,148.72,146.92,148.56,71447400
2021-07-26,148.27,149.83,147.7,148.99,72434100
2021-07-27,149.12,149.21,145.55,146.77,104818600
2021-07-28,144.81,146.97,142.54,144.98,118931200
2021-07-29,144.69,146.55,144.58,145.64,56699500
2021-07-30,144.38,146.33,144.11,145.86,70440600
2021-08-02,146.36,146.95,145.25,145.52,62880000
2021-08-03,145.81,148.04,145.18,147.36,64786600
2021-08-04,147.27,147.79,146.28,146.95,56368300
2021-08-05,146.98,147.84,146.17,147.06,46397700
2021-08-06,146.35,147.11,145.63,146.14,54126800
2021-08-09,146.2,146.7,145.52,146.09,48908700
2021-08-10,146.44,147.71,145.3,145.6,69023100
2021-08-11,146.05,146.72,145.53,145.86,48493500
2021-08-12,146.19,149.05,145.84,148.89,72282600
2021-08-13,148.97,149.44,148.27,149.1,59375000
2021-08-16,148.54,151.19,146.47,151.12,103296000
2021-08-17,150.23,151.68,149.09,150.19,92229700
2021-08-18,149.8,150.72,146.15,146.36,86326000
2021-08-19,145.03,148,144.5,146.7,86960300
2021-08-20,147.44,148.5,146.78,148.19,60549600
2021-08-23,148.31,150.19,147.89,149.71,60131800
2021-08-24,149.45,150.86,149.15,149.62,48606400
2021-08-25,149.81,150.32,147.8,148.36,58991300
2021-08-26,148.35,149.12,147.51,147.54,48597200
2021-08-27,147.48,148.75,146.83,148.6,55802400
2021-08-30,149,153.49,148.61,153.12,90956700
2021-08-31,152.66,152.8,151.29,151.83,86453100
2021-09-01,152.83,154.98,152.34,152.51,80313700
2021-09-02,153.87,154.72,152.4,153.65,71115500
2021-09-03,153.76,154.63,153.09,154.3,57808700
2021-09-07,154.97,157.26,154.39,156.69,82278300
2021-09-08,156.98,157.04,153.98,155.11,74420200
2021-09-09,155.49,156.11,153.95,154.07,57305700
2021-09-10,155,155.48,148.7,148.97,140893200
2021-09-13,150.63,151.42,148.75,149.55,102404300
2021-09-14,150.35,151.07,146.91,148.12,109296300
2021-09-15,148.56,149.44,146.37,149.03,83281300
2021-09-16,148.44,148.97,147.22,148.79,68034100
2021-09-17,148.82,148.82,145.76,146.06,129868800
2021-09-20,143.8,144.84,141.27,142.94,123478900
2021-09-21,143.93,144.6,142.78,143.43,75834000
2021-09-22,144.45,146.43,143.7,145.85,76404300
2021-09-23,146.65,147.08,145.64,146.83,64838200
2021-09-24,145.66,147.47,145.56,146.92,53477900
2021-09-27,145.47,145.96,143.82,145.37,74150700
2021-09-28,143.25,144.75,141.69,141.91,108972300
2021-09-29,142.47,144.45,142.03,142.83,74602000
2021-09-30,143.66,144.38,141.28,141.5,89056700
2021-10-01,141.9,142.92,139.11,142.65,94639600
2021-10-04,141.76,142.21,138.27,139.14,98322000
2021-10-05,139.49,142.24,139.36,141.11,80861100
2021-10-06,139.47,142.15,138.37,142,83221100
2021-10-07,143.06,144.22,142.72,143.29,61732700
2021-10-08,144.03,144.18,142.56,142.9,58773200
2021-10-11,142.27,144.81,141.81,142.81,64452200
2021-10-12,143.23,143.25,141.04,141.51,73035900
2021-10-13,141.24,141.4,139.2,140.91,78762700
2021-10-14,142.11,143.88,141.51,143.76,69907100
2021-10-15,143.77,144.9,143.51,144.84,67940300
2021-10-18,143.45,146.84,143.16,146.55,85589200
2021-10-19,147.01,149.17,146.55,148.76,76378900
2021-10-20,148.7,149.75,148.12,149.26,58418800
2021-10-21,148.81,149.64,147.87,149.48,61421000
2021-10-22,149.69,150.18,148.64,148.69,58883400
2021-10-25,148.68,149.37,147.62,148.64,50720600
2021-10-26,149.33,150.84,149.01,149.32,60893400
2021-10-27,149.36,149.73,148.49,148.85,56094900
2021-10-28,149.82,153.17,149.72,152.57,100077900
2021-10-29,147.22,149.94,146.41,149.8,124953200
2021-11-01,148.99,149.7,147.8,148.96,74588300
2021-11-02,148.66,151.57,148.65,150.02,69122000
2021-11-03,150.39,151.97,149.82,151.49,54511500
2021-11-04,151.58,152.43,150.64,150.96,60394600
2021-11-05,151.89,152.2,150.06,151.28,65463900
2021-11-08,151.41,151.57,150.16,150.44,55020900
2021-11-09,150.2,151.43,150.06,150.81,56787900
2021-11-10,150.02,150.13,147.85,147.92,65187100
2021-11-11,148.96,149.43,147.68,147.87,41000000
2021-11-12,148.43,150.4,147.48,149.99,63804000
2021-11-15,150.37,151.88,149.43,150,59222800
2021-11-16,149.94,151.49,149.34,151,59256200
2021-11-17,151,155,150.99,153.49,88807000
2021-11-18,153.71,158.67,153.05,157.87,137827700
2021-11-19,157.65,161.02,156.53,160.55,117305600
2021-11-22,161.68,165.7,161,161.02,117467900
2021-11-23,161.12,161.8,159.06,161.41,96041900
2021-11-24,160.75,162.14,159.64,161.94,69463600
2021-11-26,159.57,160.45,156.36,156.81,76959800
2021-11-29,159.37,161.19,158.79,160.24,88748200
2021-11-30,159.99,165.52,159.92,165.3,174048100
2021-12-01,167.48,170.3,164.53,164.77,152052500
2021-12-02,158.74,164.2,157.8,163.76,136739200
2021-12-03,164.02,164.96,159.72,161.84,118023100
2021-12-06,164.29,167.88,164.28,165.32,107497000
2021-12-07,169.08,171.58,168.34,171.18,120405400
2021-12-08,172.13,175.96,170.7,175.08,116998900
2021-12-09,174.91,176.75,173.92,174.56,108923700
2021-12-10,175.21,179.63,174.69,179.45,115402700
2021-12-13,181.12,182.13,175.53,175.74,153237000
2021-12-14,175.25,177.74,172.21,174.33,139380400
2021-12-15,175.11,179.5,172.31,179.3,131063300
2021-12-16,179.28,181.14,170.75,172.26,150185800
2021-12-17,169.93,173.47,169.69,171.14,195432700
2021-12-20,168.28,170.58,167.46,169.75,107499100
2021-12-21,171.56,173.2,169.12,172.99,91185900
2021-12-22,173.04,175.86,172.15,175.64,92135300
2021-12-23,175.85,176.85,175.27,176.28,68356600
2021-12-27,177.09,180.42,177.07,180.33,74919600
2021-12-28,180.16,181.33,178.53,179.29,79144300
2021-12-29,179.33,180.63,178.14,179.38,62348900
2021-12-30,179.47,180.57,178.09,178.2,59773000
2021-12-31,178.09,179.23,177.26,177.57,64062300
2022-01-03,177.83,182.88,177.71,182.01,104487900
2022-01-04,182.63,182.94,179.12,179.7,99310400
2022-01-05,179.61,180.17,174.64,174.92,94537600
2022-01-06,172.7,175.3,171.64,172,96904000
2022-01-07,172.89,174.14,171.03,172.17,86709100
2022-01-10,169.08,172.5,168.17,172.19,106765600
2022-01-11,172.32,175.18,170.82,175.08,76138300
2022-01-12,176.12,177.18,174.82,175.53,74805200
2022-01-13,175.78,176.62,171.79,172.19,84505800
2022-01-14,171.34,173.78,171.09,173.07,80440800
2022-01-18,171.51,172.54,169.41,169.8,90956700
2022-01-19,170,171.08,165.94,166.23,94815000
2022-01-20,166.98,169.68,164.18,164.51,91420500
2022-01-21,164.42,166.33,162.3,162.41,122848900
2022-01-24,160.02,162.3,154.7,161.62,162294600
2022-01-25,158.98,162.76,157.02,159.78,115798400
2022-01-26,163.5,164.39,157.82,159.69,108275300
2022-01-27,162.45,163.84,158.28,159.22,121954600
2022-01-28,165.71,170.35,162.8,170.33,179935700
2022-01-31,170.16,175,169.51,174.78,115541600
2022-02-01,174.01,174.84,172.31,174.61,86213900
2022-02-02,174.75,175.88,173.33,175.84,84914300
2022-02-03,174.48,176.24,172.12,172.9,89418100
2022-02-04,171.68,174.1,170.68,172.39,82465400
2022-02-07,172.86,173.95,170.95,171.66,77251200
2022-02-08,171.73,175.35,171.43,174.83,74829200
2022-02-09,176.05,176.65,174.9,176.28,71285000
2022-02-10,174.14,175.48,171.55,172.12,90865900
2022-02-11,172.33,173.08,168.04,168.64,98670700
2022-02-14,167.37,169.58,166.56,168.88,86185500
2022-02-15,170.97,172.95,170.25,172.79,62527400
2022-02-16,171.85,173.34,170.05,172.55,61177400
2022-02-17,171.03,171.91,168.47,168.88,69589300
2022-02-18,169.82,170.54,166.19,167.3,82772700
2022-02-22,164.98,166.69,162.15,164.32,91162800
2022-02-23,165.54,166.15,159.75,160.07,90009200
2022-02-24,152.58,162.85,152,162.74,141147500
2022-02-25,163.84,165.12,160.87,164.85,91974200
2022-02-28,163.06,165.42,162.43,165.12,95056600
2022-03-01,164.7,166.6,161.97,163.2,83474400
2022-03-02,164.39,167.36,162.95,166.56,79724800
2022-03-03,168.47,168.91,165.55,166.23,76678400
2022-03-04,164.49,165.55,162.1,163.17,83737200
2022-03-07,163.36,165.02,159.04,159.3,96418800
2022-03-08,158.82,162.88,155.8,157.44,131148300
2022-03-09,161.48,163.41,159.41,162.95,91454900
2022-03-10,160.2,160.39,155.98,158.52,105342000
2022-03-11,158.93,159.28,154.5,154.73,96970100
2022-03-14,151.45,154.12,150.1,150.62,108732100
2022-03-15,150.9,155.57,150.38,155.09,92964300
2022-03-16,157.05,160,154.46,159.59,102300200
2022-03-17,158.61,161,157.63,160.62,75615400
2022-03-18,160.51,164.48,159.76,163.98,123511700
2022-03-21,163.51,166.35,163.01,165.38,95811400
2022-03-22,165.51,169.42,164.91,168.82,81532000
2022-03-23,167.99,172.64,167.65,170.21,98062700
2022-03-24,171.06,174.14,170.21,174.07,90131400
2022-03-25,173.88,175.28,172.75,174.72,80546200
2022-03-28,172.17,175.73,172,175.6,90371900
2022-03-29,176.69,179.01,176.34,178.96,100589400
2022-03-30,178.55,179.61,176.7,177.77,92633200
2022-03-31,177.84,178.03,174.4,174.61,103049300
2022-04-01,174.03,174.88,171.94,174.31,78751300
2022-04-04,174.57,178.49,174.44,178.44,76468400
2022-04-05,177.5,178.3,174.42,175.06,73401800
2022-04-06,172.36,173.63,170.13,171.83,89058800
2022-04-07,171.16,173.36,169.85,172.14,77594700
2022-04-08,171.78,171.78,169.2,170.09,76575500
2022-04-11,168.71,169.03,165.5,165.75,72246700
2022-04-12,168.02,169.87,166.64,167.66,79265200
2022-04-13,167.39,171.04,166.77,170.4,70618900
2022-04-14,170.62,171.27,165.04,165.29,75329400
2022-04-18,163.92,166.6,163.57,165.07,69023900
2022-04-19,165.02,167.82,163.91,167.4,67723800
2022-04-20,168.76,168.88,166.1,167.23,67929800
2022-04-21,168.91,171.53,165.91,166.42,87227800
2022-04-22,166.46,167.87,161.5,161.79,84882400
2022-04-25,161.12,163.17,158.46,162.88,96046400
2022-04-26,162.25,162.34,156.72,156.8,95623200
2022-04-27,155.91,159.79,155.38,156.57,88063200
2022-04-28,159.25,164.52,158.93,163.64,130216800
2022-04-29,161.84,166.2,157.25,157.65,131747600
2022-05-02,156.71,158.23,153.27,157.96,123055300
2022-05-03,158.15,160.71,156.32,159.48,88966500
2022-05-04,159.67,166.48,159.26,166.02,108256500
2022-05-05,163.85,164.08,154.95,156.77,130525300
2022-05-06,156.01,159.44,154.18,157.28,116124600
2022-05-09,154.93,155.83,151.49,152.06,131577900
2022-05-10,155.52,156.74,152.93,154.51,115366700
2022-05-11,153.5,155.45,145.81,146.5,142689800
2022-05-12,142.77,146.2,138.8,142.56,182602000
2022-05-13,144.59,148.1,143.11,147.11,113990900
2022-05-16,145.55,147.52,144.18,145.54,86643800
2022-05-17,148.86,149.77,146.68,149.24,78336300
2022-05-18,146.85,147.36,139.9,140.82,109742900
2022-05-19,139.88,141.66,136.6,137.35,136095600
2022-05-20,139.09,140.7,132.61,137.59,137426100
2022-05-23,137.79,143.26,137.65,143.11,117726300
2022-05-24,140.81,141.97,137.33,140.36,104132700
2022-05-25,138.43,141.79,138.34,140.52,92482700
2022-05-26,137.39,144.34,137.14,143.78,90601500
2022-05-27,145.39,149.68,145.26,149.64,90978500
2022-05-31,149.07,150.66,146.84,148.84,103718400
2022-06-01,149.9,151.74,147.68,148.71,74286600
2022-06-02,147.83,151.27,146.86,151.21,72348100
2022-06-03,146.9,147.97,144.46,145.38,88570300
2022-06-06,147.03,148.57,144.9,146.14,71598400
2022-06-07,144.35,149,144.1,148.71,67808200
2022-06-08,148.58,149.87,147.46,147.96,53950200
2022-06-09,147.08,147.95,142.53,142.64,69473000
2022-06-10,140.28,140.76,137.06,137.13,91437900
2022-06-13,132.87,135.2,131.44,131.88,122207100
2022-06-14,133.13,133.89,131.48,132.76,84784300
2022-06-15,134.29,137.34,132.16,135.43,91533000
2022-06-16,132.08,132.39,129.04,130.06,108123900
2022-06-17,130.07,133.08,129.81,131.56,134520300
2022-06-21,133.42,137.06,133.32,135.87,81000500
2022-06-22,134.79,137.76,133.91,135.35,73409200
2022-06-23,136.82,138.59,135.63,138.27,72433800
2022-06-24,139.9,141.91,139.77,141.66,89116800
2022-06-27,142.7,143.49,140.97,141.66,70207900
2022-06-28,142.13,143.42,137.32,137.44,67083400
2022-06-29,137.46,140.67,136.67,139.23,66242400
2022-06-30,137.25,138.37,133.77,136.72,98964500
2022-07-01,136.04,139.04,135.66,138.93,71051600
2022-07-05,137.77,141.61,136.93,141.56,73353800
2022-07-06,141.35,144.12,141.08,142.92,74064300
2022-07-07,143.29,146.55,143.28,146.35,66253700
2022-07-08,145.26,147.55,145,147.04,64547800
2022-07-11,145.67,146.64,143.78,144.87,63141600
2022-07-12,145.76,148.45,145.05,145.86,77588800
2022-07-13,142.99,146.45,142.12,145.49,71185600
2022-07-14,144.08,148.95,143.25,148.47,78140700
2022-07-15,149.78,150.86,148.2,150.17,76259900
2022-07-18,150.74,151.57,146.7,147.07,81420900
2022-07-19,147.92,151.23,146.91,151,82982400
2022-07-20,151.12,153.72,150.37,153.04,64823400
2022-07-21,154.5,155.57,151.94,155.35,65086600
2022-07-22,155.39,156.28,153.41,154.09,66675400
2022-07-25,154.01,155.04,152.28,152.95,53623900
2022-07-26,152.26,153.09,150.8,151.6,55138700
2022-07-27,152.58,157.33,152.16,156.79,78620700
2022-07-28,156.98,157.64,154.41,157.35,81378700
2022-07-29,161.24,163.63,159.5,162.51,101786900
2022-08-01,161.01,163.59,160.89,161.51,67829400
2022-08-02,160.1,162.41,159.63,160.01,59907000
2022-08-03,160.84,166.59,160.75,166.13,82507500
2022-08-04,166.01,167.19,164.43,165.81,55474100
2022-08-05,163.21,165.85,163,165.35,56697000
2022-08-08,166.37,167.81,164.2,164.87,60276900
2022-08-09,164.02,165.82,163.25,164.92,63135500
2022-08-10,167.68,169.34,166.9,169.24,70170500
2022-08-11,170.06,170.99,168.19,168.49,57149200
2022-08-12,169.82,172.17,169.4,172.1,68039400
2022-08-15,171.52,173.39,171.35,173.19,54091700
2022-08-16,172.78,173.71,171.66,173.03,56377100
2022-08-17,172.77,176.15,172.57,174.55,79542000
2022-08-18,173.75,174.9,173.12,174.15,62290100
2022-08-19,173.03,173.74,171.31,171.52,70346300
2022-08-22,169.69,169.86,167.14,167.57,69026800
2022-08-23,167.08,168.71,166.65,167.23,54147100
2022-08-24,167.32,168.11,166.25,167.53,53841500
2022-08-25,168.78,170.14,168.35,170.03,51218200
2022-08-26,170.57,171.05,163.56,163.62,78961000
2022-08-29,161.15,162.9,159.82,161.38,73314000
2022-08-30,162.13,162.56,157.72,158.91,77906200
2022-08-31,160.31,160.58,157.14,157.22,87991100
2022-09-01,156.64,158.42,154.67,157.96,74229900
2022-09-02,159.75,160.36,154.97,155.81,76957800
2022-09-06,156.47,157.09,153.69,154.53,73714800
2022-09-07,154.82,156.67,153.61,155.96,87449600
2022-09-08,154.64,156.36,152.68,154.46,84923800
2022-09-09,155.47,157.82,154.75,157.37,68028800
2022-09-12,159.59,164.26,159.3,163.43,104956000
2022-09-13,159.9,160.54,153.37,153.84,122656600
2022-09-14,154.79,157.1,153.61,155.31,87965400
2022-09-15,154.65,155.24,151.38,152.37,90481100
2022-09-16,151.21,151.35,148.37,150.7,162278800
2022-09-19,149.31,154.56,149.1,154.48,81474200
2022-09-20,153.4,158.08,153.08,156.9,107689800
2022-09-21,157.34,158.74,153.6,153.72,101696800
2022-09-22,152.38,154.47,150.91,152.74,86652500
2022-09-23,151.19,151.47,148.56,150.43,96029900
2022-09-26,149.66,153.77,149.64,150.77,93339400
2022-09-27,152.74,154.72,149.95,151.76,84442700
2022-09-28,147.64,150.64,144.84,149.84,146691400
2022-09-29,146.1,146.72,140.68,142.48,128138200
2022-09-30,141.28,143.1,138,138.2,124925300
2022-10-03,138.21,143.07,137.69,142.45,114311700
2022-10-04,145.03,146.22,144.26,146.1,87830100
2022-10-05,144.07,147.38,143.01,146.4,79471000
2022-10-06,145.81,147.54,145.22,145.43,68402200
2022-10-07,142.54,143.1,139.45,140.09,85925600
2022-10-10,140.42,141.89,138.57,140.42,74899000
2022-10-11,139.9,141.35,138.22,138.98,77033700
2022-10-12,139.13,140.36,138.16,138.34,70433700
2022-10-13,134.99,143.59,134.37,142.99,113224000
2022-10-14,144.31,144.52,138.19,138.38,88598000
2022-10-17,141.07,142.9,140.27,142.41,85250900
2022-10-18,145.49,146.7,140.61,143.75,99136600
2022-10-19,141.69,144.95,141.5,143.86,61758300
2022-10-20,143.02,145.89,142.65,143.39,64522000
2022-10-21,142.87,147.85,142.65,147.27,86548600
2022-10-24,147.19,150.23,146,149.45,75981900
2022-10-25,150.09,152.49,149.36,152.34,74732300
2022-10-26,150.96,151.99,148.04,149.35,88194300
2022-10-27,148.07,149.05,144.13,144.8,109180200
2022-10-28,148.2,157.5,147.82,155.74,164762400
2022-10-31,153.16,154.24,151.92,153.34,97943200
2022-11-01,155.08,155.45,149.13,150.65,80379300
2022-11-02,148.95,152.17,145,145.03,93604600
2022-11-03,142.06,142.8,138.75,138.88,97918500
2022-11-04,142.09,142.67,134.38,138.38,140814800
2022-11-07,137.11,139.15,135.67,138.92,83374600
2022-11-08,140.41,141.43,137.49,139.5,89908500
2022-11-09,138.5,138.55,134.59,134.87,74917800
2022-11-10,141.24,146.87,139.5,146.87,118854000
2022-11-11,145.82,150.01,144.37,149.7,93979700
2022-11-14,148.97,150.28,147.43,148.28,73374100
2022-11-15,152.22,153.59,148.56,150.04,89868300
2022-11-16,149.13,149.87,147.29,148.79,64218300
2022-11-17,146.43,151.48,146.15,150.72,80389400
2022-11-18,152.31,152.7,149.97,151.29,74829600
2022-11-21,150.16,150.37,147.72,148.01,58724100
2022-11-22,148.13,150.42,146.93,150.18,51804100
2022-11-23,149.45,151.83,149.34,151.07,58301400
2022-11-25,148.31,148.88,147.12,148.11,35195900
2022-11-28,145.14,146.64,143.38,144.22,69246000
2022-11-29,144.29,144.81,140.35,141.17,83763800
2022-11-30,141.4,148.72,140.55,148.03,111380900
2022-12-01,148.21,149.13,146.61,148.31,71250400
2022-12-02,145.96,148,145.65,147.81,65447400
2022-12-05,147.77,150.92,145.77,146.63,68826400
2022-12-06,147.07,147.3,141.92,142.91,64727200
2022-12-07,142.19,143.37,140,140.94,69721100
2022-12-08,142.36,143.52,141.1,142.65,62128300
2022-12-09,142.34,145.57,140.9,142.16,76097000
2022-12-12,142.7,144.5,141.06,144.49,70462700
2022-12-13,149.5,149.97,144.24,145.47,93886200
2022-12-14,145.35,146.66,141.16,143.21,82291200
2022-12-15,141.11,141.8,136.03,136.5,98931900
2022-12-16,136.69,137.65,133.73,134.51,160156900
2022-12-19,135.11,135.2,131.32,132.37,79592600
2022-12-20,131.39,133.25,129.89,132.3,77432800
2022-12-21,132.98,136.81,132.75,135.45,85928000
2022-12-22,134.35,134.56,130.3,132.23,77852100
2022-12-23,130.92,132.42,129.64,131.86,63814900
2022-12-27,131.38,131.41,128.72,130.03,69007800
2022-12-28,129.67,131.03,125.87,126.04,85438400
2022-12-29,127.99,130.48,127.73,129.61,75703700
2022-12-30,128.41,129.95,127.43,129.93,77034200
2023-01-03,130.28,130.9,124.17,125.07,112117500
2023-01-04,126.89,128.66,125.08,126.36,89113600
2023-01-05,127.13,127.77,124.76,125.02,80962700
2023-01-06,126.01,130.29,124.89,129.62,87754700
2023-01-09,130.47,133.41,129.89,130.15,70790800
2023-01-10,130.26,131.26,128.12,130.73,63896200
2023-01-11,131.25,133.51,130.46,133.49,69458900
2023-01-12,133.88,134.26,131.44,133.41,71379600
2023-01-13,132.03,134.92,131.66,134.76,57809700
2023-01-17,134.83,137.29,134.13,135.94,63646600
2023-01-18,136.82,138.61,135.03,135.21,69672800
2023-01-19,134.08,136.25,133.77,135.27,58280400
2023-01-20,135.28,138.02,134.22,137.87,80223600
2023-01-23,138.12,143.32,137.9,141.11,81760300
2023-01-24,140.31,143.16,140.3,142.53,66435100
2023-01-25,140.89,142.43,138.81,141.86,65799300
2023-01-26,143.17,144.25,141.9,143.96,54105100
2023-01-27,143.16,147.23,143.08,145.93,70555800
2023-01-30,144.96,145.55,142.85,143,64015300
2023-01-31,142.7,144.34,142.28,144.29,65874500
2023-02-01,143.97,146.61,141.32,145.43,77663600
2023-02-02,148.9,151.18,148.17,150.82,118339000
2023-02-03,148.03,157.38,147.83,154.5,154357300
2023-02-06,152.57,153.1,150.78,151.73,69858300
2023-02-07,150.64,155.23,150.64,154.65,83322600
2023-02-08,153.88,154.58,151.17,151.92,64120100
2023-02-09,153.78,154.33,150.42,150.87,56007100
2023-02-10,149.46,151.34,149.22,151.01,57450700
2023-02-13,150.95,154.26,150.92,153.85,62199000
2023-02-14,152.12,153.77,150.86,153.2,61707600
2023-02-15,153.11,155.5,152.88,155.33,65573800
2023-02-16,153.51,156.33,153.35,153.71,68167900
2023-02-17,152.35,153,150.85,152.55,59144100
2023-02-21,150.2,151.3,148.41,148.48,58867200
2023-02-22,148.87,149.95,147.16,148.91,51011300
2023-02-23,150.09,150.34,147.24,149.4,48394200
2023-02-24,147.11,147.19,145.72,146.71,55469600
2023-02-27,147.71,149.17,147.45,147.92,44998500
2023-02-28,147.05,149.08,146.83,147.41,50547000
2023-03-01,146.83,147.23,145.01,145.31,55479000
2023-03-02,144.38,146.71,143.9,145.91,52238100
2023-03-03,148.04,151.11,147.33,151.03,70732300
2023-03-06,153.79,156.3,153.46,153.83,87558000
2023-03-07,153.7,154.03,151.13,151.6,56182000
2023-03-08,152.81,153.47,151.83,152.87,47204800
2023-03-09,153.56,154.54,150.23,150.59,53833600
2023-03-10,150.21,150.94,147.61,148.5,68572400
2023-03-13,147.81,153.14,147.7,150.47,84457100
2023-03-14,151.28,153.4,150.1,152.59,73695900
2023-03-15,151.19,153.25,149.92,152.99,77167900
2023-03-16,152.16,156.46,151.64,155.85,76161100
2023-03-17,156.08,156.74,154.28,155,98944600
2023-03-20,155.07,157.82,154.15,157.4,73641400
2023-03-21,157.32,159.4,156.54,159.28,73938300
2023-03-22,159.3,162.14,157.81,157.83,75701800
2023-03-23,158.83,161.55,157.68,158.93,67622100
2023-03-24,158.86,160.34,157.85,160.25,59196500
2023-03-27,159.94,160.77,157.87,158.28,52390300
2023-03-28,157.97,158.49,155.98,157.65,45992200
2023-03-29,159.37,161.05,159.35,160.77,51305700
2023-03-30,161.53,162.47,161.27,162.36,49501700
2023-03-31,162.44,165,161.91,164.9,68749800
2023-04-03,164.27,166.29,164.22,166.17,56976200
2023-04-04,166.6,166.84,165.11,165.63,46278300
2023-04-05,164.74,165.05,161.8,163.76,51511700
2023-04-06,162.43,164.96,162,164.66,45390100
2023-04-10,161.42,162.03,160.08,162.03,47716900
2023-04-11,162.35,162.36,160.51,160.8,47644200
2023-04-12,161.22,162.06,159.78,160.1,50133100
2023-04-13,161.63,165.8,161.42,165.56,68445600
2023-04-14,164.59,166.32,163.82,165.21,49386500
2023-04-17,165.09,165.39,164.03,165.23,41516200
2023-04-18,166.1,167.41,165.65,166.47,49923000
2023-04-19,165.8,168.16,165.54,167.63,47720200
2023-04-20,166.09,167.87,165.56,166.65,52456400
2023-04-21,165.05,166.45,164.49,165.02,58337300
2023-04-24,165,165.6,163.89,165.33,41949600
2023-04-25,165.19,166.31,163.73,163.77,48714100
2023-04-26,163.06,165.28,162.8,163.76,45498800
2023-04-27,165.19,168.56,165.19,168.41,64902300
2023-04-28,168.49,169.85,167.88,169.68,55275900
2023-05-01,169.28,170.45,168.64,169.59,52472900
2023-05-02,170.09,170.35,167.54,168.54,48425700
2023-05-03,169.5,170.92,167.16,167.45,65136000
2023-05-04,164.89,167.04,164.31,165.79,81235400
2023-05-05,170.98,174.3,170.76,173.57,113453200
2023-05-08,172.48,173.85,172.11,173.5,55962800
2023-05-09,173.05,173.54,171.6,171.77,45326900
2023-05-10,173.02,174.03,171.9,173.56,53724500
2023-05-11,173.85,174.59,172.17,173.75,49514700
2023-05-12,173.62,174.06,171,172.57,45533100
2023-05-15,173.16,173.21,171.47,172.07,37266700
2023-05-16,171.99,173.14,171.8,172.07,42110300
2023-05-17,171.71,172.93,170.42,172.69,57951600
2023-05-18,173,175.24,172.58,175.05,65496700
2023-05-19,176.39,176.39,174.94,175.16,55809500
2023-05-22,173.98,174.71,173.45,174.2,43570900
2023-05-23,173.13,173.38,171.28,171.56,50747300
2023-05-24,171.09,172.42,170.52,171.84,45143500
2023-05-25,172.41,173.9,171.69,172.99,56058300
2023-05-26,173.32,175.77,173.11,175.43,54835000
2023-05-30,176.96,178.99,176.57,177.3,55964400
2023-05-31,177.33,179.35,176.76,177.25,99625300
2023-06-01,177.7,180.12,176.93,180.09,68901800
2023-06-02,181.03,181.78,179.26,180.95,61996900
2023-06-05,182.63,184.95,178.04,179.58,121946500
2023-06-06,179.97,180.12,177.43,179.21,64848400
2023-06-07,178.44,181.21,177.32,177.82,61944600
2023-06-08,177.9,180.84,177.46,180.57,50214900
2023-06-09,181.5,182.23,180.63,180.96,48900000
2023-06-12,181.27,183.89,180.97,183.79,54274900
2023-06-13,182.8,184.15,182.44,183.31,54929100
2023-06-14,183.37,184.39,182.02,183.95,57462900
2023-06-15,183.96,186.52,183.78,186.01,65433200
2023-06-16,186.73,186.99,184.27,184.92,101256200
2023-06-20,184.41,186.1,184.41,185.01,49799100
2023-06-21,184.9,185.41,182.59,183.96,49515700
2023-06-22,183.74,187.05,183.67,187,51245300
2023-06-23,185.55,187.56,185.01,186.68,53117000
2023-06-26,186.83,188.05,185.23,185.27,48088700
2023-06-27,185.89,188.39,185.67,188.06,50730800
2023-06-28,187.93,189.9,187.6,189.25,51216800
2023-06-29,189.08,190.07,188.94,189.59,46347300
2023-06-30,191.63,194.48,191.26,193.97,85213200
2023-07-03,193.78,193.88,191.76,192.46,31458200
2023-07-05,191.57,192.98,190.62,191.33,46920300
2023-07-06,189.84,192.02,189.2,191.81,45094300
2023-07-07,191.41,192.67,190.24,190.68,46815000
2023-07-10,189.26,189.99,187.04,188.61,59922200
2023-07-11,189.16,189.3,186.6,188.08,46638100
2023-07-12,189.68,191.7,188.47,189.77,60750200
2023-07-13,190.5,191.19,189.78,190.54,41342300
2023-07-14,190.23,191.18,189.63,190.69,41616200
2023-07-17,191.9,194.32,191.81,193.99,50520200
2023-07-18,193.35,194.33,192.42,193.73,48288200
2023-07-19,193.1,198.23,192.65,195.1,80507300
2023-07-20,195.09,196.47,192.5,193.13,59581200
2023-07-21,194.1,194.97,191.23,191.94,71951700
2023-07-24,193.41,194.91,192.25,192.75,45377800
2023-07-25,193.33,194.44,192.92,193.62,37283200
2023-07-26,193.67,195.64,193.32,194.5,47471900
2023-07-27,196.02,197.2,192.55,193.22,47460200
2023-07-28,194.67,196.63,194.14,195.83,48291400
2023-07-31,196.06,196.49,195.26,196.45,38824100
2023-08-01,196.24,196.73,195.28,195.61,35175100
2023-08-02,195.04,195.18,191.85,192.58,50389300
2023-08-03,191.57,192.37,190.69,191.17,61235200
2023-08-04,185.52,187.38,181.92,181.99,115956800
2023-08-07,182.13,183.13,177.35,178.85,97576100
2023-08-08,179.69,180.27,177.58,179.8,67823000
2023-08-09,180.87,180.93,177.01,178.19,60378500
2023-08-10,179.48,180.75,177.6,177.97,54686900
2023-08-11,177.32,178.62,176.55,177.79,52036700
2023-08-14,177.97,179.69,177.31,179.46,43675600
2023-08-15,178.88,179.48,177.05,177.45,43622600
2023-08-16,177.13,178.54,176.5,176.57,46964900
2023-08-17,177.14,177.51,173.48,174,66062900
2023-08-18,172.3,175.1,171.96,174.49,61172200
2023-08-21,175.07,176.13,173.74,175.84,46311900
2023-08-22,177.06,177.68,176.25,177.23,42038900
2023-08-23,178.52,181.55,178.33,181.12,52722800
2023-08-24,180.67,181.1,176.01,176.38,54945800
2023-08-25,177.38,179.15,175.82,178.61,51449600
2023-08-28,180.09,180.59,178.55,180.19,43820700
2023-08-29,179.7,184.9,179.5,184.12,53003900
2023-08-30,184.94,187.85,184.74,187.65,60813900
2023-08-31,187.84,189.12,187.48,187.87,60794500
2023-09-01,189.49,189.92,188.28,189.46,45766500
2023-09-05,188.28,189.98,187.61,189.7,45280000
2023-09-06,188.4,188.85,181.47,182.91,81755800
2023-09-07,175.18,178.21,173.54,177.56,112488800
2023-09-08,178.35,180.24,177.79,178.18,65551300
2023-09-11,180.07,180.3,177.34,179.36,58953100
2023-09-12,179.49,180.13,174.82,176.3,90370200
2023-09-13,176.51,177.3,173.98,174.21,84267900
2023-09-14,174,176.1,173.58,175.74,60895800
2023-09-15,176.48,176.5,173.82,175.01,109259500
2023-09-18,176.48,179.38,176.17,177.97,67257600
2023-09-19,177.52,179.63,177.13,179.07,51826900
2023-09-20,179.26,179.7,175.4,175.49,58436200
2023-09-21,174.55,176.3,173.86,173.93,63149100
2023-09-22,174.67,177.08,174.05,174.79,56725400
2023-09-25,174.2,176.97,174.15,176.08,46172700
2023-09-26,174.82,175.2,171.66,171.96,64588900
2023-09-27,172.62,173.04,169.05,170.43,66921800
2023-09-28,169.34,172.03,167.62,170.69,56294400
2023-09-29,172.02,173.07,170.34,171.21,51861100
2023-10-02,171.22,174.3,170.93,173.75,52164500
2023-10-03,172.26,173.63,170.82,172.4,49594600
2023-10-04,171.09,174.21,170.97,173.66,53020300
2023-10-05,173.79,175.45,172.68,174.91,48527900
2023-10-06,173.8,177.99,173.18,177.49,57266700
2023-10-09,176.81,179.05,175.8,178.99,42390800
2023-10-10,178.1,179.72,177.95,178.39,43698000
2023-10-11,178.2,179.85,177.6,179.8,47551100
2023-10-12,180.07,182.34,179.04,180.71,56743100
2023-10-13,181.42,181.93,178.14,178.85,51427100
2023-10-16,176.75,179.08,176.51,178.72,52517000
2023-10-17,176.65,178.42,174.8,177.15,57549400
2023-10-18,175.58,177.58,175.11,175.84,54764400
2023-10-19,176.04,177.84,175.19,175.46,59302900
2023-10-20,175.31,175.42,172.64,172.88,64244000
2023-10-23,170.91,174.01,169.93,173,55980100
2023-10-24,173.05,173.67,171.45,173.44,43816600
2023-10-25,171.88,173.06,170.65,171.1,57157000
2023-10-26,170.37,171.38,165.67,166.89,70625300
2023-10-27,166.91,168.96,166.83,168.22,58499100
2023-10-30,169.02,171.17,168.87,170.29,51131000
2023-10-31,169.35,170.9,167.9,170.77,44846000
2023-11-01,171,174.23,170.12,173.97,56934900
2023-11-02,175.52,177.78,175.46,177.57,77334800
2023-11-03,174.24,176.82,173.35,176.65,79829200
2023-11-06,176.38,179.43,176.21,179.23,63841300
2023-11-07,179.18,182.44,178.97,181.82,70530000
2023-11-08,182.35,183.45,181.59,182.89,49340300
2023-11-09,182.96,184.12,181.81,182.41,53763500
2023-11-10,183.97,186.57,183.53,186.4,66133400
2023-11-13,185.82,186.03,184.21,184.8,43627500
2023-11-14,187.7,188.11,186.3,187.44,60108400
2023-11-15,187.85,189.5,187.78,188.01,53790500
2023-11-16,189.57,190.96,188.65,189.71,54412900
2023-11-17,190.25,190.38,188.57,189.69,50922700
2023-11-20,189.89,191.91,189.88,191.45,46505100
2023-11-21,191.41,191.52,189.74,190.64,38134500
2023-11-22,191.49,192.93,190.83,191.31,39617700
2023-11-24,190.87,190.9,189.25,189.97,24048300
2023-11-27,189.92,190.67,188.9,189.79,40552600
2023-11-28,189.78,191.08,189.4,190.4,38415400
2023-11-29,190.9,192.09,188.97,189.37,43014200
2023-11-30,189.84,190.32,188.19,189.95,48794400
2023-12-01,190.33,191.56,189.23,191.24,45704800
2023-12-04,189.98,190.05,187.45,189.43,43389500
2023-12-05,190.21,194.4,190.18,193.42,66628400
2023-12-06,194.45,194.76,192.11,192.32,41089700
2023-12-07,193.63,195,193.59,194.27,47477700
2023-12-08,194.2,195.99,193.67,195.71,53406400
2023-12-11,193.11,193.49,191.42,193.18,60943700
2023-12-12,193.08,194.72,191.72,194.71,52696900
2023-12-13,195.09,198,194.85,197.96,70404200
2023-12-14,198.02,199.62,196.16,198.11,66831600
2023-12-15,197.53,198.4,197,197.57,128538400
2023-12-18,196.09,196.63,194.39,195.89,55751900
2023-12-19,196.16,196.95,195.89,196.94,40714100
2023-12-20,196.9,197.68,194.83,194.83,52242800
2023-12-21,196.1,197.08,193.5,194.68,46482500
2023-12-22,195.18,195.41,192.97,193.6,37149600
2023-12-26,193.61,193.89,192.83,193.05,28919300
2023-12-27,192.49,193.5,191.09,193.15,48087700
2023-12-28,194.14,194.66,193.17,193.58,34049900
2023-12-29,193.9,194.4,191.73,192.53,42672100
2024-01-02,187.15,188.44,183.89,185.64,82488700
2024-01-03,184.22,185.88,183.43,184.25,58414500
2024-01-04,182.15,183.09,180.88,181.91,71983600
2024-01-05,181.99,182.76,180.17,181.18,62379700
2024-01-08,182.09,185.6,181.5,185.56,59144500
2024-01-09,183.92,185.15,182.73,185.14,42841800
2024-01-10,184.35,186.4,183.92,186.19,46792900
2024-01-11,186.54,187.05,183.62,185.59,49128400
2024-01-12,186.06,186.74,185.19,185.92,40477800
2024-01-16,182.16,184.26,180.93,183.63,65603000
2024-01-17,181.27,182.93,180.3,182.68,47317400
2024-01-18,186.09,189.14,185.83,188.63,78005800
2024-01-19,189.33,191.95,188.82,191.56,68903000
2024-01-22,192.3,195.33,192.26,193.89,60133900
2024-01-23,195.02,195.75,193.83,195.18,42355600
2024-01-24,195.42,196.38,194.34,194.5,53631300
2024-01-25,195.22,196.27,193.11,194.17,54822100
2024-01-26,194.27,194.76,191.94,192.42,44594000
2024-01-29,192.01,192.2,189.58,191.73,47145600
2024-01-30,190.94,191.8,187.47,188.04,55859400
2024-01-31,187.04,187.1,184.35,184.4,55467800
2024-02-01,183.99,186.95,183.82,186.86,64885400
2024-02-02,179.86,187.33,179.25,185.85,102551700
2024-02-05,188.15,189.25,185.84,187.68,69668800
2024-02-06,186.86,189.31,186.77,189.3,43490800
2024-02-07,190.64,191.05,188.61,189.41,53439000
2024-02-08,189.39,189.54,187.35,188.32,40962000
2024-02-09,188.65,189.99,188,188.85,45155200
2024-02-12,188.42,188.67,186.79,187.15,41781900
2024-02-13,185.77,186.21,183.51,185.04,56529500
2024-02-14,185.32,185.53,182.44,184.15,54630500
2024-02-15,183.55,184.49,181.35,183.86,65434500
2024-02-16,183.42,184.85,181.67,182.31,49752500
2024-02-20,181.79,182.43,180,181.56,53665600
2024-02-21,181.94,182.89,180.66,182.32,41371400
2024-02-22,183.48,184.96,182.46,184.37,52292200
2024-02-23,185.01,185.04,182.23,182.52,45119700
2024-02-26,182.24,182.76,180.65,181.16,40867400
2024-02-27,181.1,183.92,179.56,182.63,54318900
2024-02-28,182.51,183.12,180.13,181.42,48953900
2024-02-29,181.27,182.57,179.53,180.75,136682600
2024-03-01,179.55,180.53,177.38,179.66,73563100
2024-03-04,176.15,176.9,173.79,175.1,81510100
2024-03-05,170.76,172.04,169.62,170.12,95132400
2024-03-06,171.06,171.24,168.68,169.12,68587700
2024-03-07,169.15,170.73,168.49,169,71765100
2024-03-08,169,173.7,168.94,170.73,76267000
2024-03-11,172.94,174.38,172.05,172.75,60139500
2024-03-12,173.15,174.03,171.01,173.23,59825400
2024-03-13,172.77,173.19,170.76,171.13,52488700
2024-03-14,172.91,174.31,172.05,173,72913500
2024-03-15,171.17,172.62,170.29,172.62,121752700
2024-03-18,175.57,177.71,173.52,173.72,75604200
2024-03-19,174.34,176.61,173.03,176.08,55215200
2024-03-20,175.72,178.67,175.09,178.67,53423100
2024-03-21,177.05,177.49,170.84,171.37,106181300
2024-03-22,171.76,173.05,170.06,172.28,71160100
2024-03-25,170.57,171.94,169.45,170.85,54288300
2024-03-26,170,171.42,169.58,169.71,57388400
2024-03-27,170.41,173.6,170.11,173.31,60273300
2024-03-28,171.75,172.23,170.51,171.48,65672700
2024-04-01,171.19,171.25,169.48,170.03,46240500
2024-04-02,169.08,169.34,168.23,168.84,49329500
2024-04-03,168.79,170.68,168.58,169.65,47691700
2024-04-04,170.29,171.92,168.82,168.82,53704400
2024-04-05,169.59,170.39,168.95,169.58,42104800
2024-04-08,169.03,169.2,168.24,168.45,37425500
2024-04-09,168.7,170.08,168.35,169.67,42373800
2024-04-10,168.8,169.09,167.11,167.78,49709300
2024-04-11,168.34,175.46,168.16,175.04,91070300
2024-04-12,174.26,178.36,174.21,176.55,101670900
2024-04-15,175.36,176.63,172.5,172.69,73531800
2024-04-16,171.75,173.76,168.27,169.38,73711200
2024-04-17,169.61,170.65,168,168,50901200
2024-04-18,168.03,168.64,166.55,167.04,43122900
2024-04-19,166.21,166.4,164.08,165,68149400
2024-04-22,165.52,167.26,164.77,165.84,48116400
2024-04-23,165.35,167.05,164.92,166.9,49537800
2024-04-24,166.54,169.3,166.21,169.02,48251800
2024-04-25,169.53,170.61,168.15,169.89,50558300
2024-04-26,169.88,171.34,169.18,169.3,44838400
2024-04-29,173.37,176.03,173.1,173.5,68169400
2024-04-30,173.33,174.99,170,170.33,65934800
2024-05-01,169.58,172.71,169.11,169.3,50383100
2024-05-02,172.51,173.42,170.89,173.03,94214900
2024-05-03,186.65,187,182.66,183.38,163224100
2024-05-06,182.35,184.2,180.42,181.71,78569700
2024-05-07,183.45,184.9,181.32,182.4,77305800
2024-05-08,182.85,183.07,181.45,182.74,45057100
2024-05-09,182.56,184.66,182.11,184.57,48983000
2024-05-10,184.9,185.09,182.13,183.05,50759500
2024-05-13,185.44,187.1,184.62,186.28,72044800
2024-05-14,187.51,188.3,186.29,187.43,52393600
2024-05-15,187.91,190.65,187.37,189.72,70400000
2024-05-16,190.47,191.1,189.66,189.84,52845200
2024-05-17,189.51,190.81,189.18,189.87,41282900
2024-05-20,189.33,191.92,189.01,191.04,44361300
2024-05-21,191.09,192.73,190.92,192.35,42309400
2024-05-22,192.27,192.82,190.27,190.9,34648500
2024-05-23,190.98,191,186.63,186.88,51005900
2024-05-24,188.82,190.58,188.04,189.98,36327000
2024-05-28,191.51,193,189.1,189.99,52280100
2024-05-29,189.61,192.25,189.51,190.29,53068000
2024-05-30,190.76,192.18,190.63,191.29,49889100
2024-05-31,191.44,192.57,189.91,192.25,75158300
2024-06-03,192.9,194.99,192.52,194.03,50080500
2024-06-04,194.64,195.32,193.03,194.35,47471400
2024-06-05,195.4,196.9,194.87,195.87,54156800
2024-06-06,195.69,196.5,194.17,194.48,41181800
2024-06-07,194.65,196.94,194.14,196.89,53103900
2024-06-10,196.9,197.3,192.15,193.12,97010200
2024-06-11,193.65,207.16,193.63,207.15,172373300
2024-06-12,207.37,220.2,206.9,213.07,198134300
2024-06-13,214.74,216.75,211.6,214.24,97862700
2024-06-14,213.85,215.17,211.3,212.49,70122700
2024-06-17,213.37,218.95,212.72,216.67,93728300
2024-06-18,217.59,218.63,213,214.29,79943300
2024-06-20,213.93,214.24,208.85,209.68,86172500
2024-06-21,210.39,211.89,207.11,207.49,241805100
2024-06-24,207.72,212.7,206.59,208.14,80727000
2024-06-25,209.15,211.38,208.61,209.07,55549700
2024-06-26,211.5,214.86,210.64,213.25,66213200
2024-06-27,214.69,215.74,212.35,214.1,49772700
2024-06-28,215.77,216.07,210.3,210.62,82542700
2024-07-01,212.09,217.51,211.92,216.75,60402900
2024-07-02,216.15,220.38,215.1,220.27,58046200
2024-07-03,220,221.55,219.03,221.55,37369800
2024-07-05,221.65,226.45,221.65,226.34,60412400
2024-07-08,227.09,227.85,223.25,227.82,59085900
2024-07-09,227.93,229.4,226.37,228.68,48076100
2024-07-10,229.3,233.08,229.25,232.98,62627700
2024-07-11,231.39,232.39,225.77,227.57,64710600
2024-07-12,228.92,232.64,228.68,230.54,53046500
2024-07-15,236.48,237.23,233.09,234.4,62631300
2024-07-16,235,236.27,232.33,234.82,43234300
2024-07-17,229.45,231.46,226.64,228.88,57345900
2024-07-18,230.28,230.44,222.27,224.18,66034600
2024-07-19,224.82,226.8,223.28,224.31,49151500
2024-07-22,227.01,227.78,223.09,223.96,48201800
2024-07-23,224.37,226.94,222.68,225.01,39960300
2024-07-24,224,224.8,217.13,218.54,61777600
2024-07-25,218.93,220.85,214.62,217.49,51391200
2024-07-26,218.7,219.49,216.01,217.96,41601300
2024-07-29,216.96,219.3,215.75,218.24,36311800
2024-07-30,219.19,220.33,216.12,218.8,41643800
2024-07-31,221.44,223.82,220.63,222.08,50036300
2024-08-01,224.37,224.48,217.02,218.36,62501000
2024-08-02,219.15,225.6,217.71,219.86,105568600
2024-08-05,199.09,213.5,196,209.27,119548600
2024-08-06,205.3,209.99,201.07,207.23,69660500
2024-08-07,206.9,213.64,206.39,209.82,63516400
2024-08-08,213.11,214.2,208.83,213.31,47161100
2024-08-09,212.1,216.78,211.97,216.24,42201600
2024-08-12,216.07,219.51,215.6,217.53,38028100
2024-08-13,219.01,221.89,219.01,221.27,44155300
2024-08-14,220.57,223.03,219.7,221.72,41960600
2024-08-15,224.6,225.35,222.76,224.72,46414000
2024-08-16,223.92,226.83,223.65,226.05,44340200
2024-08-19,225.72,225.99,223.04,225.89,40687800
2024-08-20,225.77,227.17,225.45,226.51,30299000
2024-08-21,226.52,227.98,225.05,226.4,34765500
2024-08-22,227.79,228.34,223.9,224.53,43695300
2024-08-23,225.66,228.22,224.33,226.84,38677300
2024-08-26,226.76,227.28,223.89,227.18,30602200
2024-08-27,226,228.85,224.89,228.03,35934600
2024-08-28,227.92,229.86,225.68,226.49,38052200
2024-08-29,230.1,232.92,228.88,229.79,51906300
2024-08-30,230.19,230.4,227.48,229,52990800
2024-09-03,228.55,229,221.17,222.77,50190600
2024-09-04,221.66,221.78,217.48,220.85,43840200
2024-09-05,221.63,225.48,221.52,222.38,36615400
2024-09-06,223.95,225.24,219.77,220.82,48423000
2024-09-09,220.82,221.27,216.71,220.91,67180000
2024-09-10,218.92,221.48,216.73,220.11,51591000
2024-09-11,221.46,223.09,217.89,222.66,44587100
2024-09-12,222.5,223.55,219.82,222.77,37455600
2024-09-13,223.58,224.04,221.91,222.5,36766600
2024-09-16,216.54,217.22,213.92,216.32,59357400
2024-09-17,215.75,216.9,214.5,216.79,45519300
2024-09-18,217.55,222.71,217.54,220.69,59894900
2024-09-19,224.99,229.82,224.63,228.87,66781300
2024-09-20,229.97,233.09,227.62,228.2,318679900
2024-09-23,227.34,229.45,225.81,226.47,54146000
2024-09-24,228.65,229.35,225.73,227.37,43556100
2024-09-25,224.93,227.29,224.02,226.37,42308700
2024-09-26,227.3,228.5,225.41,227.52,36636700
2024-09-27,228.46,229.52,227.3,227.79,34026000
2024-09-30,230.04,233,229.65,233,54541900
2024-10-01,229.52,229.65,223.74,226.21,63285000
2024-10-02,225.89,227.37,223.02,226.78,32880600
2024-10-03,225.14,226.81,223.32,225.67,34044200
2024-10-04,227.9,228,224.13,226.8,37245100
2024-10-07,224.5,225.69,221.33,221.69,39505400
2024-10-08,224.3,225.98,223.25,225.77,31855700
2024-10-09,225.23,229.75,224.83,229.54,33591100
2024-10-10,227.78,229.5,227.17,229.04,28183500
2024-10-11,229.3,229.41,227.34,227.55,31759200
2024-10-14,228.7,231.73,228.6,231.3,39882100
2024-10-15,233.61,237.49,232.37,233.85,64751400
2024-10-16,231.6,232.12,229.84,231.78,34082200
2024-10-17,233.43,233.85,230.52,232.15,32993800
2024-10-18,236.18,236.18,234.01,235,46431500
2024-10-21,234.45,236.85,234.45,236.48,36254500
2024-10-22,233.89,236.22,232.6,235.86,38846600
2024-10-23,234.08,235.14,227.76,230.76,52287000
2024-10-24,229.98,230.82,228.41,230.57,31109500
2024-10-25,229.74,233.22,229.57,231.41,38802300
2024-10-28,233.32,234.73,232.55,233.4,36087100
2024-10-29,233.1,234.33,232.32,233.67,35417200
2024-10-30,232.61,233.47,229.55,230.1,47070900
2024-10-31,229.34,229.83,225.37,225.91,64370100
2024-11-01,220.97,225.35,220.27,222.91,65276700
2024-11-04,220.99,222.79,219.71,222.01,44944500
2024-11-05,221.8,223.95,221.14,223.45,28111300
2024-11-06,222.61,226.07,221.19,222.72,54561100
2024-11-07,224.63,227.88,224.57,227.48,42137700
2024-11-08,227.17,228.66,226.41,226.96,38328800
2024-11-11,225,225.7,221.5,224.23,42005600
2024-11-12,224.55,225.59,223.36,224.23,40398300
2024-11-13,224.01,226.65,222.76,225.12,48566200
2024-11-14,225.02,228.87,225,228.22,44923900
2024-11-15,226.4,226.92,224.27,225,47923700
2024-11-18,225.25,229.74,225.17,228.02,44633700
2024-11-19,226.98,230.16,226.66,228.28,36211800
2024-11-20,228.06,229.93,225.89,229,35169600
2024-11-21,228.88,230.16,225.71,228.52,42108300
2024-11-22,228.06,230.72,228.06,229.87,38168300
2024-11-25,231.46,233.25,229.74,232.87,90152800
2024-11-26,233.33,235.57,233.33,235.06,45986200
2024-11-27,234.47,235.69,233.81,234.93,33498400
2024-11-29,234.81,237.81,233.97,237.33,28481400
2024-12-02,237.27,240.79,237.16,239.59,48137100
2024-12-03,239.81,242.76,238.9,242.65,38861000
2024-12-04,242.87,244.11,241.25,243.01,44383900
2024-12-05,243.99,244.54,242.13,243.04,40033900
2024-12-06,242.91,244.63,242.08,242.84,36870600
2024-12-09,241.83,247.24,241.75,246.75,44649200
2024-12-10,246.89,248.21,245.34,247.77,36914800
2024-12-11,247.96,250.8,246.26,246.49,45205800
2024-12-12,246.89,248.74,245.68,247.96,32777500
2024-12-13,247.82,249.29,246.24,248.13,33155300
2024-12-16,247.99,251.38,247.65,251.04,51694800
2024-12-17,250.08,253.83,249.78,253.48,51356400
2024-12-18,252.16,254.28,247.74,248.05,56774100
2024-12-19,247.5,252,247.09,249.79,60882300
2024-12-20,248.04,255,245.69,254.49,147495300
2024-12-23,254.77,255.65,253.45,255.27,40858800
2024-12-24,255.49,258.21,255.29,258.2,23234700
2024-12-26,258.19,260.1,257.63,259.02,27237100
2024-12-27,257.83,258.7,253.06,255.59,42355300
2024-12-30,252.23,253.5,250.75,252.2,35557500
2024-12-31,252.44,253.28,249.43,250.42,39480700
2025-01-02,248.93,249.1,241.82,243.85,55740700
2025-01-03,243.36,244.18,241.89,243.36,40244100
2025-01-06,244.31,247.33,243.2,245,45045600
2025-01-07,242.98,245.55,241.35,242.21,40856000
2025-01-08,241.92,243.71,240.05,242.7,37628900
2025-01-10,240.01,240.16,233,236.85,61710900
2025-01-13,233.53,234.67,229.72,234.4,49630700
2025-01-14,234.75,236.12,232.47,233.28,39435300
2025-01-15,234.64,238.96,234.43,237.87,39832000
2025-01-16,237.35,238.01,228.03,228.26,71759100
2025-01-17,232.12,232.29,228.48,229.98,68488300
2025-01-21,224,224.42,219.38,222.64,98070400
2025-01-22,219.79,224.12,219.79,223.83,64126500
2025-01-23,224.74,227.03,222.3,223.66,60234800
2025-01-24,224.78,225.63,221.41,222.78,54697900
2025-01-27,224.02,232.15,223.98,229.86,94863400
2025-01-28,230.85,240.19,230.81,238.26,75707600
2025-01-29,234.12,239.86,234.01,239.36,45486100
2025-01-30,238.67,240.79,237.21,237.59,55658300
2025-01-31,247.19,247.19,233.44,236,100959800
2025-02-03,229.99,231.83,225.7,228.01,73063300
2025-02-04,227.25,233.13,226.65,232.8,45067300
2025-02-05,228.53,232.67,228.27,232.47,39620300
2025-02-06,231.29,233.8,230.43,233.22,29925300
2025-02-07,232.6,234,227.26,227.63,39707200
2025-02-10,229.57,230.59,227.2,227.65,33115600
2025-02-11,228.2,235.23,228.13,232.62,53718400
2025-02-12,231.2,236.96,230.68,236.87,45243300
2025-02-13,236.91,242.34,235.57,241.53,53614100
2025-02-14,241.25,245.55,240.99,244.6,40896200
2025-02-18,244.15,245.18,241.84,244.47,48822500
2025-02-19,244.66,246.01,243.16,244.87,32204200
2025-02-20,244.94,246.78,244.29,245.83,32316900
2025-02-21,245.95,248.69,245.22,245.55,53197400
2025-02-24,244.93,248.86,244.42,247.1,51326400
2025-02-25,248,250,244.91,247.04,48013300
2025-02-26,244.33,244.98,239.13,240.36,44433600
2025-02-27,239.41,242.46,237.06,237.3,41153600
2025-02-28,236.95,242.09,230.2,241.84,56833400
2025-03-03,241.79,244.03,236.11,238.03,47184000
2025-03-04,237.71,240.07,234.68,235.93,53798100
2025-03-05,235.42,236.55,229.23,235.74,47227600
2025-03-06,234.44,237.86,233.16,235.33,45170400
2025-03-07,235.11,241.37,234.76,239.07,46273600
2025-03-10,235.54,236.16,224.22,227.48,72071200
2025-03-11,223.81,225.84,217.45,220.84,76137400
2025-03-12,220.14,221.75,214.91,216.98,62547500
2025-03-13,215.95,216.84,208.42,209.68,61368300
2025-03-14,211.25,213.95,209.58,213.49,60107600
2025-03-17,213.31,215.22,209.97,214,48073400
2025-03-18,214.16,215.15,211.49,212.69,42432400
2025-03-19,214.22,218.76,213.75,215.24,54385400
2025-03-20,213.99,217.49,212.22,214.1,48862900
2025-03-21,211.56,218.84,211.28,218.27,94127800
2025-03-24,221,221.48,218.58,220.73,44299500
2025-03-25,220.77,224.1,220.08,223.75,34493600
2025-03-26,223.51,225.02,220.47,221.53,34466100
2025-03-27,221.39,224.99,220.56,223.85,37094800
2025-03-28,221.67,223.81,217.68,217.9,39818600
2025-03-31,217.01,225.62,216.23,222.13,65299300
2025-04-01,219.81,223.68,218.9,223.19,36412700
2025-04-02,221.32,225.19,221.02,223.89,35905900
2025-04-03,205.54,207.49,201.25,203.19,103419000
2025-04-04,193.89,199.88,187.34,188.38,125910900
2025-04-07,177.2,194.15,174.62,181.46,160466300
2025-04-08,186.7,190.34,169.21,172.42,120859500
2025-04-09,171.95,200.61,171.89,198.85,184395900
2025-04-10,189.07,194.78,183,190.42,121880000
2025-04-11,186.1,199.54,186.06,198.15,87435900
2025-04-14,211.44,212.94,201.16,202.52,101352900
2025-04-15,201.86,203.51,199.8,202.14,51343900
2025-04-16,198.36,200.7,192.37,194.27,59732400
2025-04-17,197.2,198.83,194.42,196.98,52164700
2025-04-21,193.27,193.8,189.81,193.16,46742500
2025-04-22,196.12,201.59,195.97,199.74,52976400
2025-04-23,206,208,202.8,204.6,52929200
2025-04-24,204.89,208.83,202.94,208.37,47311000
2025-04-25,206.37,209.75,206.2,209.28,38222300
2025-04-28,210,211.5,207.46,210.14,38743100
2025-04-29,208.69,212.24,208.37,211.21,36827600
2025-04-30,209.3,213.58,206.67,212.5,52286500
2025-05-01,209.08,214.56,208.9,213.32,57365700
2025-05-02,206.09,206.99,202.16,205.35,101010600
2025-05-05,203.1,204.1,198.21,198.89,69018500
2025-05-06,198.21,200.65,197.02,198.51,51216500
2025-05-07,199.17,199.44,193.25,196.25,68536700
2025-05-08,197.72,200.05,194.68,197.49,50478900
2025-05-09,199,200.54,197.54,198.53,36453900
2025-05-12,210.97,211.27,206.75,210.79,63775800
2025-05-13,210.43,213.4,209,212.93,51909300
2025-05-14,212.43,213.94,210.58,212.33,49325800
2025-05-15,210.95,212.96,209.54,211.45,45029500
2025-05-16,212.36,212.57,209.77,211.26,54737900
2025-05-19,207.91,209.48,204.26,208.78,46140500
2025-05-20,207.67,208.47,205.03,206.86,42496600
2025-05-21,205.17,207.04,200.71,202.09,59211800
2025-05-22,200.71,202.75,199.7,201.36,46742400
2025-05-23,193.67,197.7,193.46,195.27,78432900
2025-05-27,198.3,200.74,197.43,200.21,56288500
2025-05-28,200.59,202.73,199.9,200.42,45339700
2025-05-29,203.58,203.81,198.51,199.95,51396800
2025-05-30,199.37,201.96,196.78,200.85,70819900
2025-06-02,200.28,202.13,200.12,201.7,35423300
2025-06-03,201.35,203.77,200.96,203.27,46381600
2025-06-04,202.91,206.24,202.1,202.82,43604000
2025-06-05,203.5,204.75,200.15,200.63,55126100
2025-06-06,203,205.7,202.05,203.92,46607700
2025-06-09,204.39,206,200.02,201.45,72862600
2025-06-10,200.6,204.35,200.57,202.67,54672600
2025-06-11,203.5,204.5,198.41,198.78,60989900
2025-06-12,199.08,199.68,197.36,199.2,43904600
2025-06-13,199.73,200.37,195.7,196.45,51447300
2025-06-16,197.3,198.69,196.56,198.42,43020700
2025-06-17,197.2,198.39,195.21,195.64,38856200
2025-06-18,195.94,197.57,195.07,196.58,45394700
2025-06-20,198.24,201.7,196.86,201,96813500
2025-06-23,201.63,202.3,198.96,201.5,55814300
2025-06-24,202.59,203.44,200.2,200.3,54064000
2025-06-25,201.45,203.67,200.62,201.56,39525700
2025-06-26,201.43,202.64,199.46,201,50799100
2025-06-27,201.89,203.22,200,201.08,73188600
2025-06-30,202.01,207.39,199.26,205.17,91912800
2025-07-01,206.67,210.19,206.14,207.82,78788900
2025-07-02,208.91,213.34,208.14,212.44,67941800
2025-07-03,212.15,214.65,211.81,213.55,34955800
2025-07-07,212.68,216.23,208.8,209.95,50229000
2025-07-08,210.1,211.43,208.45,210.01,42848900
2025-07-09,209.53,211.33,207.22,211.14,48749400
2025-07-10,210.51,213.48,210.03,212.41,44443600
2025-07-11,210.57,212.13,209.86,211.16,39765800
2025-07-14,209.93,210.91,207.54,208.62,38840100
2025-07-15,209.22,211.89,208.92,209.11,42296300
2025-07-16,210.3,212.4,208.64,210.16,47490500
2025-07-17,210.57,211.8,209.59,210.02,48068100
2025-07-18,210.87,211.79,209.7,211.18,48974600
2025-07-21,212.1,215.78,211.63,212.48,51377400
2025-07-22,213.14,214.95,212.23,214.4,46404100
2025-07-23,215,215.15,212.41,214.15,46989300
2025-07-24,213.9,215.69,213.53,213.76,46022600
2025-07-25,214.7,215.24,213.4,213.88,40268800
2025-07-28,214.03,214.85,213.06,214.05,37858000
2025-07-29,214.18,214.81,210.82,211.27,51411700
2025-07-30,211.9,212.39,207.72,209.05,45512500
2025-07-31,208.49,209.84,207.16,207.57,80698400
2025-08-01,210.87,213.58,201.5,202.38,104434500
2025-08-04,204.51,207.88,201.68,203.35,75109300
2025-08-05,203.4,205.34,202.16,202.92,44155100
2025-08-06,205.63,215.38,205.59,213.25,108483100
2025-08-07,218.88,220.85,216.58,220.03,90224800
2025-08-08,220.83,231,219.25,229.35,113854000
2025-08-11,227.92,229.56,224.76,227.18,61806100
2025-08-12,228.01,230.8,227.07,229.65,55626200
2025-08-13,231.07,235,230.43,233.33,69878500
2025-08-14,234.06,235.12,230.85,232.78,51916300
2025-08-15,234,234.28,229.34,231.59,56038700
2025-08-18,231.7,233.12,230.11,230.89,37476200
2025-08-19,231.28,232.87,229.35,230.56,39402600
2025-08-20,229.98,230.47,225.77,226.01,42263900
2025-08-21,226.27,226.52,223.78,224.9,30621200
2025-08-22,226.17,229.09,225.41,227.76,42477800
2025-08-25,226.48,229.3,226.23,227.16,30983100
2025-08-26,226.87,229.49,224.69,229.31,54575100
2025-08-27,228.61,230.9,228.26,230.49,31259500
2025-08-28,230.82,233.41,229.34,232.56,38074700
2025-08-29,232.51,233.38,231.37,232.14,39418400
2025-09-02,229.25,230.85,226.97,229.72,44075600
2025-09-03,237.21,238.85,234.36,238.47,66427800
2025-09-04,238.45,239.9,236.74,239.78,47549400
2025-09-05,240,241.32,238.49,239.69,54870400
2025-09-08,239.3,240.15,236.34,237.88,48999500
2025-09-09,237,238.78,233.36,234.35,66313900
2025-09-10,232.19,232.42,225.95,226.79,83440800
2025-09-11,226.88,230.45,226.65,230.03,50208600
2025-09-12,229.22,234.51,229.02,234.07,55824200
2025-09-15,237,238.19,235.03,236.7,42699500
2025-09-16,237.18,241.22,236.32,238.15,63421100
2025-09-17,238.97,240.1,237.73,238.99,46508000
2025-09-18,239.97,241.2,236.65,237.88,44249600
2025-09-19,241.23,246.3,240.21,245.5,163741300
2025-09-22,248.3,256.64,248.12,256.08,105517400
2025-09-23,255.88,257.34,253.58,254.43,60275200
2025-09-24,255.22,255.74,251.04,252.31,42303700
2025-09-25,253.21,257.17,251.71,256.87,55202100
2025-09-26,254.1,257.6,253.78,255.46,46076300
2025-09-29,254.56,255,253.01,254.43,40127700
2025-09-30,254.86,255.92,253.11,254.63,37704300
2025-10-01,255.04,258.79,254.93,255.45,48713900
2025-10-02,256.58,258.18,254.15,257.13,42630200
2025-10-03,254.67,259.24,253.95,258.02,49155600
2025-10-06,257.99,259.07,255.05,256.69,44664100
2025-10-07,256.81,257.4,255.43,256.48,31955800
2025-10-08,256.52,258.52,256.11,258.06,36496900
2025-10-09,257.81,258,253.14,254.04,38322000
2025-10-10,254.94,256.38,244,245.27,61999100
2025-10-13,249.38,249.69,245.56,247.66,38142900
2025-10-14,246.6,248.85,244.7,247.77,35478000
2025-10-15,249.49,251.82,247.47,249.34,33893600
2025-10-16,248.25,249.04,245.13,247.45,39777000
2025-10-17,248.02,253.38,247.27,252.29,49147000
2025-10-20,255.89,264.38,255.63,262.24,90483000
2025-10-21,261.88,265.29,261.83,262.77,46695900
2025-10-22,262.65,262.85,255.43,258.45,45015300
2025-10-23,259.94,260.62,258.01,259.58,32754900
2025-10-24,261.19,264.13,259.18,262.82,38253700
2025-10-27,264.88,269.12,264.65,268.81,44888200
2025-10-28,268.99,269.89,268.15,269,41534800
2025-10-29,269.28,271.41,267.11,269.7,51086700
2025-10-30,271.99,274.14,268.48,271.4,69886500
2025-10-31,276.99,277.32,269.16,270.37,86167100
2025-11-03,270.42,270.85,266.25,269.05,50194600
2025-11-04,268.33,271.49,267.62,270.04,49274800
2025-11-05,268.61,271.7,266.93,270.14,43683100
2025-11-06,267.89,273.4,267.89,269.77,51204000
2025-11-07,269.8,272.29,266.77,268.47,48227400
2025-11-10,268.96,273.73,267.46,269.43,41312400
2025-11-11,269.81,275.91,269.8,275.25,46208300
2025-11-12,275,275.73,271.7,273.47,48398000
2025-11-13,274.11,276.7,272.09,272.95,49602800
2025-11-14,271.05,275.96,269.6,272.41,47431300
2025-11-17,268.82,270.49,265.73,267.46,45018300
2025-11-18,269.99,270.71,265.32,267.44,45677300
2025-11-19,265.53,272.21,265.5,268.56,40424500
2025-11-20,270.83,275.43,265.92,266.25,45823600
2025-11-21,265.95,273.33,265.67,271.49,59030800
2025-11-24,270.9,277,270.9,275.92,65585800
2025-11-25,275.27,280.38,275.25,276.97,46914200
2025-11-26,276.96,279.53,276.63,277.55,33431400
2025-11-28,277.26,279,275.99,278.85,20135600
2025-12-01,278.01,283.42,276.14,283.1,46587700
2025-12-02,283,287.4,282.63,286.19,53669500
2025-12-03,286.2,288.62,283.3,284.15,43538700
2025-12-04,284.1,284.73,278.59,280.7,43989100
2025-12-05,280.54,281.14,278.05,278.78,47265800
2025-12-08,278.13,279.67,276.15,277.89,38211800
2025-12-09,278.16,280.03,276.92,277.18,32193300
2025-12-10,277.75,279.75,276.44,278.78,33038300
2025-12-11,279.1,279.59,273.81,278.03,33248000
2025-12-12,277.9,279.22,276.82,278.28,39532900
2025-12-15,280.15,280.15,272.84,274.11,50409100
2025-12-16,272.82,275.5,271.79,274.61,37648600
2025-12-17,275.01,276.16,271.64,271.84,50138700
2025-12-18,273.61,273.63,266.95,272.19,51630700
2025-12-19,272.15,274.6,269.9,273.67,144632000
2025-12-22,272.86,273.88,270.51,270.97,36571800
2025-12-23,270.84,272.5,269.56,272.36,29642000
2025-12-24,272.34,275.43,272.2,273.81,17910600
2025-12-26,274.16,275.37,272.86,273.4,21521800
2025-12-29,272.69,274.36,272.35,273.76,23715200
2025-12-30,272.81,274.08,272.28,273.08,22139600
2025-12-31,273.06,273.68,271.75,271.86,27293600
2026-01-02,272.26,277.84,269,271.01,37838100
2026-01-05,270.64,271.51,266.14,267.26,45647200
2026-01-06,267,267.55,262.12,262.36,52352100
2026-01-07,263.2,263.68,259.81,260.33,48309800
2026-01-08,257.02,259.29,255.7,259.04,50419300
2026-01-09,259.08,260.21,256.22,259.37,39997000
2026-01-12,259.16,261.3,256.8,260.25,45263800
2026-01-13,258.72,261.81,258.39,261.05,45730800
2026-01-14,259.49,261.82,256.71,259.96,40019400
2026-01-15,260.65,261.04,257.05,258.21,39388600
2026-01-16,257.9,258.9,254.93,255.53,72142800
2026-01-20,252.73,254.79,243.42,246.7,80267500
2026-01-21,248.7,251.56,245.18,247.65,54641700
2026-01-22,249.2,251,248.15,248.35,39708300
2026-01-23,247.32,249.41,244.68,248.04,41689000
2026-01-26,251.48,256.56,249.8,255.41,55969200
2026-01-27,259.17,261.95,258.21,258.27,49648300
2026-01-28,257.65,258.86,254.51,256.44,41288000
2026-01-29,258,259.65,254.41,258.28,67253000
2026-01-30,255.17,261.9,252.18,259.48,92443400
2026-02-02,260.03,270.49,259.21,270.01,73913400
2026-02-03,269.2,271.88,267.61,269.48,64394700
2026-02-04,272.29,278.95,272.29,276.49,90545700
2026-02-05,278.13,279.5,273.23,275.91,52977400
2026-02-06,277.12,280.91,276.93,278.12,50453400
2026-02-09,277.91,278.2,271.7,274.62,44623400
2026-02-10,274.89,275.37,272.94,273.68,34376900
2026-02-11,274.7,280.18,274.45,275.5,51931300
2026-02-12,275.59,275.72,260.18,261.73,81077200
2026-02-13,262.01,262.23,255.45,255.78,56290700
2026-02-17,258.05,266.29,255.54,263.88,58469100
2026-02-18,263.6,266.82,262.45,264.35,34203300
2026-02-19,262.6,264.48,260.05,260.58,30845300
2026-02-20,258.97,264.75,258.16,264.58,42070500
2026-02-23,263.49,269.43,263.38,266.18,37308200
2026-02-24,267.86,274.89,267.71,272.14,47014600
2026-02-25,271.78,274.94,271.05,274.23,33714300
2026-02-26,274.95,276.11,270.8,272.95,32345100
2026-02-27,272.81,272.81,262.89,264.18,72366500
2026-03-02,262.41,266.53,260.2,264.72,41827900
2026-03-03,263.48,265.56,260.13,263.75,38568900
2026-03-04,264.65,266.15,261.42,262.52,39803100
2026-03-05,260.79,261.56,257.25,260.29,49658600
2026-03-06,258.63,258.77,254.37,257.46,41120000
2026-03-09,255.69,261.15,253.68,259.88,38218500
2026-03-10,257.65,262.48,256.95,260.83,30590800
2026-03-11,261.09,262.13,259.55,260.81,26218900
2026-03-12,258.66,258.95,254.18,255.76,40794000
2026-03-13,255.48,256.33,249.52,250.12,36930000
2026-03-16,252.11,253.89,249.88,252.82,32074200
2026-03-17,252.96,255.13,252.18,254.23,32361600
2026-03-18,252.63,254.94,249,249.94,35757900
2026-03-19,249.4,251.83,247.3,248.96,34864100
2026-03-20,247.98,249.2,246,247.99,88331100
2026-03-23,253.97,254.6,250.28,251.49,40546100
2026-03-24,250.35,254.83,249.55,251.64,45152300
2026-03-25,254.1,255,251.6,252.62,28476700
2026-03-26,252.12,257,250.77,252.89,41796700
2026-03-27,253.9,255.49,248.07,248.8,47900000
2026-03-30,250.07,250.87,245.51,246.63,39446200
2026-03-31,247.91,255.48,247.1,253.79,49598100
2026-04-01,254.08,256.18,253.33,255.63,40059400
2026-04-02,254.2,256.13,250.65,255.92,31289400
2026-04-06,256.51,262.16,256.46,258.86,29329900
2026-04-07,256.16,256.2,245.7,253.5,62148000
2026-04-08,258.45,259.75,256.53,258.9,41032800
2026-04-09,259,261.12,256.07,260.49,28121600
2026-04-10,259.98,262.19,259.02,260.48,31291500
2026-04-13,259.73,260.18,256.66,259.2,36234700
2026-04-14,259.25,261.93,257.19,258.83,48370700
2026-04-15,258.16,266.56,257.81,266.43,49913500
2026-04-16,266.8,267.16,261.27,263.4,43323100
2026-04-17,266.96,272.3,266.72,270.23,61436200
2026-04-20,270.33,274.28,270.29,273.05,36590200
2026-04-21,271.5,272.8,265.4,266.17,50209800
2026-04-22,267.82,273.74,266.87,273.17,43249200
2026-04-23,275.05,275.77,271.65,273.43,33399600
2026-04-24,272.76,273.06,269.65,271.06,38157100
2026-04-27,266.09,268.36,265.07,267.61,41466800
2026-04-28,272.34,273.23,268.66,270.71,40018900
2026-04-29,267.55,271.04,267.04,270.17,30047900
2026-04-30,270.5,276,268.14,271.35,91848200
2026-05-01,278.86,287.22,278.37,280.14,79915400
2026-05-04,279.66,280.63,274.86,276.83,46668400
2026-05-05,276.93,284.57,276.5,284.18,49311700
2026-05-06,281.92,288.03,281.07,287.51,58336100
2026-05-07,289.27,292.13,285.78,287.44,45224300
2026-05-08,290.01,294.76,290,293.32,52692800
2026-05-11,291.98,293.88,290.23,292.68,42247300
2026-05-12,292.56,295.27,292.56,294.8,45748100
2026-05-13,293.5,300.92,293.5,298.87,52684300
2026-05-14,299.82,300.45,295.38,298.21,35324900
2026-05-15,297.9,303.2,296.52,300.23,54862800
2026-05-18,300.24,300.66,294.91,297.84,34483000
2026-05-19,296.97,300.51,296.35,298.97,42243600
2026-05-20,298.18,302.8,298.08,302.25,38229800
2026-05-21,301.06,305.54,300.4,304.99,42965100
2026-05-22,306.12,311.4,305.84,308.82,43670200
2026-05-26,309.56,311.82,307.67,308.33,48000500
2026-05-27,308.33,313.26,308.3,310.85,50430900
2026-05-28,310.68,312.8,309.57,312.51,48220400
2026-05-29,311.78,315,309.53,312.06,70026800
2026-06-01,309.63,310.94,305.02,306.31,48849900
2026-06-02,307.46,315.45,306.69,315.2,44534700
2026-06-03,314.18,316.94,308.85,310.26,50836700
2026-06-04,313.23,313.54,309.65,311.23,44869100
2026-06-05,312.86,315.17,307.15,307.34,65310500
2026-06-08,308.74,317.4,301.17,301.54,77949100
2026-06-09,300.28,300.75,287.78,290.55,70108800
2026-06-10,290.74,294.75,287.38,291.58,52793300
2026-06-11,293.72,297,289.59,295.63,42572500
2026-06-12,296.03,297.14,289.62,291.13,38742100
2026-06-15,294.12,297.78,291.7,296.42,45732600
2026-06-16,295.25,300.48,293.97,299.24,39874400
2026-06-17,300.85,302.07,294.36,295.95,42745100
2026-06-18,298.11,300.57,295.62,298.01,85962200
2026-06-22,297.31,302.42,296.76,297.01,44879900
2026-06-23,297.54,301.64,294.18,294.3,52010900
2026-06-24,295.36,299.7,292.94,293.08,53081900
2026-06-25,287.4,288.8,273.75,275.15,107013700
2026-06-26,275,285.95,274.21,283.78,261775500
2026-06-29,286.73,288.37,279.85,281.74,66427000
2026-06-30,281.17,289.94,280.7,289.36,65100200
2026-07-01,293.44,296.59,289.2,294.38,50164200
2026-07-02,294.12,309.42,293.68,308.63,75352800
2026-07-06,307.36,314.2,307,312.66,53590000
2026-07-07,315.29,315.48,310.15,310.66,42490000
2026-07-08,311.91,314.82,307.05,313.39,41323500
2026-07-09,310.51,316.53,308.16,316.22,48124500
2026-07-10,314.72,316.91,312.17,315.32,34132300
2026-07-13,317.02,323.45,315.78,317.31,43257800
2026-07-14,313.76,316.19,311.91,314.86,36336800
2026-07-15,317.62,328.73,317.32,327.5,60957600
2026-07-16,328.01,334.68,326.79,333.26,62970600
2026-07-17,331.98,334.99,329,333.74,63407100
2026-07-20,333.51,333.71,323.68,326.59,53468000
2026-07-21,323.13,329.6,322.22,327.74,41338900
2026-07-22,327.87,329,323.34,325.89,38755900
2026-07-23,321.73,323.3,319.35,321.66,40840800
2026-07-24,321.79,334.37,321.62,333.02,47489400
2026-07-27,334.54,339.57,334.02,336.91,49604300
2026-07-28,340.03,342.89,335.6,340.08,51859000
2026-07-29,339.73,344.57,337.35,338.19,56090800
2026-07-30,333.1,334.75,329.59,333.43,74817800
2026-07-31,304.81,310.69,300,308.91,132489100
2026-08-03,309.58,311.8,302.56,303.42,75052000
2026-08-04,302.73,310.42,301.32,309.38,68001000
2026-08-05,309.36,311.71,305.67,311,49438800
2026-08-06,314.34,316.29,309.23,312.41,46139900
2026-08-07,311.45,314.81,310.74,313.33,34437200
2026-08-10,306.83,308.26,304.61,308.26,44812500
2026-08-11,307.75,309.97,302.79,304.91,37476700
2026-08-12,305.1,305.66,300.57,302.25,41657800
2026-08-13,304.21,306,302.05,305.26,40349300
2026-08-14,306,307.49,304.3,305.93,28229400
2026-08-17,306.21,307.66,302.94,305.59,38169300
2026-08-18,307.58,311.49,305.74,310.03,53424500
2026-08-19,310.14,319.28,309.6,316.83,50505600
2026-08-20,317.46,320.28,310.65,311.3,40959200
2026-08-21,312.05,312.38,307.01,309.35,46876800
2026-08-24,311.47,313.36,309.97,310.34,34673600
2026-08-25,310.79,313.59,308.21,309.9,25869800
2026-08-26,310.3,315.43,308.8,313.45,34024500
2026-08-27,310.55,315.4,309.4,314.58,32419200
2026-08-28,316.85,322.37,315.45,319.7,38649400
2026-08-31,319.6,321.24,312.8,316.85,41242700
2026-09-01,316.98,327.3,314.73,325.13,53167400
2026-09-02,326.87,328.4,323.53,324.96,33776400
2026-09-03,324.87,330.81,324.11,328.21,37225800
2026-09-04,328.31,328.93,317.86,319.97,39606900
2026-09-08,317.1,320.7,314.9,316.22,35477100
2026-09-09,315.49,319.15,309.9,315.34,65640000
2026-09-10,316.67,326.74,316.51,326.57,70011900
2026-09-11,327.45,336.22,326.3,332.27,50716900
2026-09-14,334.79,335.5,331.34,333.08,39269100
2026-09-15,330.14,331.78,328.35,331.34,31748200
2026-09-16,332.53,335.48,330.7,332.41,35920400
